id,file_name,file_index,img_type,time_utc,minute_offsets,episode_id,event_id,event_type,llcrnrlat,llcrnrlon,urcrnrlat,urcrnrlon,proj,size_x,size_y,height_m,width_m,data_min,data_max,pct_missing
R18032505028412,vis/2018/SEVIR_VIS_RANDOMEVENTS_2018_0321_0331.h5,81,vis,2018-03-25 05:00:00,-120:-115:-110:-105:-100:-95:-90:-85:-80:-75:-70:-65:-60:-55:-50:-45:-40:-40:-30:-25:-20:-15:-10:-5:0:5:10:15:20:25:30:35:40:45:50:55:60:65:70:75:80:85:90:95:100:105:110:115:120,,,,46.49681014206306,-108.10169762009716,50.25257373296584,-103.44510084394032,+proj=laea +lat_0=38 +lon_0=-98 +units=m +a=6370997.0 +ellps=sphere ,768.0,768.0,384000.0,384000.0,-0.0032357117161154,0.0047929994761943,0.0
R18032604208304,vis/2018/SEVIR_VIS_RANDOMEVENTS_2018_0321_0331.h5,103,vis,2018-03-26 04:20:00,-120:-115:-110:-105:-100:-95:-90:-85:-80:-75:-70:-65:-60:-55:-50:-45:-40:-35:-30:-25:-20:-15:-10:-5:0:5:10:15:20:25:30:35:40:45:50:55:60:65:70:75:80:85:90:95:100:105:110:115:120,,,,42.14517031626104,-96.38774145804344,45.44101522672052,-91.37878303366377,+proj=laea +lat_0=38 +lon_0=-98 +units=m +a=6370997.0 +ellps=sphere ,768.0,768.0,384000.0,384000.0,-0.0317452512681484,0.0474541969597339,0.0
R18032518307482,vis/2018/SEVIR_VIS_RANDOMEVENTS_2018_0321_0331.h5,134,vis,2018-03-25 18:30:00,-120:-115:-110:-105:-100:-95:-90:-85:-80:-75:-70:-65:-60:-55:-50:-45:-40:-40:-30:-25:-20:-15:-10:-5:0:5:10:15:20:25:30:35:40:45:50:55:60:65:70:75:80:85:90:95:100:105:110:115:120,,,,29.78079953530637,-89.1152915606104,32.81094049224509,-84.66326097840569,+proj=laea +lat_0=38 +lon_0=-98 +units=m +a=6370997.0 +ellps=sphere ,768.0,768.0,384000.0,384000.0,0.0229311641305685,1.0775327682495115,0.0
R18042606357453,ir107/2018/SEVIR_IR107_RANDOMEVENTS_2018_0101_0430.h5,13,ir107,2018-04-26 06:35:00,-120:-115:-110:-105:-100:-95:-90:-85:-80:-75:-70:-65:-60:-55:-50:-45:-40:-35:-30:-25:-20:-15:-10:-5:0:5:10:15:20:25:30:35:40:45:50:55:60:65:70:75:80:85:90:95:100:105:110:115:120,,,,40.36230125468842,-124.04229568886144,44.566963808584944,-120.79346480443294,+proj=laea +lat_0=38 +lon_0=-98 +units=m +a=6370997.0 +ellps=sphere ,192.0,192.0,384000.0,384000.0,-4.500219345092773,14.5928316116333,0.0
R18042606358487,ir107/2018/SEVIR_IR107_RANDOMEVENTS_2018_0101_0430.h5,14,ir107,2018-04-26 06:35:00,-120:-115:-110:-105:-100:-95:-90:-85:-80:-75:-70:-65:-60:-55:-50:-45:-40:-35:-30:-25:-20:-15:-10:-5:0:5:10:15:20:25:30:35:40:45:50:55:60:65:70:75:80:85:90:95:100:105:110:115:120,,,,44.33662233362929,-71.10195138758002,46.35876595370444,-64.63707713574854,+proj=laea +lat_0=38 +lon_0=-98 +units=m +a=6370997.0 +ellps=sphere ,192.0,192.0,384000.0,384000.0,-54.39961242675781,-10.18955135345459,0.0
R18040316407913,ir107/2018/SEVIR_IR107_RANDOMEVENTS_2018_0101_0430.h5,24,ir107,2018-04-03 16:40:00,-120:-115:-110:-105:-100:-95:-90:-85:-80:-75:-70:-65:-60:-55:-50:-45:-40:-35:-30:-25:-20:-15:-10:-5:0:5:10:15:20:25:30:35:40:45:50:55:60:65:70:75:80:85:90:95:100:105:110:115:120,,,,36.90869094579903,-95.3452709098204,40.1704910802104,-90.69351131985994,+proj=laea +lat_0=38 +lon_0=-98 +units=m +a=6370997.0 +ellps=sphere ,192.0,192.0,384000.0,384000.0,-60.19566345214844,20.64076232910156,0.0
R18040316407695,ir107/2018/SEVIR_IR107_RANDOMEVENTS_2018_0101_0430.h5,25,ir107,2018-04-03 16:40:00,-120:-115:-110:-105:-100:-95:-90:-85:-80:-75:-70:-65:-60:-55:-50:-45:-40:-35:-30:-25:-20:-15:-10:-5:0:5:10:15:20:25:30:35:40:45:50:55:60:65:70:75:80:85:90:95:100:105:110:115:120,,,,33.568362424478714,-88.09576214088615,36.53479631370111,-83.3671331777038,+proj=laea +lat_0=38 +lon_0=-98 +units=m +a=6370997.0 +ellps=sphere ,192.0,192.0,384000.0,384000.0,-42.04081726074219,25.97586250305176,0.0
R18040120177909,ir107/2018/SEVIR_IR107_RANDOMEVENTS_2018_0101_0430.h5,38,ir107,2018-04-01 20:15:00,-120:-115:-110:-105:-100:-95:-90:-85:-80:-75:-70:-65:-60:-55:-50:-45:-40:-35:-30:-25:-20:-15:-10:-5:0:5:10:15:20:25:30:35:40:45:50:55:60:65:70:75:80:85:90:95:100:105:110:115:120,,,,36.74845065920364,-93.60952992772177,39.9388141133302,-88.8900875245334,+proj=laea +lat_0=38 +lon_0=-98 +units=m +a=6370997.0 +ellps=sphere ,192.0,192.0,384000.0,384000.0,-58.31712341308594,4.378099441528319,0.0
R18041507307915,ir107/2018/SEVIR_IR107_RANDOMEVENTS_2018_0101_0430.h5,53,ir107,2018-04-15 07:30:00,-120:-115:-110:-105:-100:-95:-90:-85:-80:-75:-70:-65:-60:-55:-50:-45:-40:-35:-30:-25:-20:-15:-10:-5:0:5:10:15:20:25:30:35:40:45:50:55:60:65:70:75:80:85:90:95:100:105:110:115:120,,,,36.84105284687903,-86.67949492305286,39.727257548343104,-81.65040220841767,+proj=laea +lat_0=38 +lon_0=-98 +units=m +a=6370997.0 +ellps=sphere ,192.0,192.0,384000.0,384000.0,-58.2236557006836,6.755091190338135,0.0
R18041208257862,ir107/2018/SEVIR_IR107_RANDOMEVENTS_2018_0101_0430.h5,57,ir107,2018-04-12 08:25:00,-120:-115:-110:-105:-100:-95:-90:-85:-80:-75:-70:-65:-60:-55:-50:-45:-40:-35:-30:-25:-20:-15:-10:-5:0:5:10:15:20:25:30:35:40:45:50:55:60:65:70:75:80:85:90:95:100:105:110:115:120,,,,36.44146118038364,-82.6453243367473,39.14097973763567,-77.48275431156206,+proj=laea +lat_0=38 +lon_0=-98 +units=m +a=6370997.0 +ellps=sphere ,192.0,192.0,384000.0,384000.0,-49.85595703125,5.4837422370910645,0.0
R18041208258383,ir107/2018/SEVIR_IR107_RANDOMEVENTS_2018_0101_0430.h5,58,ir107,2018-04-12 08:25:00,-120:-115:-110:-105:-100:-95:-90:-85:-80:-75:-70:-65:-60:-55:-50:-45:-40:-35:-30:-25:-20:-15:-10:-5:0:5:10:15:20:25:30:35:40:45:50:55:60:65:70:75:80:85:90:95:100:105:110:115:120,,,,42.30760123115543,-87.68813549077541,45.215121055520974,-82.21205144422156,+proj=laea +lat_0=38 +lon_0=-98 +units=m +a=6370997.0 +ellps=sphere ,192.0,192.0,384000.0,384000.0,-51.67324066162109,4.321275234222412,0.0
R18041208258136,ir107/2018/SEVIR_IR107_RANDOMEVENTS_2018_0101_0430.h5,61,ir107,2018-04-12 08:25:00,-120:-115:-110:-105:-100:-95:-90:-85:-80:-75:-70:-65:-60:-55:-50:-45:-40:-35:-30:-25:-20:-15:-10:-5:0:5:10:15:20:25:30:35:40:45:50:55:60:65:70:75:80:85:90:95:100:105:110:115:120,,,,39.59068538050528,-87.00601584822405,42.47841383426579,-81.75730712680864,+proj=laea +lat_0=38 +lon_0=-98 +units=m +a=6370997.0 +ellps=sphere ,192.0,192.0,384000.0,384000.0,-52.02473831176758,8.656047821044924,0.0
R18042306127478,ir107/2018/SEVIR_IR107_RANDOMEVENTS_2018_0101_0430.h5,65,ir107,2018-04-23 06:10:00,-120:-115:-110:-105:-100:-95:-90:-85:-80:-75:-70:-65:-60:-55:-50:-45:-40:-35:-30:-25:-20:-15:-10:-5:0:5:10:15:20:25:30:35:40:45:50:55:60:65:70:75:80:85:90:95:100:105:110:115:120,,,,29.44089169052105,-103.6477148332508,33.02963510770913,-99.75767785828953,+proj=laea +lat_0=38 +lon_0=-98 +units=m +a=6370997.0 +ellps=sphere ,192.0,192.0,384000.0,384000.0,-31.35334777832031,16.354862213134766,0.0
R18041418208112,ir107/2018/SEVIR_IR107_RANDOMEVENTS_2018_0101_0430.h5,83,ir107,2018-04-14 18:20:00,-120:-115:-110:-105:-100:-95:-90:-85:-80:-75:-70:-65:-60:-55:-50:-45:-40:-35:-30:-25:-20:-15:-10:-5:0:5:10:15:20:25:30:35:40:45:50:55:60:65:70:75:80:85:90:95:100:105:110:115:120,,,,39.53197145979072,-93.94073658519882,42.72904158075432,-89.02513204954961,+proj=laea +lat_0=38 +lon_0=-98 +units=m +a=6370997.0 +ellps=sphere ,192.0,192.0,384000.0,384000.0,-54.71119689941406,18.32353782653809,0.0
R18041002458486,ir107/2018/SEVIR_IR107_RANDOMEVENTS_2018_0101_0430.h5,85,ir107,2018-04-10 02:45:00,-120:-115:-110:-105:-100:-95:-90:-85:-80:-75:-70:-65:-60:-55:-50:-45:-40:-35:-30:-25:-20:-15:-10:-5:0:5:10:15:20:25:30:35:40:45:50:55:60:65:70:75:80:85:90:95:100:105:110:115:120,,,,44.07404177982889,-95.92472314948245,47.34808784083786,-90.71223515663776,+proj=laea +lat_0=38 +lon_0=-98 +units=m +a=6370997.0 +ellps=sphere ,192.0,192.0,384000.0,384000.0,-24.422914505004893,-0.5611921548843384,0.0
R18032518307482,ir107/2018/SEVIR_IR107_RANDOMEVENTS_2018_0101_0430.h5,93,ir107,2018-03-25 18:30:00,-120:-115:-110:-105:-100:-95:-90:-85:-80:-75:-70:-65:-60:-55:-50:-45:-40:-35:-30:-25:-20:-15:-10:-5:0:5:10:15:20:25:30:35:40:45:50:55:60:65:70:75:80:85:90:95:100:105:110:115:120,,,,29.78079953530637,-89.1152915606104,32.81094049224509,-84.66326097840569,+proj=laea +lat_0=38 +lon_0=-98 +units=m +a=6370997.0 +ellps=sphere ,192.0,192.0,384000.0,384000.0,-53.40797424316406,26.339094161987305,0.0
R18041110158476,ir107/2018/SEVIR_IR107_RANDOMEVENTS_2018_0101_0430.h5,135,ir107,2018-04-11 10:15:00,-120:-115:-110:-105:-100:-95:-90:-85:-80:-75:-70:-65:-60:-55:-50:-45:-40:-35:-30:-25:-20:-15:-10:-5:0:5:10:15:20:25:30:35:40:45:50:55:60:65:70:75:80:85:90:95:100:105:110:115:120,,,,43.59656179820843,-76.66983605724378,45.93731671796662,-70.533772014835,+proj=laea +lat_0=38 +lon_0=-98 +units=m +a=6370997.0 +ellps=sphere ,192.0,192.0,384000.0,384000.0,-35.18056106567383,-0.9196794629096984,0.0
R18042519108543,ir107/2018/SEVIR_IR107_RANDOMEVENTS_2018_0101_0430.h5,136,ir107,2018-04-25 19:10:00,-120:-115:-110:-105:-100:-95:-90:-85:-80:-75:-70:-65:-60:-55:-50:-45:-40:-35:-30:-25:-20:-15:-10:-5:0:5:10:15:20:25:30:35:40:45:50:55:60:65:70:75:80:85:90:95:100:105:110:115:120,,,,44.1861575084612,-76.62510211009611,46.51930633229976,-70.41454233534904,+proj=laea +lat_0=38 +lon_0=-98 +units=m +a=6370997.0 +ellps=sphere ,192.0,192.0,384000.0,384000.0,-58.9030647277832,1.7364033460617063,0.0
R18042519107729,ir107/2018/SEVIR_IR107_RANDOMEVENTS_2018_0101_0430.h5,140,ir107,2018-04-25 19:10:00,-120:-115:-110:-105:-100:-95:-90:-85:-80:-75:-70:-65:-60:-55:-50:-45:-40:-35:-30:-25:-20:-15:-10:-5:0:5:10:15:20:25:30:35:40:45:50:55:60:65:70:75:80:85:90:95:100:105:110:115:120,,,,35.18482196760681,-78.86214435686699,37.709225485180994,-73.65689879279874,+proj=laea +lat_0=38 +lon_0=-98 +units=m +a=6370997.0 +ellps=sphere ,192.0,192.0,384000.0,384000.0,-56.47480010986328,23.92217063903809,0.0
R18040808207623,ir107/2018/SEVIR_IR107_RANDOMEVENTS_2018_0101_0430.h5,159,ir107,2018-04-08 08:20:00,-120:-115:-110:-105:-100:-95:-90:-85:-80:-75:-70:-65:-60:-55:-50:-45:-40:-35:-30:-25:-20:-15:-10:-5:0:5:10:15:20:25:30:35:40:45:50:55:60:65:70:75:80:85:90:95:100:105:110:115:120,,,,33.39409974860923,-80.61184024001358,36.01784581826668,-75.61197669007419,+proj=laea +lat_0=38 +lon_0=-98 +units=m +a=6370997.0 +ellps=sphere ,192.0,192.0,384000.0,384000.0,-49.81882858276367,13.015379905700684,0.0
R18040619257462,ir107/2018/SEVIR_IR107_RANDOMEVENTS_2018_0101_0430.h5,200,ir107,2018-04-06 19:25:00,-120:-115:-110:-105:-100:-95:-90:-85:-80:-75:-70:-65:-60:-55:-50:-45:-40:-35:-30:-25:-20:-15:-10:-5:0:5:10:15:20:25:30:35:40:45:50:55:60:65:70:75:80:85:90:95:100:105:110:115:120,,,,37.642953942820405,-121.51016213451874,41.77634060213185,-118.18104250587275,+proj=laea +lat_0=38 +lon_0=-98 +units=m +a=6370997.0 +ellps=sphere ,192.0,192.0,384000.0,384000.0,-60.09931182861328,21.24553108215332,0.0
R18040810577885,ir107/2018/SEVIR_IR107_RANDOMEVENTS_2018_0101_0430.h5,210,ir107,2018-04-08 10:55:00,-120:-115:-110:-105:-100:-95:-90:-85:-80:-75:-70:-65:-60:-55:-50:-45:-40:-35:-30:-25:-25:-15:-10:-5:0:5:10:15:20:25:30:35:40:45:50:55:60:65:70:75:80:85:90:95:100:100:100:115:120,,,,36.8798476624471,-99.07930911568384,40.29051467648315,-94.60402944271442,+proj=laea +lat_0=38 +lon_0=-98 +units=m +a=6370997.0 +ellps=sphere ,192.0,192.0,384000.0,384000.0,-55.324180603027344,-3.466366767883301,0.0
R18042621228714,ir107/2018/SEVIR_IR107_RANDOMEVENTS_2018_0101_0430.h5,233,ir107,2018-04-26 21:20:00,-120:-115:-110:-105:-100:-95:-90:-85:-80:-75:-70:-65:-60:-55:-50:-45:-40:-35:-30:-25:-20:-15:-10:-5:0:5:10:15:20:25:30:35:40:45:50:55:60:65:70:75:80:85:90:95:100:105:110:115:120,,,,45.622459948268784,-90.27526900453564,48.63970314880248,-84.57765478585361,+proj=laea +lat_0=38 +lon_0=-98 +units=m +a=6370997.0 +ellps=sphere ,192.0,192.0,384000.0,384000.0,-42.07798385620117,16.248432159423828,0.0
R18041616007708,ir107/2018/SEVIR_IR107_RANDOMEVENTS_2018_0101_0430.h5,262,ir107,2018-04-16 16:00:00,-120:-115:-110:-105:-100:-95:-90:-85:-80:-75:-70:-65:-60:-55:-50:-45:-40:-35:-30:-25:-20:-15:-10:-5:0:5:10:15:20:25:30:35:40:45:50:55:60:65:70:75:80:85:90:95:100:105:110:115:120,,,,33.587774980285246,-92.53724146476978,36.74387065075776,-87.98523555019375,+proj=laea +lat_0=38 +lon_0=-98 +units=m +a=6370997.0 +ellps=sphere ,192.0,192.0,384000.0,384000.0,-14.8128080368042,22.385913848876957,0.0
R18041616008105,ir107/2018/SEVIR_IR107_RANDOMEVENTS_2018_0101_0430.h5,268,ir107,2018-04-16 16:00:00,-120:-115:-110:-105:-100:-95:-90:-85:-80:-75:-70:-65:-60:-55:-50:-45:-40:-35:-30:-25:-20:-15:-10:-5:0:5:10:15:20:25:30:35:40:45:50:55:60:65:70:75:80:85:90:95:100:105:110:115:120,,,,40.06769479420386,-76.07513023497151,42.40781931629041,-70.30993561467649,+proj=laea +lat_0=38 +lon_0=-98 +units=m +a=6370997.0 +ellps=sphere ,192.0,192.0,384000.0,384000.0,-54.56554412841797,19.4843692779541,0.0
R18041303577708,ir107/2018/SEVIR_IR107_RANDOMEVENTS_2018_0101_0430.h5,285,ir107,2018-04-13 03:55:00,-120:-115:-110:-105:-100:-95:-90:-85:-80:-75:-70:-65:-60:-55:-50:-45:-40:-35:-30:-25:-20:-15:-10:-5:0:5:10:15:20:25:30:35:40:45:50:55:60:65:70:75:80:85:90:95:100:105:110:115:120,,,,40.33248243704898,-117.12659711953071,44.35654464962495,-113.44181395678063,+proj=laea +lat_0=38 +lon_0=-98 +units=m +a=6370997.0 +ellps=sphere ,192.0,192.0,384000.0,384000.0,-52.77151489257813,1.9623591899871824,0.0612244897959183
R18041303578045,ir107/2018/SEVIR_IR107_RANDOMEVENTS_2018_0101_0430.h5,286,ir107,2018-04-13 03:55:00,-120:-115:-110:-105:-100:-95:-90:-85:-80:-75:-70:-65:-60:-55:-50:-45:-40:-35:-30:-25:-20:-15:-10:-5:0:5:10:15:20:25:30:35:40:45:50:55:60:65:70:75:80:85:90:95:100:105:110:115:120,,,,38.543616217431136,-85.47071731572477,41.36473185247739,-80.2467405261868,+proj=laea +lat_0=38 +lon_0=-98 +units=m +a=6370997.0 +ellps=sphere ,192.0,192.0,384000.0,384000.0,-54.77126693725586,15.495916366577148,0.0408163265306122
R18041303578448,ir107/2018/SEVIR_IR107_RANDOMEVENTS_2018_0101_0430.h5,287,ir107,2018-04-13 03:55:00,-120:-115:-110:-105:-100:-95:-90:-85:-80:-75:-70:-65:-60:-55:-50:-45:-40:-35:-30:-25:-20:-15:-10:-5:0:5:10:15:20:25:30:35:40:45:50:55:60:65:70:75:80:85:90:95:100:105:110:115:120,,,,43.75033835341716,-73.01275061072043,45.88767572119085,-66.70140680559504,+proj=laea +lat_0=38 +lon_0=-98 +units=m +a=6370997.0 +ellps=sphere ,192.0,192.0,384000.0,384000.0,-73.89993286132812,20.096736907958984,0.0865126975269274
R18042320307827,ir107/2018/SEVIR_IR107_RANDOMEVENTS_2018_0101_0430.h5,293,ir107,2018-04-23 20:30:00,-120:-115:-110:-105:-100:-95:-90:-85:-80:-75:-70:-65:-60:-55:-50:-45:-40:-35:-30:-25:-20:-15:-10:-5:0:5:10:15:20:25:30:35:40:45:50:55:60:65:70:75:80:85:90:95:100:105:110:115:120,,,,36.06026525415911,-81.97346403869147,38.730087351194896,-76.8156983132114,+proj=laea +lat_0=38 +lon_0=-98 +units=m +a=6370997.0 +ellps=sphere ,192.0,192.0,384000.0,384000.0,-58.95722961425781,19.361310958862305,0.0
R18041909127741,ir107/2018/SEVIR_IR107_RANDOMEVENTS_2018_0101_0430.h5,305,ir107,2018-04-19 09:10:00,-120:-115:-110:-105:-100:-95:-90:-85:-80:-75:-70:-65:-60:-55:-50:-45:-40:-35:-30:-25:-20:-15:-10:-5:0:5:10:15:20:25:30:35:40:45:50:55:60:65:70:75:80:85:90:95:100:105:110:115:120,,,,36.00130401955839,-106.94408678440418,39.69850018429204,-102.90014517290264,+proj=laea +lat_0=38 +lon_0=-98 +units=m +a=6370997.0 +ellps=sphere ,192.0,192.0,384000.0,384000.0,-38.41826248168945,5.080787181854248,0.0
R18041909127296,ir107/2018/SEVIR_IR107_RANDOMEVENTS_2018_0101_0430.h5,307,ir107,2018-04-19 09:10:00,-120:-115:-110:-105:-100:-95:-90:-85:-80:-75:-70:-65:-60:-55:-50:-45:-40:-35:-30:-25:-20:-15:-10:-5:0:5:10:15:20:25:30:35:40:45:50:55:60:65:70:75:80:85:90:95:100:105:110:115:120,,,,31.99661677774941,-122.37414405407586,36.13921186905555,-119.22053687451508,+proj=laea +lat_0=38 +lon_0=-98 +units=m +a=6370997.0 +ellps=sphere ,192.0,192.0,384000.0,384000.0,-41.71088790893555,10.902169227600098,0.0533854166666666
R18041909128164,ir107/2018/SEVIR_IR107_RANDOMEVENTS_2018_0101_0430.h5,308,ir107,2018-04-19 09:10:00,-120:-115:-110:-105:-100:-95:-90:-85:-80:-75:-70:-65:-60:-55:-50:-45:-40:-35:-30:-25:-20:-15:-10:-5:0:5:10:15:20:25:30:35:40:45:50:55:60:65:70:75:80:85:90:95:100:105:110:115:120,,,,40.47837386704712,-77.76809388497986,42.90401004562013,-72.02952185728019,+proj=laea +lat_0=38 +lon_0=-98 +units=m +a=6370997.0 +ellps=sphere ,192.0,192.0,384000.0,384000.0,-45.77064514160156,6.014077663421631,0.0
R18032604208304,ir107/2018/SEVIR_IR107_RANDOMEVENTS_2018_0101_0430.h5,316,ir107,2018-03-26 04:20:00,-120:-115:-110:-105:-100:-95:-90:-85:-80:-75:-70:-65:-60:-55:-50:-45:-40:-35:-30:-25:-20:-15:-10:-5:0:5:10:15:20:25:30:35:40:45:50:55:60:65:70:75:80:85:90:95:100:105:110:115:120,,,,42.14517031626104,-96.38774145804344,45.44101522672052,-91.37878303366377,+proj=laea +lat_0=38 +lon_0=-98 +units=m +a=6370997.0 +ellps=sphere ,192.0,192.0,384000.0,384000.0,-56.24410629272461,-1.5643912553787231,0.0
R18040320157810,ir107/2018/SEVIR_IR107_RANDOMEVENTS_2018_0101_0430.h5,331,ir107,2018-04-03 20:15:00,-120:-115:-110:-105:-100:-95:-90:-85:-80:-75:-70:-65:-60:-55:-50:-45:-40:-35:-30:-25:-20:-15:-10:-5:0:5:10:15:20:25:30:35:40:45:50:55:60:65:70:75:80:85:90:95:100:105:110:115:120,,,,37.41940616470208,-107.261265141088,41.1282903855259,-103.1597679347592,+proj=laea +lat_0=38 +lon_0=-98 +units=m +a=6370997.0 +ellps=sphere ,192.0,192.0,384000.0,384000.0,-26.82272720336914,31.62467193603516,0.0
R18042420578192,ir107/2018/SEVIR_IR107_RANDOMEVENTS_2018_0101_0430.h5,342,ir107,2018-04-24 20:55:00,-120:-115:-110:-105:-100:-95:-90:-85:-80:-75:-70:-65:-60:-55:-50:-45:-40:-35:-30:-25:-20:-15:-10:-5:0:5:10:15:20:25:30:35:40:45:50:55:60:65:70:75:80:85:90:95:100:105:110:115:120,,,,41.39207301485826,-100.02527221449174,44.83651403547141,-95.27758477007912,+proj=laea +lat_0=38 +lon_0=-98 +units=m +a=6370997.0 +ellps=sphere ,192.0,192.0,384000.0,384000.0,-52.43767929077149,26.54703140258789,0.0
R18042519107609,ir107/2018/SEVIR_IR107_RANDOMEVENTS_2018_0101_0430.h5,350,ir107,2018-04-25 19:10:00,-120:-115:-110:-105:-100:-95:-90:-85:-80:-75:-70:-65:-60:-55:-50:-45:-40:-35:-30:-25:-20:-15:-10:-5:0:5:10:15:20:25:30:35:40:45:50:55:60:65:70:75:80:85:90:95:100:105:110:115:120,,,,33.317476391305085,-79.83440257671515,35.904391543775866,-74.81202581098545,+proj=laea +lat_0=38 +lon_0=-98 +units=m +a=6370997.0 +ellps=sphere ,192.0,192.0,384000.0,384000.0,-49.51598739624024,24.73455810546875,0.0
R18041421277110,ir107/2018/SEVIR_IR107_RANDOMEVENTS_2018_0101_0430.h5,360,ir107,2018-04-14 21:25:00,-120:-115:-110:-105:-100:-95:-90:-85:-80:-75:-70:-65:-60:-55:-50:-45:-40:-35:-30:-25:-20:-15:-10:-5:0:5:10:15:20:25:30:35:40:45:50:55:60:65:70:75:80:85:90:95:100:105:110:115:120,,,,23.347350512537307,-82.50670960971217,26.13782577894261,-78.18718065841134,+proj=laea +lat_0=38 +lon_0=-98 +units=m +a=6370997.0 +ellps=sphere ,192.0,192.0,384000.0,384000.0,-49.11991882324219,38.49588394165039,0.0
R18041421277511,ir107/2018/SEVIR_IR107_RANDOMEVENTS_2018_0101_0430.h5,367,ir107,2018-04-14 21:25:00,-120:-115:-110:-105:-100:-95:-90:-85:-80:-75:-70:-65:-60:-55:-50:-45:-40:-35:-30:-25:-20:-15:-10:-5:0:5:10:15:20:25:30:35:40:45:50:55:60:65:70:75:80:85:90:95:100:105:110:115:120,,,,30.14980794183873,-90.86282977632447,33.251149096181976,-86.45295460970921,+proj=laea +lat_0=38 +lon_0=-98 +units=m +a=6370997.0 +ellps=sphere ,192.0,192.0,384000.0,384000.0,-77.04447174072266,15.45905590057373,0.0
R18040619257612,ir107/2018/SEVIR_IR107_RANDOMEVENTS_2018_0101_0430.h5,368,ir107,2018-04-06 19:25:00,-120:-115:-110:-105:-100:-95:-90:-85:-80:-75:-70:-65:-60:-55:-50:-45:-40:-35:-30:-25:-20:-15:-10:-5:0:5:10:15:20:25:30:35:40:45:50:55:60:65:70:75:80:85:90:95:100:105:110:115:120,,,,32.10577040414681,-89.53419055168267,35.14178334360492,-84.95741453729198,+proj=laea +lat_0=38 +lon_0=-98 +units=m +a=6370997.0 +ellps=sphere ,192.0,192.0,384000.0,384000.0,-69.40235900878906,25.70456886291504,0.0
R18041819478253,ir107/2018/SEVIR_IR107_RANDOMEVENTS_2018_0101_0430.h5,372,ir107,2018-04-18 19:45:00,-120:-115:-110:-105:-100:-95:-90:-85:-80:-75:-70:-65:-60:-55:-50:-45:-40:-35:-30:-25:-20:-15:-10:-5:0:5:10:15:20:25:30:35:40:45:50:55:60:65:70:75:80:85:90:95:100:105:110:115:120,,,,41.72411959877704,-74.83679921463062,43.98249366196219,-68.84198179916517,+proj=laea +lat_0=38 +lon_0=-98 +units=m +a=6370997.0 +ellps=sphere ,192.0,192.0,384000.0,384000.0,-25.953044891357425,18.46664428710937,0.0
R18041819477467,ir107/2018/SEVIR_IR107_RANDOMEVENTS_2018_0101_0430.h5,373,ir107,2018-04-18 19:45:00,-120:-115:-110:-105:-100:-95:-90:-85:-80:-75:-70:-65:-60:-55:-50:-45:-40:-35:-30:-25:-20:-15:-10:-5:0:5:10:15:20:25:30:35:40:45:50:55:60:65:70:75:80:85:90:95:100:105:110:115:120,,,,29.40673724704759,-89.895638433789,32.471609147484685,-85.49279910325487,+proj=laea +lat_0=38 +lon_0=-98 +units=m +a=6370997.0 +ellps=sphere ,192.0,192.0,384000.0,384000.0,-35.360355377197266,32.84603881835937,0.0
R18041819478317,ir107/2018/SEVIR_IR107_RANDOMEVENTS_2018_0101_0430.h5,375,ir107,2018-04-18 19:45:00,-120:-115:-110:-105:-100:-95:-90:-85:-80:-75:-70:-65:-60:-55:-50:-45:-40:-35:-30:-25:-20:-15:-10:-5:0:5:10:15:20:25:30:35:40:45:50:55:60:65:70:75:80:85:90:95:100:105:110:115:120,,,,41.65184887127271,-89.23522981245598,44.63412002627658,-83.90047907542022,+proj=laea +lat_0=38 +lon_0=-98 +units=m +a=6370997.0 +ellps=sphere ,192.0,192.0,384000.0,384000.0,-50.63590621948242,14.317599296569824,0.0
R18042502277784,ir107/2018/SEVIR_IR107_RANDOMEVENTS_2018_0101_0430.h5,380,ir107,2018-04-25 02:25:00,-120:-115:-110:-105:-100:-95:-90:-85:-80:-75:-70:-65:-60:-55:-50:-45:-40:-35:-30:-25:-20:-15:-10:-5:0:5:10:15:20:25:30:35:40:45:50:55:60:65:70:75:80:85:90:95:100:105:110:115:120,,,,35.40009384847278,-82.65013411995163,38.1067721471905,-77.57238787323764,+proj=laea +lat_0=38 +lon_0=-98 +units=m +a=6370997.0 +ellps=sphere ,192.0,192.0,384000.0,384000.0,-56.64826583862305,14.526175498962402,0.0
R18040509407356,ir107/2018/SEVIR_IR107_RANDOMEVENTS_2018_0101_0430.h5,392,ir107,2018-04-05 09:40:00,-120:-115:-110:-105:-100:-95:-90:-85:-80:-75:-70:-65:-60:-55:-50:-45:-40:-35:-30:-25:-20:-15:-10:-5:0:5:10:15:20:25:30:35:40:45:50:55:60:65:70:75:80:85:90:95:100:105:110:115:120,,,,36.034024251622206,-123.42273028182078,40.2100739203398,-120.2422623147552,+proj=laea +lat_0=38 +lon_0=-98 +units=m +a=6370997.0 +ellps=sphere ,192.0,192.0,384000.0,384000.0,-69.05875396728516,8.876209259033203,0.0
R18041306058506,ir107/2018/SEVIR_IR107_RANDOMEVENTS_2018_0101_0430.h5,406,ir107,2018-04-13 06:05:00,-120:-115:-110:-105:-100:-95:-90:-85:-80:-75:-70:-65:-60:-55:-50:-45:-40:-35:-30:-25:-20:-15:-10:-5:0:5:10:15:20:25:30:35:40:45:50:55:60:65:70:75:80:85:90:95:100:105:110:115:120,,,,44.59831010101619,-70.43726687804829,46.5789879375529,-63.91106321529429,+proj=laea +lat_0=38 +lon_0=-98 +units=m +a=6370997.0 +ellps=sphere ,192.0,192.0,384000.0,384000.0,-63.41971206665039,2.504605293273926,0.0975189554988662
R18041306057863,ir107/2018/SEVIR_IR107_RANDOMEVENTS_2018_0101_0430.h5,409,ir107,2018-04-13 06:05:00,-120:-115:-110:-105:-100:-95:-90:-85:-80:-75:-70:-65:-60:-55:-50:-45:-40:-35:-30:-25:-20:-15:-10:-5:0:5:10:15:20:25:30:35:40:45:50:55:60:65:70:75:80:85:90:95:100:105:110:115:120,,,,38.16260334714021,-106.61875155626656,41.850022871755264,-102.4429051457434,+proj=laea +lat_0=38 +lon_0=-98 +units=m +a=6370997.0 +ellps=sphere ,192.0,192.0,384000.0,384000.0,-56.42779922485352,10.666033744812012,0.0408179873511904
R18041521007813,ir107/2018/SEVIR_IR107_RANDOMEVENTS_2018_0101_0430.h5,417,ir107,2018-04-15 21:00:00,-120:-115:-110:-105:-100:-95:-90:-85:-80:-75:-70:-65:-60:-55:-50:-45:-40:-35:-30:-25:-20:-15:-10:-5:0:5:10:15:20:25:30:35:40:45:50:55:60:65:70:75:80:85:90:95:100:105:110:115:120,,,,35.78235998095005,-82.80006356108024,38.49362361597533,-77.69760220645873,+proj=laea +lat_0=38 +lon_0=-98 +units=m +a=6370997.0 +ellps=sphere ,192.0,192.0,384000.0,384000.0,-65.04914855957031,8.865852355957031,0.0
R18040309058342,ir107/2018/SEVIR_IR107_RANDOMEVENTS_2018_0101_0430.h5,448,ir107,2018-04-03 09:05:00,-120:-115:-110:-105:-100:-95:-90:-85:-80:-75:-70:-65:-60:-55:-50:-45:-40:-35:-30:-25:-20:-15:-10:-5:0:5:10:15:20:25:30:35:40:45:50:55:60:65:70:75:80:85:90:95:100:105:110:115:120,,,,42.37908127946027,-94.95782674860092,45.613950198765146,-89.8506787922522,+proj=laea +lat_0=38 +lon_0=-98 +units=m +a=6370997.0 +ellps=sphere ,192.0,192.0,384000.0,384000.0,-54.35531997680664,-2.2098567485809326,0.0
R18041303158282,ir107/2018/SEVIR_IR107_RANDOMEVENTS_2018_0101_0430.h5,486,ir107,2018-04-13 03:15:00,-120:-115:-110:-105:-100:-95:-90:-85:-80:-75:-70:-65:-60:-55:-50:-45:-40:-35:-30:-25:-20:-15:-10:-5:0:5:10:15:20:25:30:35:40:45:50:55:60:65:70:75:80:85:90:95:100:105:110:115:120,,,,41.23590006665632,-85.87590555809395,44.06224710012965,-80.41957254997811,+proj=laea +lat_0=38 +lon_0=-98 +units=m +a=6370997.0 +ellps=sphere ,192.0,192.0,384000.0,384000.0,-55.23004531860352,11.630346298217772,0.0577384274022108
R18041303157359,ir107/2018/SEVIR_IR107_RANDOMEVENTS_2018_0101_0430.h5,489,ir107,2018-04-13 03:15:00,-120:-115:-110:-105:-100:-95:-90:-85:-80:-75:-70:-65:-60:-55:-50:-45:-40:-35:-30:-25:-20:-15:-10:-5:0:5:10:15:20:25:30:35:40:45:50:55:60:65:70:75:80:85:90:95:100:105:110:115:120,,,,30.54036537290114,-117.706563484863,34.56140752389381,-114.36767601410835,+proj=laea +lat_0=38 +lon_0=-98 +units=m +a=6370997.0 +ellps=sphere ,192.0,192.0,384000.0,384000.0,-46.15872573852539,24.51856231689453,0.0
R18041303158449,ir107/2018/SEVIR_IR107_RANDOMEVENTS_2018_0101_0430.h5,490,ir107,2018-04-13 03:15:00,-120:-115:-110:-105:-100:-95:-90:-85:-80:-75:-70:-65:-60:-55:-50:-45:-40:-35:-30:-25:-20:-15:-10:-5:0:5:10:15:20:25:30:35:40:45:50:55:60:65:70:75:80:85:90:95:100:105:110:115:120,,,,43.66188961448887,-73.81084528720703,45.84486077184023,-67.5438784457193,+proj=laea +lat_0=38 +lon_0=-98 +units=m +a=6370997.0 +ellps=sphere ,192.0,192.0,384000.0,384000.0,-55.67805099487305,3.80584716796875,0.0813613857001133
R18032505028412,ir107/2018/SEVIR_IR107_RANDOMEVENTS_2018_0101_0430.h5,503,ir107,2018-03-25 05:00:00,-120:-115:-110:-105:-100:-95:-90:-85:-80:-75:-70:-65:-60:-55:-50:-45:-40:-35:-30:-25:-20:-15:-10:-5:0:5:10:15:20:25:30:35:40:45:50:55:60:65:70:75:80:85:90:95:100:105:110:115:120,,,,46.49681014206306,-108.10169762009716,50.25257373296584,-103.44510084394032,+proj=laea +lat_0=38 +lon_0=-98 +units=m +a=6370997.0 +ellps=sphere ,192.0,192.0,384000.0,384000.0,-54.4239730834961,-1.087687373161316,0.0
R18042220007935,ir107/2018/SEVIR_IR107_RANDOMEVENTS_2018_0101_0430.h5,512,ir107,2018-04-22 20:00:00,-120:-115:-110:-105:-100:-95:-90:-85:-80:-75:-70:-65:-60:-55:-50:-45:-40:-35:-30:-25:-20:-15:-10:-5:0:5:10:15:20:25:30:35:40:45:50:55:60:65:70:75:80:85:90:95:100:105:110:115:120,,,,37.0352822581516,-90.70074855340616,40.10039018819041,-85.83027284876489,+proj=laea +lat_0=38 +lon_0=-98 +units=m +a=6370997.0 +ellps=sphere ,192.0,192.0,384000.0,384000.0,-58.29937744140625,21.63473129272461,0.0
R18040706057687,ir107/2018/SEVIR_IR107_RANDOMEVENTS_2018_0101_0430.h5,518,ir107,2018-04-07 06:05:00,-120:-115:-110:-105:-100:-95:-90:-85:-80:-75:-70:-65:-60:-55:-50:-45:-40:-35:-30:-25:-20:-15:-10:-5:0:5:10:15:20:25:30:35:40:45:50:55:60:65:70:75:80:85:90:95:100:105:110:115:120,,,,45.61629149432232,-123.25256988826592,49.82563932085817,-119.77401187735856,+proj=laea +lat_0=38 +lon_0=-98 +units=m +a=6370997.0 +ellps=sphere ,192.0,192.0,384000.0,384000.0,-58.00728225708008,7.086008071899414,0.0408163265306122
R18041318078310,ir107/2018/SEVIR_IR107_RANDOMEVENTS_2018_0101_0430.h5,538,ir107,2018-04-13 18:05:00,-120:-115:-110:-105:-100:-95:-90:-85:-80:-75:-70:-65:-60:-55:-50:-45:-40:-35:-30:-25:-20:-15:-10:-5:0:5:10:15:20:25:30:35:40:45:50:55:60:65:70:75:80:85:90:95:100:105:110:115:120,,,,42.9997876534589,-100.67866839589324,46.47015316715175,-95.83804704363254,+proj=laea +lat_0=38 +lon_0=-98 +units=m +a=6370997.0 +ellps=sphere ,192.0,192.0,384000.0,384000.0,-66.96766662597656,4.72188138961792,0.0
R18042606357453,ir069/2018/SEVIR_IR069_RANDOMEVENTS_2018_0101_0430.h5,13,ir069,2018-04-26 06:35:00,-120:-115:-110:-105:-100:-95:-90:-85:-80:-75:-70:-65:-60:-55:-50:-45:-40:-35:-30:-25:-20:-15:-10:-5:0:5:10:15:20:25:30:35:40:45:50:55:60:65:70:75:80:85:90:95:100:105:110:115:120,,,,40.36230125468842,-124.04229568886144,44.566963808584944,-120.79346480443294,+proj=laea +lat_0=38 +lon_0=-98 +units=m +a=6370997.0 +ellps=sphere ,192.0,192.0,384000.0,384000.0,-34.37729263305664,-25.032642364501957,0.0
R18042606358487,ir069/2018/SEVIR_IR069_RANDOMEVENTS_2018_0101_0430.h5,14,ir069,2018-04-26 06:35:00,-120:-115:-110:-105:-100:-95:-90:-85:-80:-75:-70:-65:-60:-55:-50:-45:-40:-35:-30:-25:-20:-15:-10:-5:0:5:10:15:20:25:30:35:40:45:50:55:60:65:70:75:80:85:90:95:100:105:110:115:120,,,,44.33662233362929,-71.10195138758002,46.35876595370444,-64.63707713574854,+proj=laea +lat_0=38 +lon_0=-98 +units=m +a=6370997.0 +ellps=sphere ,192.0,192.0,384000.0,384000.0,-56.37369155883789,-35.28448867797852,0.0
R18040316407913,ir069/2018/SEVIR_IR069_RANDOMEVENTS_2018_0101_0430.h5,24,ir069,2018-04-03 16:40:00,-120:-115:-110:-105:-100:-95:-90:-85:-80:-75:-70:-65:-60:-55:-50:-45:-40:-35:-30:-25:-20:-15:-10:-5:0:5:10:15:20:25:30:35:40:45:50:55:60:65:70:75:80:85:90:95:100:105:110:115:120,,,,36.90869094579903,-95.3452709098204,40.1704910802104,-90.69351131985994,+proj=laea +lat_0=38 +lon_0=-98 +units=m +a=6370997.0 +ellps=sphere ,192.0,192.0,384000.0,384000.0,-63.77928924560547,-24.70543670654297,0.0
R18040316407695,ir069/2018/SEVIR_IR069_RANDOMEVENTS_2018_0101_0430.h5,25,ir069,2018-04-03 16:40:00,-120:-115:-110:-105:-100:-95:-90:-85:-80:-75:-70:-65:-60:-55:-50:-45:-40:-35:-30:-25:-20:-15:-10:-5:0:5:10:15:20:25:30:35:40:45:50:55:60:65:70:75:80:85:90:95:100:105:110:115:120,,,,33.568362424478714,-88.09576214088615,36.53479631370111,-83.3671331777038,+proj=laea +lat_0=38 +lon_0=-98 +units=m +a=6370997.0 +ellps=sphere ,192.0,192.0,384000.0,384000.0,-45.75497436523438,-24.62893104553223,0.0
R18040120177909,ir069/2018/SEVIR_IR069_RANDOMEVENTS_2018_0101_0430.h5,38,ir069,2018-04-01 20:15:00,-120:-115:-110:-105:-100:-95:-90:-85:-80:-75:-70:-65:-60:-55:-50:-45:-40:-35:-30:-25:-20:-15:-10:-5:0:5:10:15:20:25:30:35:40:45:50:55:60:65:70:75:80:85:90:95:100:105:110:115:120,,,,36.74845065920364,-93.60952992772177,39.9388141133302,-88.8900875245334,+proj=laea +lat_0=38 +lon_0=-98 +units=m +a=6370997.0 +ellps=sphere ,192.0,192.0,384000.0,384000.0,-60.453125,-31.34721374511719,0.0
R18041507307915,ir069/2018/SEVIR_IR069_RANDOMEVENTS_2018_0101_0430.h5,53,ir069,2018-04-15 07:30:00,-120:-115:-110:-105:-100:-95:-90:-85:-80:-75:-70:-65:-60:-55:-50:-45:-40:-35:-30:-25:-20:-15:-10:-5:0:5:10:15:20:25:30:35:40:45:50:55:60:65:70:75:80:85:90:95:100:105:110:115:120,,,,36.84105284687903,-86.67949492305286,39.727257548343104,-81.65040220841767,+proj=laea +lat_0=38 +lon_0=-98 +units=m +a=6370997.0 +ellps=sphere ,192.0,192.0,384000.0,384000.0,-59.82230758666992,-32.20543670654297,0.0
R18041208257862,ir069/2018/SEVIR_IR069_RANDOMEVENTS_2018_0101_0430.h5,57,ir069,2018-04-12 08:25:00,-120:-115:-110:-105:-100:-95:-90:-85:-80:-75:-70:-65:-60:-55:-50:-45:-40:-35:-30:-25:-20:-15:-10:-5:0:5:10:15:20:25:30:35:40:45:50:55:60:65:70:75:80:85:90:95:100:105:110:115:120,,,,36.44146118038364,-82.6453243367473,39.14097973763567,-77.48275431156206,+proj=laea +lat_0=38 +lon_0=-98 +units=m +a=6370997.0 +ellps=sphere ,192.0,192.0,384000.0,384000.0,-52.64094543457031,-28.31326103210449,0.0
R18041208258383,ir069/2018/SEVIR_IR069_RANDOMEVENTS_2018_0101_0430.h5,58,ir069,2018-04-12 08:25:00,-120:-115:-110:-105:-100:-95:-90:-85:-80:-75:-70:-65:-60:-55:-50:-45:-40:-35:-30:-25:-20:-15:-10:-5:0:5:10:15:20:25:30:35:40:45:50:55:60:65:70:75:80:85:90:95:100:105:110:115:120,,,,42.30760123115543,-87.68813549077541,45.215121055520974,-82.21205144422156,+proj=laea +lat_0=38 +lon_0=-98 +units=m +a=6370997.0 +ellps=sphere ,192.0,192.0,384000.0,384000.0,-53.60002517700195,-25.28788375854492,0.0
R18041208258136,ir069/2018/SEVIR_IR069_RANDOMEVENTS_2018_0101_0430.h5,61,ir069,2018-04-12 08:25:00,-120:-115:-110:-105:-100:-95:-90:-85:-80:-75:-70:-65:-60:-55:-50:-45:-40:-35:-30:-25:-20:-15:-10:-5:0:5:10:15:20:25:30:35:40:45:50:55:60:65:70:75:80:85:90:95:100:105:110:115:120,,,,39.59068538050528,-87.00601584822405,42.47841383426579,-81.75730712680864,+proj=laea +lat_0=38 +lon_0=-98 +units=m +a=6370997.0 +ellps=sphere ,192.0,192.0,384000.0,384000.0,-53.67024230957031,-25.01959991455078,0.0
R18042306127478,ir069/2018/SEVIR_IR069_RANDOMEVENTS_2018_0101_0430.h5,65,ir069,2018-04-23 06:10:00,-120:-115:-110:-105:-100:-95:-90:-85:-80:-75:-70:-65:-60:-55:-50:-45:-40:-35:-30:-25:-20:-15:-10:-5:0:5:10:15:20:25:30:35:40:45:50:55:60:65:70:75:80:85:90:95:100:105:110:115:120,,,,29.44089169052105,-103.6477148332508,33.02963510770913,-99.75767785828953,+proj=laea +lat_0=38 +lon_0=-98 +units=m +a=6370997.0 +ellps=sphere ,192.0,192.0,384000.0,384000.0,-39.85776519775391,-20.90312767028809,0.0
R18041418208112,ir069/2018/SEVIR_IR069_RANDOMEVENTS_2018_0101_0430.h5,83,ir069,2018-04-14 18:20:00,-120:-115:-110:-105:-100:-95:-90:-85:-80:-75:-70:-65:-60:-55:-50:-45:-40:-35:-30:-25:-20:-15:-10:-5:0:5:10:15:20:25:30:35:40:45:50:55:60:65:70:75:80:85:90:95:100:105:110:115:120,,,,39.53197145979072,-93.94073658519882,42.72904158075432,-89.02513204954961,+proj=laea +lat_0=38 +lon_0=-98 +units=m +a=6370997.0 +ellps=sphere ,192.0,192.0,384000.0,384000.0,-56.614295959472656,-20.266712188720703,0.0
R18041002458486,ir069/2018/SEVIR_IR069_RANDOMEVENTS_2018_0101_0430.h5,85,ir069,2018-04-10 02:45:00,-120:-115:-110:-105:-100:-95:-90:-85:-80:-75:-70:-65:-60:-60:-50:-45:-40:-35:-30:-25:-20:-15:-10:-5:0:5:10:15:20:25:30:35:40:45:50:55:60:65:70:75:80:85:90:95:100:105:110:115:120,,,,44.07404177982889,-95.92472314948245,47.34808784083786,-90.71223515663776,+proj=laea +lat_0=38 +lon_0=-98 +units=m +a=6370997.0 +ellps=sphere ,192.0,192.0,384000.0,384000.0,-38.23599243164063,-29.42145919799805,0.0
R18032518307482,ir069/2018/SEVIR_IR069_RANDOMEVENTS_2018_0101_0430.h5,93,ir069,2018-03-25 18:30:00,-120:-115:-110:-105:-100:-95:-90:-85:-80:-75:-70:-65:-60:-55:-50:-45:-40:-35:-30:-25:-20:-15:-10:-5:0:5:10:15:20:25:30:35:40:45:50:55:60:65:70:75:80:85:90:95:100:105:110:115:120,,,,29.78079953530637,-89.1152915606104,32.81094049224509,-84.66326097840569,+proj=laea +lat_0=38 +lon_0=-98 +units=m +a=6370997.0 +ellps=sphere ,192.0,192.0,384000.0,384000.0,-57.91641235351562,-22.87296295166016,0.0
R18041110158476,ir069/2018/SEVIR_IR069_RANDOMEVENTS_2018_0101_0430.h5,135,ir069,2018-04-11 10:15:00,-120:-115:-110:-105:-100:-95:-90:-85:-80:-75:-70:-65:-60:-55:-50:-45:-40:-35:-30:-25:-20:-15:-10:-5:0:5:10:15:20:25:30:35:40:45:50:55:60:65:70:75:80:85:90:95:100:105:110:115:120,,,,43.59656179820843,-76.66983605724378,45.93731671796662,-70.533772014835,+proj=laea +lat_0=38 +lon_0=-98 +units=m +a=6370997.0 +ellps=sphere ,192.0,192.0,384000.0,384000.0,-45.72576141357422,-29.91234016418457,0.0
R18042519108543,ir069/2018/SEVIR_IR069_RANDOMEVENTS_2018_0101_0430.h5,136,ir069,2018-04-25 19:10:00,-120:-115:-110:-105:-100:-95:-90:-85:-80:-75:-70:-65:-60:-55:-50:-45:-40:-35:-30:-25:-25:-15:-10:-5:0:5:10:15:20:25:30:35:40:45:50:55:60:65:70:75:80:85:90:95:100:105:110:115:120,,,,44.1861575084612,-76.62510211009611,46.51930633229976,-70.41454233534904,+proj=laea +lat_0=38 +lon_0=-98 +units=m +a=6370997.0 +ellps=sphere ,192.0,192.0,384000.0,384000.0,-60.84978103637695,-30.58179473876953,0.0
R18042519107729,ir069/2018/SEVIR_IR069_RANDOMEVENTS_2018_0101_0430.h5,140,ir069,2018-04-25 19:10:00,-120:-115:-110:-105:-100:-95:-90:-85:-80:-75:-70:-65:-60:-55:-50:-45:-40:-35:-30:-25:-25:-15:-10:-5:0:5:10:15:20:25:30:35:40:45:50:55:60:65:70:75:80:85:90:95:100:105:110:115:120,,,,35.18482196760681,-78.86214435686699,37.709225485180994,-73.65689879279874,+proj=laea +lat_0=38 +lon_0=-98 +units=m +a=6370997.0 +ellps=sphere ,192.0,192.0,384000.0,384000.0,-58.97550964355469,-22.21440315246582,0.0
R18040808207623,ir069/2018/SEVIR_IR069_RANDOMEVENTS_2018_0101_0430.h5,159,ir069,2018-04-08 08:20:00,-120:-115:-110:-105:-100:-95:-90:-85:-80:-75:-70:-65:-60:-55:-50:-45:-40:-35:-30:-25:-20:-15:-10:-5:0:5:10:15:20:25:30:35:40:45:50:55:60:65:70:75:80:85:90:95:100:105:110:115:120,,,,33.39409974860923,-80.61184024001358,36.01784581826668,-75.61197669007419,+proj=laea +lat_0=38 +lon_0=-98 +units=m +a=6370997.0 +ellps=sphere ,192.0,192.0,384000.0,384000.0,-52.14566802978516,-20.04429054260254,0.0
R18040619257462,ir069/2018/SEVIR_IR069_RANDOMEVENTS_2018_0101_0430.h5,200,ir069,2018-04-06 19:25:00,-120:-115:-110:-105:-100:-95:-90:-85:-80:-75:-70:-65:-60:-55:-50:-45:-40:-35:-30:-25:-20:-15:-10:-5:0:5:10:15:20:25:30:35:40:45:50:55:60:65:70:75:80:85:90:95:100:105:110:115:120,,,,37.642953942820405,-121.51016213451874,41.77634060213185,-118.18104250587275,+proj=laea +lat_0=38 +lon_0=-98 +units=m +a=6370997.0 +ellps=sphere ,192.0,192.0,384000.0,384000.0,-62.0135498046875,-31.964038848876957,0.0
R18042621228714,ir069/2018/SEVIR_IR069_RANDOMEVENTS_2018_0101_0430.h5,225,ir069,2018-04-26 21:20:00,-120:-115:-110:-105:-100:-95:-90:-85:-80:-75:-70:-65:-60:-55:-50:-45:-40:-35:-30:-25:-20:-15:-10:-5:0:5:10:15:20:25:30:35:40:45:50:55:60:65:70:75:80:85:90:95:100:105:110:115:120,,,,45.622459948268784,-90.27526900453564,48.63970314880248,-84.57765478585361,+proj=laea +lat_0=38 +lon_0=-98 +units=m +a=6370997.0 +ellps=sphere ,192.0,192.0,384000.0,384000.0,-48.6994514465332,-23.86085319519043,0.0
R18041616007708,ir069/2018/SEVIR_IR069_RANDOMEVENTS_2018_0101_0430.h5,254,ir069,2018-04-16 16:00:00,-120:-115:-110:-105:-100:-95:-90:-85:-80:-75:-70:-65:-60:-55:-50:-45:-40:-35:-30:-25:-20:-15:-10:-5:0:5:10:15:20:25:30:35:40:45:50:55:60:65:70:75:80:85:90:95:100:105:110:115:120,,,,33.587774980285246,-92.53724146476978,36.74387065075776,-87.98523555019375,+proj=laea +lat_0=38 +lon_0=-98 +units=m +a=6370997.0 +ellps=sphere ,192.0,192.0,384000.0,384000.0,-26.00456047058105,-12.959487915039062,0.0
R18041616008105,ir069/2018/SEVIR_IR069_RANDOMEVENTS_2018_0101_0430.h5,260,ir069,2018-04-16 16:00:00,-120:-115:-110:-105:-100:-95:-90:-85:-80:-75:-70:-65:-60:-55:-50:-45:-40:-35:-30:-25:-20:-15:-10:-5:0:5:10:15:20:25:30:35:40:45:50:55:60:65:70:75:80:85:90:95:100:105:110:115:120,,,,40.06769479420386,-76.07513023497151,42.40781931629041,-70.30993561467649,+proj=laea +lat_0=38 +lon_0=-98 +units=m +a=6370997.0 +ellps=sphere ,192.0,192.0,384000.0,384000.0,-56.05844497680664,-9.751420021057127,0.0
R18041303577708,ir069/2018/SEVIR_IR069_RANDOMEVENTS_2018_0101_0430.h5,277,ir069,2018-04-13 03:55:00,-120:-115:-110:-105:-100:-95:-90:-85:-80:-75:-70:-65:-60:-55:-50:-45:-40:-35:-30:-25:-20:-15:-10:-5:0:5:10:15:20:25:30:35:40:45:50:55:60:65:70:75:80:85:90:95:100:105:110:115:120,,,,40.33248243704898,-117.12659711953071,44.35654464962495,-113.44181395678063,+proj=laea +lat_0=38 +lon_0=-98 +units=m +a=6370997.0 +ellps=sphere ,192.0,192.0,384000.0,384000.0,-53.5646858215332,-32.487586975097656,0.0612244897959183
R18041303578045,ir069/2018/SEVIR_IR069_RANDOMEVENTS_2018_0101_0430.h5,278,ir069,2018-04-13 03:55:00,-120:-115:-110:-105:-100:-95:-90:-85:-80:-75:-70:-65:-60:-55:-50:-45:-40:-35:-30:-25:-20:-15:-10:-5:0:5:10:15:20:25:30:35:40:45:50:55:60:65:70:75:80:85:90:95:100:105:110:115:120,,,,38.543616217431136,-85.47071731572477,41.36473185247739,-80.2467405261868,+proj=laea +lat_0=38 +lon_0=-98 +units=m +a=6370997.0 +ellps=sphere ,192.0,192.0,384000.0,384000.0,-58.0409049987793,-24.138540267944336,0.0408163265306122
R18041303578448,ir069/2018/SEVIR_IR069_RANDOMEVENTS_2018_0101_0430.h5,279,ir069,2018-04-13 03:55:00,-120:-115:-110:-105:-100:-95:-90:-85:-80:-75:-70:-65:-60:-55:-50:-45:-40:-35:-30:-25:-20:-15:-10:-5:0:5:10:15:20:25:30:35:40:45:50:55:60:65:70:75:80:85:90:95:100:105:110:115:120,,,,43.75033835341716,-73.01275061072043,45.88767572119085,-66.70140680559504,+proj=laea +lat_0=38 +lon_0=-98 +units=m +a=6370997.0 +ellps=sphere ,192.0,192.0,384000.0,384000.0,-56.80912399291992,-24.473085403442383,0.0852239007582199
R18042320307827,ir069/2018/SEVIR_IR069_RANDOMEVENTS_2018_0101_0430.h5,285,ir069,2018-04-23 20:30:00,-120:-115:-110:-105:-100:-95:-90:-85:-80:-75:-70:-65:-60:-55:-50:-45:-40:-35:-30:-25:-20:-15:-10:-5:0:5:10:15:20:25:30:35:40:45:50:55:60:65:70:75:80:85:90:95:100:105:110:115:120,,,,36.06026525415911,-81.97346403869147,38.730087351194896,-76.8156983132114,+proj=laea +lat_0=38 +lon_0=-98 +units=m +a=6370997.0 +ellps=sphere ,192.0,192.0,384000.0,384000.0,-60.16757583618164,-26.40273284912109,0.0
R18041909127741,ir069/2018/SEVIR_IR069_RANDOMEVENTS_2018_0101_0430.h5,297,ir069,2018-04-19 09:10:00,-120:-115:-110:-105:-100:-95:-90:-85:-80:-75:-70:-65:-60:-55:-50:-45:-40:-35:-30:-25:-20:-15:-10:-5:0:5:10:15:20:25:30:35:40:45:50:55:60:65:70:75:80:85:90:95:100:105:110:115:120,,,,36.00130401955839,-106.94408678440418,39.69850018429204,-102.90014517290264,+proj=laea +lat_0=38 +lon_0=-98 +units=m +a=6370997.0 +ellps=sphere ,192.0,192.0,384000.0,384000.0,-45.06776428222656,-22.46420288085937,0.0
R18041909127296,ir069/2018/SEVIR_IR069_RANDOMEVENTS_2018_0101_0430.h5,299,ir069,2018-04-19 09:10:00,-120:-115:-110:-105:-100:-95:-90:-85:-80:-75:-70:-65:-60:-55:-50:-45:-40:-35:-30:-25:-20:-15:-10:-5:0:5:10:15:20:25:30:35:40:45:50:55:60:65:70:75:80:85:90:95:100:105:110:115:120,,,,31.99661677774941,-122.37414405407586,36.13921186905555,-119.22053687451508,+proj=laea +lat_0=38 +lon_0=-98 +units=m +a=6370997.0 +ellps=sphere ,192.0,192.0,384000.0,384000.0,-50.56060791015625,-19.41683959960937,0.0533854166666666
R18041909128164,ir069/2018/SEVIR_IR069_RANDOMEVENTS_2018_0101_0430.h5,300,ir069,2018-04-19 09:10:00,-120:-115:-110:-105:-100:-95:-90:-85:-80:-75:-70:-65:-60:-55:-50:-45:-40:-35:-30:-25:-20:-15:-10:-5:0:5:10:15:20:25:30:35:40:45:50:55:60:65:70:75:80:85:90:95:100:105:110:115:120,,,,40.47837386704712,-77.76809388497986,42.90401004562013,-72.02952185728019,+proj=laea +lat_0=38 +lon_0=-98 +units=m +a=6370997.0 +ellps=sphere ,192.0,192.0,384000.0,384000.0,-48.78335189819336,-19.30334854125977,0.0
R18032604208304,ir069/2018/SEVIR_IR069_RANDOMEVENTS_2018_0101_0430.h5,308,ir069,2018-03-26 04:20:00,-120:-115:-110:-105:-100:-95:-90:-85:-80:-75:-70:-65:-60:-55:-50:-45:-40:-35:-30:-25:-20:-15:-10:-5:0:5:10:15:20:25:30:35:40:45:50:55:60:65:70:75:80:85:90:95:100:105:110:115:120,,,,42.14517031626104,-96.38774145804344,45.44101522672052,-91.37878303366377,+proj=laea +lat_0=38 +lon_0=-98 +units=m +a=6370997.0 +ellps=sphere ,192.0,192.0,384000.0,384000.0,-58.72574996948242,-26.6704044342041,0.0
R18040320157810,ir069/2018/SEVIR_IR069_RANDOMEVENTS_2018_0101_0430.h5,323,ir069,2018-04-03 20:15:00,-120:-115:-110:-105:-100:-95:-90:-85:-80:-75:-70:-70:-60:-55:-50:-45:-40:-35:-30:-25:-20:-15:-10:-5:0:5:10:15:20:25:30:35:40:45:50:55:60:65:70:75:80:85:90:95:100:105:110:115:120,,,,37.41940616470208,-107.261265141088,41.1282903855259,-103.1597679347592,+proj=laea +lat_0=38 +lon_0=-98 +units=m +a=6370997.0 +ellps=sphere ,192.0,192.0,384000.0,384000.0,-44.41849136352539,-15.819622993469238,0.0
R18042420578192,ir069/2018/SEVIR_IR069_RANDOMEVENTS_2018_0101_0430.h5,334,ir069,2018-04-24 20:55:00,-120:-115:-110:-105:-100:-95:-90:-85:-80:-75:-70:-65:-60:-55:-50:-45:-40:-35:-30:-25:-20:-15:-10:-5:0:5:10:15:20:25:30:35:40:45:50:55:60:65:70:75:80:85:90:95:100:105:110:115:120,,,,41.39207301485826,-100.02527221449174,44.83651403547141,-95.27758477007912,+proj=laea +lat_0=38 +lon_0=-98 +units=m +a=6370997.0 +ellps=sphere ,192.0,192.0,384000.0,384000.0,-54.50118255615234,-23.212535858154297,0.0
R18042519107609,ir069/2018/SEVIR_IR069_RANDOMEVENTS_2018_0101_0430.h5,342,ir069,2018-04-25 19:10:00,-120:-115:-110:-105:-100:-95:-90:-85:-80:-75:-70:-65:-60:-55:-50:-45:-40:-35:-30:-25:-25:-15:-10:-5:0:5:10:15:20:25:30:35:40:45:50:55:60:65:70:75:80:85:90:95:100:105:110:115:120,,,,33.317476391305085,-79.83440257671515,35.904391543775866,-74.81202581098545,+proj=laea +lat_0=38 +lon_0=-98 +units=m +a=6370997.0 +ellps=sphere ,192.0,192.0,384000.0,384000.0,-52.72935485839844,-17.092220306396484,0.0
R18041421277110,ir069/2018/SEVIR_IR069_RANDOMEVENTS_2018_0101_0430.h5,352,ir069,2018-04-14 21:25:00,-120:-115:-110:-105:-100:-95:-90:-85:-80:-75:-70:-65:-60:-55:-50:-45:-40:-35:-30:-25:-20:-15:-10:-5:0:5:10:15:20:25:30:35:40:45:50:55:60:65:70:75:80:85:90:95:100:105:110:115:120,,,,23.347350512537307,-82.50670960971217,26.13782577894261,-78.18718065841134,+proj=laea +lat_0=38 +lon_0=-98 +units=m +a=6370997.0 +ellps=sphere ,192.0,192.0,384000.0,384000.0,-55.1403923034668,-9.585890769958496,0.0
R18041421277511,ir069/2018/SEVIR_IR069_RANDOMEVENTS_2018_0101_0430.h5,359,ir069,2018-04-14 21:25:00,-120:-115:-110:-105:-100:-95:-90:-85:-80:-75:-70:-65:-60:-55:-50:-45:-40:-35:-30:-25:-20:-15:-10:-5:0:5:10:15:20:25:30:35:40:45:50:55:60:65:70:75:80:85:90:95:100:105:110:115:120,,,,30.14980794183873,-90.86282977632447,33.251149096181976,-86.45295460970921,+proj=laea +lat_0=38 +lon_0=-98 +units=m +a=6370997.0 +ellps=sphere ,192.0,192.0,384000.0,384000.0,-76.91041564941406,-29.72526741027832,0.0
R18040619257612,ir069/2018/SEVIR_IR069_RANDOMEVENTS_2018_0101_0430.h5,360,ir069,2018-04-06 19:25:00,-120:-115:-110:-105:-100:-95:-90:-85:-80:-75:-70:-65:-60:-55:-50:-45:-40:-35:-30:-25:-20:-15:-10:-5:0:5:10:15:20:25:30:35:40:45:50:55:60:65:70:75:80:85:90:95:100:105:110:115:120,,,,32.10577040414681,-89.53419055168267,35.14178334360492,-84.95741453729198,+proj=laea +lat_0=38 +lon_0=-98 +units=m +a=6370997.0 +ellps=sphere ,192.0,192.0,384000.0,384000.0,-69.70748138427734,-28.020219802856445,0.0
R18041819478253,ir069/2018/SEVIR_IR069_RANDOMEVENTS_2018_0101_0430.h5,364,ir069,2018-04-18 19:45:00,-120:-115:-110:-105:-100:-95:-90:-85:-80:-75:-70:-65:-60:-55:-50:-45:-40:-35:-30:-25:-20:-15:-10:-5:0:5:10:15:20:25:30:35:40:45:50:55:60:65:70:75:80:85:90:95:100:105:110:115:120,,,,41.72411959877704,-74.83679921463062,43.98249366196219,-68.84198179916517,+proj=laea +lat_0=38 +lon_0=-98 +units=m +a=6370997.0 +ellps=sphere ,192.0,192.0,384000.0,384000.0,-36.19449615478516,-22.78731155395508,0.0
R18041819477467,ir069/2018/SEVIR_IR069_RANDOMEVENTS_2018_0101_0430.h5,365,ir069,2018-04-18 19:45:00,-120:-115:-110:-105:-100:-95:-90:-85:-80:-75:-70:-65:-60:-55:-50:-45:-40:-35:-30:-25:-20:-15:-10:-5:0:5:10:15:20:25:30:35:40:45:50:55:60:65:70:75:80:85:90:95:100:105:110:115:120,,,,29.40673724704759,-89.895638433789,32.471609147484685,-85.49279910325487,+proj=laea +lat_0=38 +lon_0=-98 +units=m +a=6370997.0 +ellps=sphere ,192.0,192.0,384000.0,384000.0,-45.17257690429688,-15.009842872619627,0.0
R18041819478317,ir069/2018/SEVIR_IR069_RANDOMEVENTS_2018_0101_0430.h5,367,ir069,2018-04-18 19:45:00,-120:-115:-110:-105:-100:-95:-90:-85:-80:-75:-70:-65:-60:-55:-50:-45:-40:-35:-30:-25:-20:-15:-10:-5:0:5:10:15:20:25:30:35:40:45:50:55:60:65:70:75:80:85:90:95:100:105:110:115:120,,,,41.65184887127271,-89.23522981245598,44.63412002627658,-83.90047907542022,+proj=laea +lat_0=38 +lon_0=-98 +units=m +a=6370997.0 +ellps=sphere ,192.0,192.0,384000.0,384000.0,-53.04483032226562,-16.62295150756836,0.0
R18042502277784,ir069/2018/SEVIR_IR069_RANDOMEVENTS_2018_0101_0430.h5,372,ir069,2018-04-25 02:25:00,-120:-115:-110:-105:-100:-95:-90:-85:-80:-75:-70:-65:-60:-55:-50:-45:-40:-35:-30:-25:-20:-15:-10:-5:0:5:10:15:20:25:30:35:40:45:50:55:60:65:70:75:80:85:90:95:100:105:110:115:120,,,,35.40009384847278,-82.65013411995163,38.1067721471905,-77.57238787323764,+proj=laea +lat_0=38 +lon_0=-98 +units=m +a=6370997.0 +ellps=sphere ,192.0,192.0,384000.0,384000.0,-58.16352081298828,-25.4156551361084,0.0
R18040509407356,ir069/2018/SEVIR_IR069_RANDOMEVENTS_2018_0101_0430.h5,384,ir069,2018-04-05 09:40:00,-120:-115:-110:-105:-100:-95:-90:-85:-80:-75:-70:-65:-60:-55:-50:-45:-40:-35:-30:-25:-20:-15:-10:-5:0:5:10:15:20:25:30:35:40:45:50:55:60:65:70:75:80:85:90:95:100:105:110:115:120,,,,36.034024251622206,-123.42273028182078,40.2100739203398,-120.2422623147552,+proj=laea +lat_0=38 +lon_0=-98 +units=m +a=6370997.0 +ellps=sphere ,192.0,192.0,384000.0,384000.0,-69.5338134765625,-25.53819274902344,0.0
R18041306058506,ir069/2018/SEVIR_IR069_RANDOMEVENTS_2018_0101_0430.h5,398,ir069,2018-04-13 06:05:00,-120:-115:-110:-105:-100:-95:-90:-85:-80:-75:-70:-65:-60:-55:-50:-45:-40:-35:-30:-25:-20:-15:-10:-5:0:5:10:15:20:25:30:35:40:45:50:55:60:65:70:75:80:85:90:95:100:105:110:115:120,,,,44.59831010101619,-70.43726687804829,46.5789879375529,-63.91106321529429,+proj=laea +lat_0=38 +lon_0=-98 +units=m +a=6370997.0 +ellps=sphere ,192.0,192.0,384000.0,384000.0,-53.55288314819336,-23.48732566833496,0.0962428916879251
R18041306057863,ir069/2018/SEVIR_IR069_RANDOMEVENTS_2018_0101_0430.h5,401,ir069,2018-04-13 06:05:00,-120:-115:-110:-105:-100:-95:-90:-85:-80:-75:-70:-65:-60:-55:-50:-45:-40:-35:-30:-25:-20:-15:-10:-5:0:5:10:15:20:25:30:35:40:45:50:55:60:65:70:75:80:85:90:95:100:105:110:115:120,,,,38.16260334714021,-106.61875155626656,41.850022871755264,-102.4429051457434,+proj=laea +lat_0=38 +lon_0=-98 +units=m +a=6370997.0 +ellps=sphere ,192.0,192.0,384000.0,384000.0,-57.92405700683594,-21.035062789916992,0.041008981717687
R18041521007813,ir069/2018/SEVIR_IR069_RANDOMEVENTS_2018_0101_0430.h5,409,ir069,2018-04-15 21:00:00,-120:-115:-110:-105:-100:-95:-90:-85:-80:-75:-70:-65:-60:-55:-50:-45:-40:-35:-30:-25:-20:-15:-10:-5:0:5:10:15:20:25:30:35:40:45:50:55:60:65:70:75:80:85:90:95:100:105:110:115:120,,,,35.78235998095005,-82.80006356108024,38.49362361597533,-77.69760220645873,+proj=laea +lat_0=38 +lon_0=-98 +units=m +a=6370997.0 +ellps=sphere ,192.0,192.0,384000.0,384000.0,-66.15498352050781,-30.6171875,0.0
R18040309058342,ir069/2018/SEVIR_IR069_RANDOMEVENTS_2018_0101_0430.h5,440,ir069,2018-04-03 09:05:00,-120:-115:-110:-105:-100:-95:-90:-85:-80:-75:-70:-65:-60:-55:-50:-45:-40:-35:-30:-25:-20:-15:-10:-5:0:5:10:15:20:25:30:35:40:45:50:55:60:65:70:75:80:85:90:95:100:105:110:115:120,,,,42.37908127946027,-94.95782674860092,45.613950198765146,-89.8506787922522,+proj=laea +lat_0=38 +lon_0=-98 +units=m +a=6370997.0 +ellps=sphere ,192.0,192.0,384000.0,384000.0,-56.75000381469727,-34.167495727539055,0.0
R18041303158282,ir069/2018/SEVIR_IR069_RANDOMEVENTS_2018_0101_0430.h5,478,ir069,2018-04-13 03:15:00,-120:-115:-110:-105:-100:-95:-90:-85:-80:-75:-70:-65:-60:-55:-50:-45:-40:-35:-30:-25:-20:-15:-10:-5:0:5:10:15:20:25:30:35:40:45:50:55:60:65:70:75:80:85:90:95:100:105:110:115:120,,,,41.23590006665632,-85.87590555809395,44.06224710012965,-80.41957254997811,+proj=laea +lat_0=38 +lon_0=-98 +units=m +a=6370997.0 +ellps=sphere ,192.0,192.0,384000.0,384000.0,-58.11530303955078,-32.15811920166016,0.0577384274022108
R18041303157359,ir069/2018/SEVIR_IR069_RANDOMEVENTS_2018_0101_0430.h5,481,ir069,2018-04-13 03:15:00,-120:-115:-110:-105:-100:-95:-90:-85:-80:-75:-70:-65:-60:-55:-50:-45:-40:-35:-30:-25:-20:-15:-10:-5:0:5:10:15:20:25:30:35:40:45:50:55:60:65:70:75:80:85:90:95:100:105:110:115:120,,,,30.54036537290114,-117.706563484863,34.56140752389381,-114.36767601410835,+proj=laea +lat_0=38 +lon_0=-98 +units=m +a=6370997.0 +ellps=sphere ,192.0,192.0,384000.0,384000.0,-53.19140625,-13.290915489196776,0.0
R18041303158449,ir069/2018/SEVIR_IR069_RANDOMEVENTS_2018_0101_0430.h5,482,ir069,2018-04-13 03:15:00,-120:-115:-110:-105:-100:-95:-90:-85:-80:-75:-70:-65:-60:-55:-50:-45:-40:-35:-30:-25:-20:-15:-10:-5:0:5:10:15:20:25:30:35:40:45:50:55:60:65:70:75:80:85:90:95:100:105:110:115:120,,,,43.66188961448887,-73.81084528720703,45.84486077184023,-67.5438784457193,+proj=laea +lat_0=38 +lon_0=-98 +units=m +a=6370997.0 +ellps=sphere ,192.0,192.0,384000.0,384000.0,-56.63507461547852,-24.49758720397949,0.0812329489087301
R18032505028412,ir069/2018/SEVIR_IR069_RANDOMEVENTS_2018_0101_0430.h5,495,ir069,2018-03-25 05:00:00,-120:-115:-110:-105:-100:-95:-90:-85:-80:-75:-70:-65:-60:-55:-50:-45:-40:-35:-30:-25:-20:-15:-10:-5:0:5:10:15:20:25:30:35:40:45:50:55:60:65:70:75:80:85:90:95:100:105:110:115:120,,,,46.49681014206306,-108.10169762009716,50.25257373296584,-103.44510084394032,+proj=laea +lat_0=38 +lon_0=-98 +units=m +a=6370997.0 +ellps=sphere ,192.0,192.0,384000.0,384000.0,-56.14573669433594,-29.53011512756348,0.0
R18042220007935,ir069/2018/SEVIR_IR069_RANDOMEVENTS_2018_0101_0430.h5,504,ir069,2018-04-22 20:00:00,-120:-115:-110:-105:-100:-95:-90:-85:-80:-75:-70:-65:-60:-55:-50:-45:-40:-35:-30:-25:-20:-15:-10:-5:0:5:10:15:20:25:30:35:40:45:50:55:60:65:70:75:80:85:90:95:100:105:110:115:120,,,,37.0352822581516,-90.70074855340616,40.10039018819041,-85.83027284876489,+proj=laea +lat_0=38 +lon_0=-98 +units=m +a=6370997.0 +ellps=sphere ,192.0,192.0,384000.0,384000.0,-59.76347732543945,-31.55956840515137,0.0
R18040706057687,ir069/2018/SEVIR_IR069_RANDOMEVENTS_2018_0101_0430.h5,510,ir069,2018-04-07 06:05:00,-120:-115:-110:-105:-100:-95:-90:-85:-80:-75:-70:-65:-60:-55:-50:-45:-40:-35:-30:-25:-20:-15:-10:-5:0:5:10:15:20:25:30:35:40:45:50:55:60:65:70:75:80:85:90:95:100:105:110:115:120,,,,45.61629149432232,-123.25256988826592,49.82563932085817,-119.77401187735856,+proj=laea +lat_0=38 +lon_0=-98 +units=m +a=6370997.0 +ellps=sphere ,192.0,192.0,384000.0,384000.0,-59.51848983764648,-29.725929260253903,0.0408163265306122
R18041318078310,ir069/2018/SEVIR_IR069_RANDOMEVENTS_2018_0101_0430.h5,530,ir069,2018-04-13 18:05:00,-120:-115:-110:-105:-100:-95:-90:-85:-80:-75:-70:-65:-60:-55:-50:-45:-40:-35:-30:-25:-20:-15:-10:-5:0:5:10:15:20:25:30:35:40:45:50:55:60:65:70:75:80:85:90:95:100:105:110:115:120,,,,42.9997876534589,-100.67866839589324,46.47015316715175,-95.83804704363254,+proj=laea +lat_0=38 +lon_0=-98 +units=m +a=6370997.0 +ellps=sphere ,192.0,192.0,384000.0,384000.0,-67.10256195068361,-20.75303649902344,0.0
R19032916327660,vil/2019/SEVIR_VIL_RANDOMEVENTS_2019_0101_0430.h5,24,vil,2019-03-29 16:32:30,-120:-115:-110:-105:-100:-95:-90:-85:-80:-75:-70:-65:-60:-55:-50:-45:-40:-35:-30:-25:-20:-15:-10:-5:0:5:10:15:20:25:30:35:40:45:50:55:60:65:70:75:80:85:90:95:100:105:110:115:120,,,,33.427743801321746,-102.81578626232132,36.98160603584669,-98.70923611143164,+proj=laea +lat_0=38 +lon_0=-98 +units=m +a=6370997.0 +ellps=sphere ,384.0,384.0,384000.0,384000.0,0.0,143.0,0.0
R19042510498179,vil/2019/SEVIR_VIL_RANDOMEVENTS_2019_0101_0430.h5,36,vil,2019-04-25 10:49:35,-120:-115:-110:-105:-100:-95:-90:-85:-80:-75:-70:-65:-60:-55:-50:-45:-40:-35:-30:-25:-20:-15:-10:-5:0:5:10:15:20:25:30:35:40:45:50:55:60:65:70:75:80:85:90:95:100:105:110:115:120,,,,41.221975616745645,-99.9722573560278,44.664357077826416,-95.234920111964,+proj=laea +lat_0=38 +lon_0=-98 +units=m +a=6370997.0 +ellps=sphere ,384.0,384.0,384000.0,384000.0,0.0,248.0,0.0
R19041123167525,vil/2019/SEVIR_VIL_RANDOMEVENTS_2019_0101_0430.h5,57,vil,2019-04-11 23:16:40,-120:-115:-110:-105:-100:-95:-90:-85:-80:-75:-70:-65:-60:-55:-50:-45:-40:-35:-30:-25:-20:-15:-10:-5:0:5:10:15:20:25:30:35:40:45:50:55:60:65:70:75:80:85:90:95:100:105:110:115:120,,,,30.75869360861361,-104.77578687099148,34.384145220395695,-100.87607572144309,+proj=laea +lat_0=38 +lon_0=-98 +units=m +a=6370997.0 +ellps=sphere ,384.0,384.0,384000.0,384000.0,0.0,138.0,0.0
R19041123168697,vil/2019/SEVIR_VIL_RANDOMEVENTS_2019_0101_0430.h5,58,vil,2019-04-11 23:16:40,-120:-115:-110:-105:-100:-95:-90:-85:-80:-75:-70:-65:-60:-55:-50:-45:-40:-35:-30:-25:-20:-15:-10:-5:0:5:10:15:20:25:30:35:40:45:50:55:60:65:70:75:80:85:90:95:100:105:110:115:120,,,,45.5680340693131,-91.3899953945695,48.63736167937108,-85.76162525441157,+proj=laea +lat_0=38 +lon_0=-98 +units=m +a=6370997.0 +ellps=sphere ,384.0,384.0,384000.0,384000.0,0.0,197.0,0.0
R19041123168211,vil/2019/SEVIR_VIL_RANDOMEVENTS_2019_0101_0430.h5,60,vil,2019-04-11 23:16:40,-120:-115:-110:-105:-100:-95:-90:-85:-80:-75:-70:-65:-60:-55:-50:-45:-40:-35:-30:-25:-20:-15:-10:-5:0:5:10:15:20:25:30:35:40:45:50:55:60:65:70:75:80:85:90:95:100:105:110:115:120,,,,40.59789421330788,-91.89545533604704,43.70355829397459,-86.78931222392667,+proj=laea +lat_0=38 +lon_0=-98 +units=m +a=6370997.0 +ellps=sphere ,384.0,384.0,384000.0,384000.0,0.0,214.0,0.0
R19030614167381,vil/2019/SEVIR_VIL_RANDOMEVENTS_2019_0101_0430.h5,83,vil,2019-03-06 14:16:15,-120:-115:-110:-105:-100:-95:-90:-85:-80:-75:-70:-65:-60:-55:-50:-45:-40:-35:-30:-25:-20:-15:-10:-5:0:5:10:15:20:25:30:35:40:45:50:55:60:65:70:75:80:85:90:95:100:105:110:115:120,,,,39.09174058657738,-124.921588828579,43.3123597072657,-121.76064090938569,+proj=laea +lat_0=38 +lon_0=-98 +units=m +a=6370997.0 +ellps=sphere ,384.0,384.0,384000.0,384000.0,0.0,149.0,0.0
R19032807587972,vil/2019/SEVIR_VIL_RANDOMEVENTS_2019_0101_0430.h5,93,vil,2019-03-28 07:58:45,-120:-115:-110:-105:-100:-95:-90:-85:-80:-75:-70:-65:-60:-55:-50:-45:-40:-35:-30:-25:-20:-15:-10:-5:0:5:10:15:20:25:30:35:40:45:50:55:60:65:70:75:80:85:90:95:100:105:110:115:120,,,,37.52957546733537,-89.60368896034599,40.544487473853344,-84.64623464807781,+proj=laea +lat_0=38 +lon_0=-98 +units=m +a=6370997.0 +ellps=sphere ,384.0,384.0,384000.0,384000.0,0.0,224.0,0.0
R19011316597881,vil/2019/SEVIR_VIL_RANDOMEVENTS_2019_0101_0430.h5,106,vil,2019-01-13 16:59:35,-120:-115:-110:-105:-100:-95:-90:-85:-80:-75:-70:-65:-60:-55:-50:-45:-40:-35:-30:-25:-20:-15:-10:-5:0:5:10:15:20:25:30:35:40:45:50:55:60:65:70:75:80:85:90:95:100:105:110:115:120,,,,37.3289851619329,-77.55912691584248,39.77012220439336,-72.11879487172955,+proj=laea +lat_0=38 +lon_0=-98 +units=m +a=6370997.0 +ellps=sphere ,384.0,384.0,384000.0,384000.0,0.0,170.0,0.0
R19041506128118,vil/2019/SEVIR_VIL_RANDOMEVENTS_2019_0101_0430.h5,114,vil,2019-04-15 06:12:05,-120:-115:-110:-105:-100:-95:-90:-85:-80:-75:-70:-65:-60:-55:-50:-45:-40:-35:-30:-25:-20:-15:-10:-5:0:5:10:15:20:25:30:35:40:45:50:55:60:65:70:75:80:85:90:95:100:105:110:115:120,,,,39.860996377218704,-78.94746970353054,42.35261819168471,-73.32107890170106,+proj=laea +lat_0=38 +lon_0=-98 +units=m +a=6370997.0 +ellps=sphere ,384.0,384.0,384000.0,384000.0,0.0,254.0,0.0
R19041506128115,vil/2019/SEVIR_VIL_RANDOMEVENTS_2019_0101_0430.h5,118,vil,2019-04-15 06:12:05,-120:-115:-110:-105:-100:-95:-90:-85:-80:-75:-70:-65:-60:-55:-50:-45:-40:-35:-30:-25:-20:-15:-10:-5:0:5:10:15:20:25:30:35:40:45:50:55:60:65:70:75:80:85:90:95:100:105:110:115:120,,,,39.90409718414246,-78.31808580104118,42.3629804297054,-72.66122493874141,+proj=laea +lat_0=38 +lon_0=-98 +units=m +a=6370997.0 +ellps=sphere ,384.0,384.0,384000.0,384000.0,0.0,254.0,0.0
R19040421017336,vil/2019/SEVIR_VIL_RANDOMEVENTS_2019_0101_0430.h5,120,vil,2019-04-04 21:01:40,-120:-115:-110:-105:-100:-95:-90:-85:-80:-75:-70:-65:-60:-55:-50:-45:-40:-35:-30:-25:-20:-15:-10:-5:0:5:10:15:20:25:30:35:40:45:50:55:60:65:70:75:80:85:90:95:100:105:110:115:120,,,,25.45532259423139,-100.04960885461252,28.9286280399158,-96.18681408170652,+proj=laea +lat_0=38 +lon_0=-98 +units=m +a=6370997.0 +ellps=sphere ,384.0,384.0,384000.0,384000.0,0.0,133.0,0.0
R19040421017461,vil/2019/SEVIR_VIL_RANDOMEVENTS_2019_0101_0430.h5,124,vil,2019-04-04 21:01:40,-120:-115:-110:-105:-100:-95:-90:-85:-80:-75:-70:-65:-60:-55:-50:-45:-40:-35:-30:-25:-20:-15:-10:-5:0:5:10:15:20:25:30:35:40:45:50:55:60:65:70:75:80:85:90:95:100:105:110:115:120,,,,29.11617694635889,-91.37319364426683,32.24350430091835,-87.03911953047114,+proj=laea +lat_0=38 +lon_0=-98 +units=m +a=6370997.0 +ellps=sphere ,384.0,384.0,384000.0,384000.0,0.0,254.0,0.0
R19040302367407,vil/2019/SEVIR_VIL_RANDOMEVENTS_2019_0101_0430.h5,197,vil,2019-04-03 02:36:40,-120:-115:-110:-105:-100:-95:-90:-85:-80:-75:-70:-65:-60:-55:-50:-45:-40:-35:-30:-25:-20:-15:-10:-5:0:5:10:15:20:25:30:35:40:45:50:55:60:65:70:75:80:85:90:95:100:105:110:115:120,,,,37.199216685182144,-122.79815618335718,41.36333424758345,-119.5552013684771,+proj=laea +lat_0=38 +lon_0=-98 +units=m +a=6370997.0 +ellps=sphere ,384.0,384.0,384000.0,384000.0,0.0,250.0,0.0
R19043015328091,vil/2019/SEVIR_VIL_RANDOMEVENTS_2019_0101_0430.h5,220,vil,2019-04-30 15:32:55,-120:-115:-110:-105:-100:-95:-90:-85:-80:-75:-70:-65:-60:-55:-50:-45:-40:-35:-30:-25:-20:-15:-10:-5:0:5:10:15:20:25:30:35:40:45:50:55:60:65:70:75:80:85:90:95:100:105:110:115:120,,,,39.050624279891245,-87.7336133335278,41.97452938462143,-82.56586689065033,+proj=laea +lat_0=38 +lon_0=-98 +units=m +a=6370997.0 +ellps=sphere ,384.0,384.0,384000.0,384000.0,0.0,234.0,0.0
R19043015327914,vil/2019/SEVIR_VIL_RANDOMEVENTS_2019_0101_0430.h5,221,vil,2019-04-30 15:32:55,-120:-115:-110:-105:-100:-95:-90:-85:-80:-75:-70:-65:-60:-55:-50:-45:-40:-35:-30:-25:-20:-15:-10:-5:0:5:10:15:20:25:30:35:40:45:50:55:60:65:70:75:80:85:90:95:100:105:110:115:120,,,,37.008659772403256,-96.3894801904876,40.31268319627058,-91.77911476672573,+proj=laea +lat_0=38 +lon_0=-98 +units=m +a=6370997.0 +ellps=sphere ,384.0,384.0,384000.0,384000.0,0.0,254.0,0.0
R19041215417493,vil/2019/SEVIR_VIL_RANDOMEVENTS_2019_0101_0430.h5,263,vil,2019-04-12 15:41:15,-120:-115:-110:-105:-100:-95:-90:-85:-80:-75:-70:-65:-60:-55:-50:-45:-40:-35:-30:-25:-20:-15:-10:-5:0:5:10:15:20:25:30:35:40:45:50:55:60:65:70:75:80:85:90:95:100:105:110:115:120,,,,30.87717901716876,-83.2365355324757,33.64219012766711,-78.50783256122816,+proj=laea +lat_0=38 +lon_0=-98 +units=m +a=6370997.0 +ellps=sphere ,384.0,384.0,384000.0,384000.0,0.0,208.0,0.0
R19022409417814,vil/2019/SEVIR_VIL_RANDOMEVENTS_2019_0101_0430.h5,298,vil,2019-02-24 09:41:40,-120:-115:-110:-105:-100:-95:-90:-85:-80:-75:-70:-65:-60:-55:-50:-45:-40:-35:-30:-25:-20:-15:-10:-5:0:5:10:15:20:25:30:35:40:45:50:55:60:65:70:75:80:85:90:95:100:105:110:115:120,,,,36.115906935915774,-80.12749457856366,38.69549040528252,-74.89290997250801,+proj=laea +lat_0=38 +lon_0=-98 +units=m +a=6370997.0 +ellps=sphere ,384.0,384.0,384000.0,384000.0,0.0,194.0,0.0
R19022409418394,vil/2019/SEVIR_VIL_RANDOMEVENTS_2019_0101_0430.h5,299,vil,2019-02-24 09:41:40,-120:-115:-110:-105:-100:-95:-90:-85:-80:-75:-70:-65:-60:-55:-50:-45:-40:-35:-30:-25:-20:-15:-10:-5:0:5:10:15:20:25:30:35:40:45:50:55:60:65:70:75:80:85:90:95:100:105:110:115:120,,,,42.721490204137545,-92.81006859976758,45.86204973940594,-87.55602509665466,+proj=laea +lat_0=38 +lon_0=-98 +units=m +a=6370997.0 +ellps=sphere ,384.0,384.0,384000.0,384000.0,0.0,136.0,0.0
R19021906157524,vil/2019/SEVIR_VIL_RANDOMEVENTS_2019_0101_0430.h5,335,vil,2019-02-19 06:15:25,-120:-115:-110:-105:-100:-95:-90:-85:-80:-75:-70:-65:-60:-55:-50:-45:-40:-35:-30:-25:-20:-15:-10:-5:0:5:10:15:20:25:30:35:40:45:50:55:60:65:70:75:80:85:90:95:100:105:110:115:120,,,,30.17828400267095,-94.5012216451299,33.4266941779224,-90.22490120831992,+proj=laea +lat_0=38 +lon_0=-98 +units=m +a=6370997.0 +ellps=sphere ,384.0,384.0,384000.0,384000.0,0.0,254.0,0.0
R19042609307917,vil/2019/SEVIR_VIL_RANDOMEVENTS_2019_0101_0430.h5,424,vil,2019-04-26 09:30:50,-120:-115:-110:-105:-100:-95:-90:-85:-80:-75:-70:-65:-60:-55:-50:-45:-40:-35:-30:-25:-20:-15:-10:-5:0:5:10:15:20:25:30:35:40:45:50:55:60:65:70:75:80:85:90:95:100:105:110:115:120,,,,37.69891190513329,-101.08098014339392,41.185501792174975,-96.65012184408164,+proj=laea +lat_0=38 +lon_0=-98 +units=m +a=6370997.0 +ellps=sphere ,384.0,384.0,384000.0,384000.0,0.0,110.0,0.0
R19040404457949,vil/2019/SEVIR_VIL_RANDOMEVENTS_2019_0101_0430.h5,440,vil,2019-04-04 04:45:50,-120:-115:-110:-105:-100:-95:-90:-85:-80:-75:-70:-65:-60:-55:-50:-45:-40:-35:-30:-25:-20:-15:-10:-5:0:5:10:15:20:25:30:35:40:45:50:55:60:65:70:75:80:85:90:95:100:105:110:115:120,,,,37.78305056592188,-98.51205678384436,41.17041665828877,-93.94961936572244,+proj=laea +lat_0=38 +lon_0=-98 +units=m +a=6370997.0 +ellps=sphere ,384.0,384.0,384000.0,384000.0,0.0,202.0,0.0
R19030515397431,vil/2019/SEVIR_VIL_RANDOMEVENTS_2019_0101_0430.h5,456,vil,2019-03-05 15:39:35,-120:-115:-110:-105:-100:-95:-90:-85:-80:-75:-70:-65:-60:-55:-50:-45:-40:-35:-30:-25:-20:-15:-10:-5:0:5:10:15:20:25:30:35:40:45:50:55:60:65:70:75:80:85:90:95:100:105:110:115:120,,,,30.05226090822964,-111.92468403861064,33.90797326299955,-108.3488374099736,+proj=laea +lat_0=38 +lon_0=-98 +units=m +a=6370997.0 +ellps=sphere ,384.0,384.0,384000.0,384000.0,0.0,127.0,0.0
R19011815117077,vil/2019/SEVIR_VIL_RANDOMEVENTS_2019_0101_0430.h5,478,vil,2019-01-18 15:11:15,-120:-115:-110:-105:-100:-95:-90:-85:-80:-75:-70:-65:-60:-55:-50:-45:-40:-35:-30:-25:-20:-15:-10:-5:0:5:10:15:20:25:30:35:40:45:50:55:60:65:70:75:80:85:90:95:100:105:110:115:120,,,,22.27749515429766,-83.24606382075518,25.109055415387463,-79.00016939660776,+proj=laea +lat_0=38 +lon_0=-98 +units=m +a=6370997.0 +ellps=sphere ,384.0,384.0,384000.0,384000.0,0.0,185.0,0.0
R19012121117387,vil/2019/SEVIR_VIL_RANDOMEVENTS_2019_0101_0430.h5,510,vil,2019-01-21 21:11:40,-120:-115:-110:-105:-100:-95:-90:-85:-80:-75:-70:-65:-60:-55:-50:-45:-40:-35:-30:-25:-20:-15:-10:-5:0:5:10:15:20:25:30:35:40:45:50:55:60:65:70:75:80:85:90:95:100:105:110:115:120,,,,33.29567545222764,-119.78838952998991,37.37504735864438,-116.48065437900068,+proj=laea +lat_0=38 +lon_0=-98 +units=m +a=6370997.0 +ellps=sphere ,384.0,384.0,384000.0,384000.0,0.0,186.0,0.0
R19042618207962,vil/2019/SEVIR_VIL_RANDOMEVENTS_2019_0101_0430.h5,548,vil,2019-04-26 18:20:00,-120:-115:-110:-105:-100:-95:-90:-85:-80:-75:-70:-65:-60:-55:-50:-45:-40:-35:-30:-25:-20:-15:-10:-5:0:5:10:15:20:25:30:35:40:45:50:55:60:65:70:75:80:85:90:95:100:105:110:115:120,,,,37.54281967586453,-84.9992861246738,40.347286406261134,-79.84133324771491,+proj=laea +lat_0=38 +lon_0=-98 +units=m +a=6370997.0 +ellps=sphere ,384.0,384.0,384000.0,384000.0,0.0,210.0,0.0
R19042618208143,vil/2019/SEVIR_VIL_RANDOMEVENTS_2019_0101_0430.h5,549,vil,2019-04-26 18:20:00,-120:-115:-110:-105:-100:-95:-90:-85:-80:-75:-70:-65:-60:-55:-50:-45:-40:-35:-30:-25:-20:-15:-10:-5:0:5:10:15:20:25:30:35:40:45:50:55:60:65:70:75:80:85:90:95:100:105:110:115:120,,,,40.585289809085744,-75.22169787535594,42.87516419985122,-69.36761658465723,+proj=laea +lat_0=38 +lon_0=-98 +units=m +a=6370997.0 +ellps=sphere ,384.0,384.0,384000.0,384000.0,0.0,254.0,0.0
R19042618207918,vil/2019/SEVIR_VIL_RANDOMEVENTS_2019_0101_0430.h5,550,vil,2019-04-26 18:20:00,-120:-115:-110:-105:-100:-95:-90:-85:-80:-75:-70:-65:-60:-55:-50:-45:-40:-35:-30:-25:-20:-15:-10:-5:0:5:10:15:20:25:30:35:40:45:50:55:60:65:70:75:80:85:90:95:100:105:110:115:120,,,,37.396509900297495,-80.42076353243054,39.981020088934656,-75.08700059702176,+proj=laea +lat_0=38 +lon_0=-98 +units=m +a=6370997.0 +ellps=sphere ,384.0,384.0,384000.0,384000.0,0.0,254.0,0.0
R19021417277480,vil/2019/SEVIR_VIL_RANDOMEVENTS_2019_0101_0430.h5,595,vil,2019-02-14 17:27:05,-120:-115:-110:-105:-100:-95:-90:-85:-80:-75:-70:-65:-60:-55:-50:-45:-40:-35:-30:-25:-20:-15:-10:-5:0:5:10:15:20:25:30:35:40:45:50:55:60:65:70:75:80:85:90:95:100:105:110:115:120,,,,33.77500052320477,-116.20090350790409,37.75780926351139,-112.70306537260409,+proj=laea +lat_0=38 +lon_0=-98 +units=m +a=6370997.0 +ellps=sphere ,384.0,384.0,384000.0,384000.0,0.0,210.0,0.0
R19030616157461,vil/2019/SEVIR_VIL_RANDOMEVENTS_2019_0101_0430.h5,604,vil,2019-03-06 16:15:00,-120:-115:-110:-105:-100:-95:-90:-85:-80:-75:-70:-65:-60:-55:-50:-45:-40:-35:-30:-25:-20:-15:-10:-5:0:5:10:15:20:25:30:35:40:45:50:55:60:65:70:75:80:85:90:95:100:105:110:115:120,,,,33.756847249466766,-117.0856010063824,37.76434940997074,-113.6318432511736,+proj=laea +lat_0=38 +lon_0=-98 +units=m +a=6370997.0 +ellps=sphere ,384.0,384.0,384000.0,384000.0,0.0,167.0,0.0
R19030616157359,vil/2019/SEVIR_VIL_RANDOMEVENTS_2019_0101_0430.h5,606,vil,2019-03-06 16:15:00,-120:-115:-110:-105:-100:-95:-90:-85:-80:-75:-70:-65:-60:-55:-50:-45:-40:-35:-30:-25:-20:-15:-10:-5:0:5:10:15:20:25:30:35:40:45:50:55:60:65:70:75:80:85:90:95:100:105:110:115:120,,,,32.87968223722587,-120.5118566330489,36.97706371735913,-117.24955797302248,+proj=laea +lat_0=38 +lon_0=-98 +units=m +a=6370997.0 +ellps=sphere ,384.0,384.0,384000.0,384000.0,0.0,246.0,0.0
R19021922157789,vil/2019/SEVIR_VIL_RANDOMEVENTS_2019_0101_0430.h5,644,vil,2019-02-19 22:15:00,-120:-115:-110:-105:-100:-95:-90:-85:-80:-75:-70:-65:-60:-55:-50:-45:-40:-35:-30:-25:-20:-15:-10:-5:0:5:10:15:20:25:30:35:40:45:50:55:60:65:70:75:80:85:90:95:100:105:110:115:120,,,,34.97838173446195,-95.13569819199056,38.23652784578341,-90.6040237882608,+proj=laea +lat_0=38 +lon_0=-98 +units=m +a=6370997.0 +ellps=sphere ,384.0,384.0,384000.0,384000.0,0.0,203.0,0.1019912685126133
R19042118288661,vil/2019/SEVIR_VIL_RANDOMEVENTS_2019_0101_0430.h5,683,vil,2019-04-21 18:28:45,-120:-115:-110:-105:-100:-95:-90:-85:-80:-75:-70:-65:-60:-55:-50:-45:-40:-35:-30:-25:-20:-15:-10:-5:0:5:10:15:20:25:30:35:40:45:50:55:60:65:70:75:80:85:90:95:100:105:110:115:120,,,,45.70074806870966,-95.22425781626956,48.94261873261365,-89.80512238956885,+proj=laea +lat_0=38 +lon_0=-98 +units=m +a=6370997.0 +ellps=sphere ,384.0,384.0,384000.0,384000.0,0.0,189.0,0.0
R19041412407696,vil/2019/SEVIR_VIL_RANDOMEVENTS_2019_0101_0430.h5,696,vil,2019-04-14 12:40:50,-120:-115:-110:-105:-100:-95:-90:-85:-80:-75:-70:-65:-60:-55:-50:-45:-40:-35:-30:-25:-20:-15:-10:-5:0:5:10:15:20:25:30:35:40:45:50:55:60:65:70:75:80:85:90:95:100:105:110:115:120,,,,33.42576451853789,-91.19800009538606,36.526446606771614,-86.60215178902314,+proj=laea +lat_0=38 +lon_0=-98 +units=m +a=6370997.0 +ellps=sphere ,384.0,384.0,384000.0,384000.0,0.0,206.0,0.1163058810763889
R19041412407976,vil/2019/SEVIR_VIL_RANDOMEVENTS_2019_0101_0430.h5,699,vil,2019-04-14 12:40:50,-120:-115:-110:-105:-100:-95:-90:-85:-80:-75:-70:-65:-60:-55:-50:-45:-40:-35:-30:-25:-20:-15:-10:-5:0:5:10:15:20:25:30:35:40:45:50:55:60:65:70:75:80:85:90:95:100:105:110:115:120,,,,37.79398495375273,-83.81058741983306,40.54067067811476,-78.5810084780004,+proj=laea +lat_0=38 +lon_0=-98 +units=m +a=6370997.0 +ellps=sphere ,384.0,384.0,384000.0,384000.0,0.0,193.0,0.1428019205729166
R19041412407658,vil/2019/SEVIR_VIL_RANDOMEVENTS_2019_0101_0430.h5,701,vil,2019-04-14 12:40:50,-120:-115:-110:-105:-100:-95:-90:-85:-80:-75:-70:-65:-60:-55:-50:-45:-40:-35:-30:-25:-20:-15:-10:-5:0:5:10:15:20:25:30:35:40:45:50:55:60:65:70:75:80:85:90:95:100:105:110:115:120,,,,33.37747698937782,-84.25636543933621,36.17244669129156,-79.39316929025713,+proj=laea +lat_0=38 +lon_0=-98 +units=m +a=6370997.0 +ellps=sphere ,384.0,384.0,384000.0,384000.0,0.0,223.0,0.1342880006820436
R19042917578674,vil/2019/SEVIR_VIL_RANDOMEVENTS_2019_0101_0430.h5,706,vil,2019-04-29 17:57:55,-120:-115:-110:-105:-100:-95:-90:-85:-80:-75:-70:-65:-60:-55:-50:-45:-40:-35:-30:-25:-20:-15:-10:-5:0:5:10:15:20:25:30:35:40:45:50:55:60:65:70:75:80:85:90:95:100:105:110:115:120,,,,45.64945081380346,-93.98029960961108,48.83632129070716,-88.49285450573811,+proj=laea +lat_0=38 +lon_0=-98 +units=m +a=6370997.0 +ellps=sphere ,384.0,384.0,384000.0,384000.0,0.0,87.0,0.0
R19030513207361,vil/2019/SEVIR_VIL_RANDOMEVENTS_2019_0101_0430.h5,723,vil,2019-03-05 13:20:25,-120:-115:-110:-105:-100:-95:-90:-85:-80:-75:-70:-65:-60:-55:-50:-45:-40:-35:-30:-25:-20:-15:-10:-5:0:5:10:15:20:25:30:35:40:45:50:55:60:65:70:75:80:85:90:95:100:105:110:115:120,,,,33.77342004658554,-121.32506057817608,37.892933612787616,-118.0831809290019,+proj=laea +lat_0=38 +lon_0=-98 +units=m +a=6370997.0 +ellps=sphere ,384.0,384.0,384000.0,384000.0,0.0,181.0,0.0
R19040219207791,vil/2019/SEVIR_VIL_RANDOMEVENTS_2019_0101_0430.h5,753,vil,2019-04-02 19:20:00,-120:-115:-110:-105:-100:-95:-90:-85:-80:-75:-70:-65:-60:-55:-50:-45:-40:-35:-30:-25:-20:-15:-10:-5:0:5:10:15:20:25:30:35:40:45:50:55:60:65:70:75:80:85:90:95:100:105:110:115:120,,,,35.845009653617225,-79.96337980564344,38.41857908218721,-74.74519033950384,+proj=laea +lat_0=38 +lon_0=-98 +units=m +a=6370997.0 +ellps=sphere ,384.0,384.0,384000.0,384000.0,0.0,199.0,0.0
R19040818487601,vil/2019/SEVIR_VIL_RANDOMEVENTS_2019_0101_0430.h5,764,vil,2019-04-08 18:48:45,-120:-115:-110:-105:-100:-95:-90:-85:-80:-75:-70:-65:-60:-55:-50:-45:-40:-35:-30:-25:-20:-15:-10:-5:0:5:10:15:20:25:30:35:40:45:50:55:60:65:70:75:80:85:90:95:100:105:110:115:120,,,,31.771618463703287,-91.58176465756478,34.89536060276991,-87.10413362668541,+proj=laea +lat_0=38 +lon_0=-98 +units=m +a=6370997.0 +ellps=sphere ,384.0,384.0,384000.0,384000.0,0.0,217.0,0.0
R19012723028155,vil/2019/SEVIR_VIL_RANDOMEVENTS_2019_0101_0430.h5,800,vil,2019-01-27 23:02:55,-120:-115:-110:-105:-100:-95:-90:-85:-80:-75:-70:-65:-60:-55:-50:-45:-40:-35:-30:-25:-20:-15:-10:-5:0:5:10:15:20:25:30:35:40:45:50:55:60:65:70:75:80:85:90:95:100:105:110:115:120,,,,40.55428549848273,-97.98816648980257,43.91773566920785,-93.19655385568107,+proj=laea +lat_0=38 +lon_0=-98 +units=m +a=6370997.0 +ellps=sphere ,384.0,384.0,384000.0,384000.0,0.0,142.0,0.0
R19041405198050,vil/2019/SEVIR_VIL_RANDOMEVENTS_2019_0101_0430.h5,848,vil,2019-04-14 05:19:10,-120:-115:-110:-105:-100:-95:-90:-85:-80:-75:-70:-65:-60:-55:-50:-45:-40:-35:-30:-25:-20:-15:-10:-5:0:5:10:15:20:25:30:35:40:45:50:55:60:65:70:75:80:85:90:95:100:105:110:115:120,,,,39.43235565945052,-76.40345007554795,41.7954583026068,-70.71634956347316,+proj=laea +lat_0=38 +lon_0=-98 +units=m +a=6370997.0 +ellps=sphere ,384.0,384.0,384000.0,384000.0,0.0,116.0,0.2219260425524376
R19041405197684,vil/2019/SEVIR_VIL_RANDOMEVENTS_2019_0101_0430.h5,851,vil,2019-04-14 05:19:10,-120:-115:-110:-105:-100:-95:-90:-85:-80:-75:-70:-65:-60:-55:-50:-45:-40:-35:-30:-25:-20:-15:-10:-5:0:5:10:15:20:25:30:35:40:45:50:55:60:65:70:75:80:85:90:95:100:105:110:115:120,,,,33.20352129494909,-91.72229834384144,36.327142768148505,-87.16175572808834,+proj=laea +lat_0=38 +lon_0=-98 +units=m +a=6370997.0 +ellps=sphere ,384.0,384.0,384000.0,384000.0,0.0,254.0,0.2638422475109836
R19011917457834,vil/2019/SEVIR_VIL_RANDOMEVENTS_2019_0101_0430.h5,958,vil,2019-01-19 17:45:50,-120:-115:-110:-105:-100:-95:-90:-85:-80:-75:-70:-65:-60:-55:-50:-45:-40:-35:-30:-25:-20:-15:-10:-5:0:5:10:15:20:25:30:35:40:45:50:55:60:65:70:75:80:85:90:95:100:105:110:115:120,,,,35.59022580806685,-92.23445579102274,38.726420222426775,-87.53629838388142,+proj=laea +lat_0=38 +lon_0=-98 +units=m +a=6370997.0 +ellps=sphere ,384.0,384.0,384000.0,384000.0,0.0,213.0,0.0
R19041002137440,vil/2019/SEVIR_VIL_RANDOMEVENTS_2019_0101_0430.h5,974,vil,2019-04-10 02:13:45,-120:-115:-110:-105:-100:-95:-90:-85:-80:-75:-70:-65:-60:-55:-50:-45:-40:-35:-30:-25:-20:-15:-10:-5:0:5:10:15:20:25:30:35:40:45:50:55:60:65:70:75:80:85:90:95:100:105:110:115:120,,,,30.52977262983416,-112.44194973227198,34.40098279192589,-108.87309124914158,+proj=laea +lat_0=38 +lon_0=-98 +units=m +a=6370997.0 +ellps=sphere ,384.0,384.0,384000.0,384000.0,0.0,110.0,0.0
R19041002138140,vil/2019/SEVIR_VIL_RANDOMEVENTS_2019_0101_0430.h5,975,vil,2019-04-10 02:13:45,-120:-115:-110:-105:-100:-95:-90:-85:-80:-75:-70:-65:-60:-55:-50:-45:-40:-35:-30:-25:-20:-15:-10:-5:0:5:10:15:20:25:30:35:40:45:50:55:60:65:70:75:80:85:90:95:100:105:110:115:120,,,,45.86867578954929,-113.95706028752907,49.81859168366032,-109.76625806523,+proj=laea +lat_0=38 +lon_0=-98 +units=m +a=6370997.0 +ellps=sphere ,384.0,384.0,384000.0,384000.0,0.0,145.0,0.0
R19021507058415,vil/2019/SEVIR_VIL_RANDOMEVENTS_2019_0101_0430.h5,1006,vil,2019-02-15 07:05:00,-120:-115:-110:-105:-100:-95:-90:-85:-80:-75:-70:-65:-60:-55:-50:-45:-40:-35:-30:-25:-20:-15:-10:-5:0:5:10:15:20:25:30:35:40:45:50:55:60:65:70:75:80:85:90:95:100:105:110:115:120,,,,47.0337264121796,-109.27677358196276,50.83271889809002,-104.65978186500224,+proj=laea +lat_0=38 +lon_0=-98 +units=m +a=6370997.0 +ellps=sphere ,384.0,384.0,384000.0,384000.0,0.0,35.0,0.0
R19040623217924,vil/2019/SEVIR_VIL_RANDOMEVENTS_2019_0101_0430.h5,1021,vil,2019-04-06 23:21:40,-120:-115:-110:-105:-100:-95:-90:-85:-80:-75:-70:-65:-60:-55:-50:-45:-40:-35:-30:-25:-20:-15:-10:-5:0:5:10:15:20:25:30:35:40:45:50:55:60:65:70:75:80:85:90:95:100:105:110:115:120,,,,37.36123782010701,-98.23760563274617,40.73836032672575,-93.6904885000029,+proj=laea +lat_0=38 +lon_0=-98 +units=m +a=6370997.0 +ellps=sphere ,384.0,384.0,384000.0,384000.0,0.0,254.0,0.0
R19040623218191,vil/2019/SEVIR_VIL_RANDOMEVENTS_2019_0101_0430.h5,1022,vil,2019-04-06 23:21:40,-120:-115:-110:-105:-100:-95:-90:-85:-80:-75:-70:-65:-60:-55:-50:-45:-40:-35:-30:-25:-20:-15:-10:-5:0:5:10:15:20:25:30:35:40:45:50:55:60:65:70:75:80:85:90:95:100:105:110:115:120,,,,46.20402216234521,-113.31064096503356,50.13484350165653,-109.05022338784777,+proj=laea +lat_0=38 +lon_0=-98 +units=m +a=6370997.0 +ellps=sphere ,384.0,384.0,384000.0,384000.0,0.0,92.0,0.0
R19040623217577,vil/2019/SEVIR_VIL_RANDOMEVENTS_2019_0101_0430.h5,1024,vil,2019-04-06 23:21:40,-120:-115:-110:-105:-100:-95:-90:-85:-80:-75:-70:-65:-60:-55:-50:-45:-40:-35:-30:-25:-20:-15:-10:-5:0:5:10:15:20:25:30:35:40:45:50:55:60:65:70:75:80:85:90:95:100:105:110:115:120,,,,31.208629769275337,-94.90281717536828,34.46915869259504,-90.58611089532816,+proj=laea +lat_0=38 +lon_0=-98 +units=m +a=6370997.0 +ellps=sphere ,384.0,384.0,384000.0,384000.0,0.0,254.0,0.0
R19040623217483,vil/2019/SEVIR_VIL_RANDOMEVENTS_2019_0101_0430.h5,1027,vil,2019-04-06 23:21:40,-120:-115:-110:-105:-100:-95:-90:-85:-80:-75:-70:-65:-60:-55:-50:-45:-40:-35:-30:-25:-20:-15:-10:-5:0:5:10:15:20:25:30:35:40:45:50:55:60:65:70:75:80:85:90:95:100:105:110:115:120,,,,29.222710904901284,-98.26713750422572,32.618921496774426,-94.1803208663298,+proj=laea +lat_0=38 +lon_0=-98 +units=m +a=6370997.0 +ellps=sphere ,384.0,384.0,384000.0,384000.0,0.0,254.0,0.0
R19032407368193,vil/2019/SEVIR_VIL_RANDOMEVENTS_2019_0101_0430.h5,1127,vil,2019-03-24 07:36:40,-120:-115:-110:-105:-100:-95:-90:-85:-80:-75:-70:-65:-60:-55:-50:-45:-40:-35:-30:-25:-20:-15:-10:-5:0:5:10:15:20:25:30:35:40:45:50:55:60:65:70:75:80:85:90:95:100:105:110:115:120,,,,40.55249242614008,-94.0459834624132,43.75174759636624,-89.05128611883283,+proj=laea +lat_0=38 +lon_0=-98 +units=m +a=6370997.0 +ellps=sphere ,384.0,384.0,384000.0,384000.0,0.0,163.0,0.0
R19042820427565,vil/2019/SEVIR_VIL_RANDOMEVENTS_2019_0101_0430.h5,1164,vil,2019-04-28 20:42:30,-120:-115:-110:-105:-100:-95:-90:-85:-80:-75:-70:-65:-60:-55:-50:-45:-40:-35:-30:-25:-20:-15:-10:-5:0:5:10:15:20:25:30:35:40:45:50:55:60:65:70:75:80:85:90:95:100:105:110:115:120,,,,31.32314073426588,-102.27943934642558,34.86069832478312,-98.25198741161392,+proj=laea +lat_0=38 +lon_0=-98 +units=m +a=6370997.0 +ellps=sphere ,384.0,384.0,384000.0,384000.0,0.0,115.0,0.0
R19042820427732,vil/2019/SEVIR_VIL_RANDOMEVENTS_2019_0101_0430.h5,1166,vil,2019-04-28 20:42:30,-120:-115:-110:-105:-100:-95:-90:-85:-80:-75:-70:-65:-60:-55:-50:-45:-40:-35:-30:-25:-20:-15:-10:-5:0:5:10:15:20:25:30:35:40:45:50:55:60:65:70:75:80:85:90:95:100:105:110:115:120,,,,37.07293704670586,-110.41589307562244,40.885943419201006,-106.49607680825052,+proj=laea +lat_0=38 +lon_0=-98 +units=m +a=6370997.0 +ellps=sphere ,384.0,384.0,384000.0,384000.0,0.0,198.0,0.0
R19042820427815,vil/2019/SEVIR_VIL_RANDOMEVENTS_2019_0101_0430.h5,1170,vil,2019-04-28 20:42:30,-120:-115:-110:-105:-100:-95:-90:-85:-80:-75:-70:-65:-60:-55:-50:-45:-40:-35:-30:-25:-20:-15:-10:-5:0:5:10:15:20:25:30:35:40:45:50:55:60:65:70:75:80:85:90:95:100:105:110:115:120,,,,37.13287464151354,-106.01143910411724,40.79851410889725,-101.8614280565693,+proj=laea +lat_0=38 +lon_0=-98 +units=m +a=6370997.0 +ellps=sphere ,384.0,384.0,384000.0,384000.0,0.0,254.0,0.0
R19040818137722,vil/2019/SEVIR_VIL_RANDOMEVENTS_2019_0101_0430.h5,1181,vil,2019-04-08 18:13:20,-120:-115:-110:-105:-100:-95:-90:-85:-80:-75:-70:-65:-60:-55:-50:-45:-40:-35:-30:-25:-20:-15:-10:-5:0:5:10:15:20:25:30:35:40:45:50:55:60:65:70:75:80:85:90:95:100:105:110:115:120,,,,33.94261251133671,-89.0218378843354,36.94770965340329,-84.30428616105104,+proj=laea +lat_0=38 +lon_0=-98 +units=m +a=6370997.0 +ellps=sphere ,384.0,384.0,384000.0,384000.0,0.0,227.0,0.0
R19040818138514,vil/2019/SEVIR_VIL_RANDOMEVENTS_2019_0101_0430.h5,1182,vil,2019-04-08 18:13:20,-120:-115:-110:-105:-100:-95:-90:-85:-80:-75:-70:-65:-60:-55:-50:-45:-40:-35:-30:-25:-20:-15:-10:-5:0:5:10:15:20:25:30:35:40:45:50:55:60:65:70:75:80:85:90:95:100:105:110:115:120,,,,44.61052353613607,-70.78254932173256,46.61109829493125,-64.26867999694727,+proj=laea +lat_0=38 +lon_0=-98 +units=m +a=6370997.0 +ellps=sphere ,384.0,384.0,384000.0,384000.0,0.0,176.0,0.0
R19032420117565,vil/2019/SEVIR_VIL_RANDOMEVENTS_2019_0101_0430.h5,1188,vil,2019-03-24 20:11:15,-120:-115:-110:-105:-100:-95:-90:-85:-80:-75:-70:-65:-60:-55:-50:-45:-40:-35:-30:-25:-20:-15:-10:-5:0:5:10:15:20:25:30:35:40:45:50:55:60:65:70:75:80:85:90:95:100:105:110:115:120,,,,32.05094012047841,-106.3539609371467,35.72859698839756,-102.4660017046706,+proj=laea +lat_0=38 +lon_0=-98 +units=m +a=6370997.0 +ellps=sphere ,384.0,384.0,384000.0,384000.0,0.0,150.0,0.0
R19042103277865,vil/2019/SEVIR_VIL_RANDOMEVENTS_2019_0101_0430.h5,1221,vil,2019-04-21 03:27:05,-120:-115:-110:-105:-100:-95:-90:-85:-80:-75:-70:-65:-60:-55:-50:-45:-40:-35:-30:-25:-20:-15:-10:-5:0:5:10:15:20:25:30:35:40:45:50:55:60:65:70:75:80:85:90:95:100:105:110:115:120,,,,36.8169758191751,-79.84404316954553,39.37724254476822,-74.53834138714275,+proj=laea +lat_0=38 +lon_0=-98 +units=m +a=6370997.0 +ellps=sphere ,384.0,384.0,384000.0,384000.0,0.0,99.0,0.0
R19042904178374,vil/2019/SEVIR_VIL_RANDOMEVENTS_2019_0101_0430.h5,1227,vil,2019-04-29 04:17:05,-120:-115:-110:-105:-100:-95:-90:-85:-80:-75:-70:-65:-60:-55:-50:-45:-40:-35:-30:-25:-20:-15:-10:-5:0:5:10:15:20:25:30:35:40:45:50:55:60:65:70:75:80:85:90:95:100:105:110:115:120,,,,44.84822167094661,-104.73257224774088,48.47675526834725,-99.98611275686773,+proj=laea +lat_0=38 +lon_0=-98 +units=m +a=6370997.0 +ellps=sphere ,384.0,384.0,384000.0,384000.0,0.0,160.0,0.0
R19042904177384,vil/2019/SEVIR_VIL_RANDOMEVENTS_2019_0101_0430.h5,1228,vil,2019-04-29 04:17:05,-120:-115:-110:-105:-100:-95:-90:-85:-80:-75:-70:-65:-60:-55:-50:-45:-40:-35:-30:-25:-20:-15:-10:-5:0:5:10:15:20:25:30:35:40:45:50:55:60:65:70:75:80:85:90:95:100:105:110:115:120,,,,28.87751713464814,-83.45912124113768,31.666890410482782,-78.86441689214017,+proj=laea +lat_0=38 +lon_0=-98 +units=m +a=6370997.0 +ellps=sphere ,384.0,384.0,384000.0,384000.0,0.0,149.0,0.0
R19043015108115,vil/2019/SEVIR_VIL_RANDOMEVENTS_2019_0101_0430.h5,1241,vil,2019-04-30 15:10:25,-120:-115:-110:-105:-100:-95:-90:-85:-80:-75:-70:-65:-60:-55:-50:-45:-40:-35:-30:-25:-20:-15:-10:-5:0:5:10:15:20:25:30:35:40:45:50:55:60:65:70:75:80:85:90:95:100:105:110:115:120,,,,39.499589556126864,-93.07878378074288,42.659849797284906,-88.12378798173245,+proj=laea +lat_0=38 +lon_0=-98 +units=m +a=6370997.0 +ellps=sphere ,384.0,384.0,384000.0,384000.0,0.0,254.0,0.0
R19043015108157,vil/2019/SEVIR_VIL_RANDOMEVENTS_2019_0101_0430.h5,1242,vil,2019-04-30 15:10:25,-120:-115:-110:-105:-100:-95:-90:-85:-80:-75:-70:-65:-60:-55:-50:-45:-40:-35:-30:-25:-20:-15:-10:-5:0:5:10:15:20:25:30:35:40:45:50:55:60:65:70:75:80:85:90:95:100:105:110:115:120,,,,39.8402346049898,-86.87149242622128,42.72049953072913,-81.59397547614583,+proj=laea +lat_0=38 +lon_0=-98 +units=m +a=6370997.0 +ellps=sphere ,384.0,384.0,384000.0,384000.0,0.0,234.0,0.0
R19040702367621,vil/2019/SEVIR_VIL_RANDOMEVENTS_2019_0101_0430.h5,1256,vil,2019-04-07 02:36:40,-120:-115:-110:-105:-100:-95:-90:-85:-80:-75:-70:-65:-60:-55:-50:-45:-40:-35:-30:-25:-20:-15:-10:-5:0:5:10:15:20:25:30:35:40:45:50:55:60:65:70:75:80:85:90:95:100:105:110:115:120,,,,32.25143962742409,-89.55204622849098,35.28750797094134,-84.96675054087142,+proj=laea +lat_0=38 +lon_0=-98 +units=m +a=6370997.0 +ellps=sphere ,384.0,384.0,384000.0,384000.0,0.0,254.0,0.0
R19022713547618,vil/2019/SEVIR_VIL_RANDOMEVENTS_2019_0101_0430.h5,1294,vil,2019-02-27 13:54:10,-120:-115:-110:-105:-100:-95:-90:-85:-80:-75:-70:-65:-60:-55:-50:-45:-40:-35:-30:-25:-20:-15:-10:-5:0:5:10:15:20:25:30:35:40:45:50:55:60:65:70:75:80:85:90:95:100:105:110:115:120,,,,38.89511696391785,-118.03738714091271,42.940277257626775,-114.4643852140996,+proj=laea +lat_0=38 +lon_0=-98 +units=m +a=6370997.0 +ellps=sphere ,384.0,384.0,384000.0,384000.0,0.0,95.0,0.0
R19011212047357,vil/2019/SEVIR_VIL_RANDOMEVENTS_2019_0101_0430.h5,1311,vil,2019-01-12 12:04:35,-120:-115:-110:-105:-100:-95:-90:-85:-80:-75:-70:-65:-60:-55:-50:-45:-40:-35:-30:-25:-20:-15:-10:-5:0:5:10:15:20:25:30:35:40:45:50:55:60:65:70:75:80:85:90:95:100:105:110:115:120,,,,31.186805602763748,-118.70681587686327,35.235106022064244,-115.3978456118002,+proj=laea +lat_0=38 +lon_0=-98 +units=m +a=6370997.0 +ellps=sphere ,384.0,384.0,384000.0,384000.0,0.0,243.0,0.0
R19011212047357,vil/2019/SEVIR_VIL_RANDOMEVENTS_2019_0101_0430.h5,1312,vil,2019-01-12 12:04:35,-120:-115:-110:-105:-100:-95:-90:-85:-80:-75:-70:-65:-60:-55:-50:-45:-40:-35:-30:-25:-20:-15:-10:-5:0:5:10:15:20:25:30:35:40:45:50:55:60:65:70:75:80:85:90:95:100:105:110:115:120,,,,32.25515310989739,-119.93506648943932,36.3368074108672,-116.6590068721608,+proj=laea +lat_0=38 +lon_0=-98 +units=m +a=6370997.0 +ellps=sphere ,384.0,384.0,384000.0,384000.0,0.0,192.0,0.0
R19032903147880,vil/2019/SEVIR_VIL_RANDOMEVENTS_2019_0101_0430.h5,1362,vil,2019-03-29 03:14:10,-120:-115:-110:-105:-100:-95:-90:-85:-80:-75:-70:-65:-60:-55:-50:-45:-40:-35:-30:-25:-20:-15:-10:-5:0:5:10:15:20:25:30:35:40:45:50:55:60:65:70:75:80:85:90:95:100:105:110:115:120,,,,36.27642123790419,-92.2729015718126,39.41189291332343,-87.5278535657341,+proj=laea +lat_0=38 +lon_0=-98 +units=m +a=6370997.0 +ellps=sphere ,384.0,384.0,384000.0,384000.0,0.0,211.0,0.0
R19021706427665,vil/2019/SEVIR_VIL_RANDOMEVENTS_2019_0101_0430.h5,1392,vil,2019-02-17 06:42:05,-120:-115:-110:-105:-100:-95:-90:-85:-80:-75:-70:-65:-60:-55:-50:-45:-40:-35:-30:-25:-20:-15:-10:-5:0:5:10:15:20:25:30:35:40:45:50:55:60:65:70:75:80:85:90:95:100:105:110:115:120,,,,33.00921638295757,-89.19696134003347,36.02637249497715,-84.54899725395805,+proj=laea +lat_0=38 +lon_0=-98 +units=m +a=6370997.0 +ellps=sphere ,384.0,384.0,384000.0,384000.0,0.0,217.0,0.0
R19043000598343,vil/2019/SEVIR_VIL_RANDOMEVENTS_2019_0101_0430.h5,1414,vil,2019-04-30 00:59:10,-120:-115:-110:-105:-100:-95:-90:-85:-80:-75:-70:-65:-60:-55:-50:-45:-40:-35:-30:-25:-20:-15:-10:-5:0:5:10:15:20:25:30:35:40:45:50:55:60:65:70:75:80:85:90:95:100:105:110:115:120,,,,42.02037648468093,-81.06965860518906,44.604618706120654,-75.31051270377215,+proj=laea +lat_0=38 +lon_0=-98 +units=m +a=6370997.0 +ellps=sphere ,384.0,384.0,384000.0,384000.0,0.0,149.0,0.0
R19031812277278,vil/2019/SEVIR_VIL_RANDOMEVENTS_2019_0101_0430.h5,1434,vil,2019-03-18 12:27:30,-120:-115:-110:-105:-100:-95:-90:-85:-80:-75:-70:-65:-60:-55:-50:-45:-40:-35:-30:-25:-20:-15:-10:-5:0:5:10:15:20:25:30:35:40:45:50:55:60:65:70:75:80:85:90:95:100:105:110:115:120,,,,23.90785314478175,-98.2343118443025,27.32217282219079,-94.37057147509104,+proj=laea +lat_0=38 +lon_0=-98 +units=m +a=6370997.0 +ellps=sphere ,384.0,384.0,384000.0,384000.0,0.0,212.0,0.0
R19042404537897,vil/2019/SEVIR_VIL_RANDOMEVENTS_2019_0101_0430.h5,1488,vil,2019-04-24 04:53:20,-120:-115:-110:-105:-100:-95:-90:-85:-80:-75:-70:-65:-60:-55:-50:-45:-40:-35:-30:-25:-20:-15:-10:-5:0:5:10:15:20:25:30:35:40:45:50:55:60:65:70:75:80:85:90:95:100:105:110:115:120,,,,36.53732772997007,-92.84799911897252,39.69630628945693,-88.10961748541907,+proj=laea +lat_0=38 +lon_0=-98 +units=m +a=6370997.0 +ellps=sphere ,384.0,384.0,384000.0,384000.0,0.0,209.0,0.0
R19032013277317,vil/2019/SEVIR_VIL_RANDOMEVENTS_2019_0101_0430.h5,1520,vil,2019-03-20 13:27:30,-120:-115:-110:-105:-100:-95:-90:-85:-80:-75:-70:-65:-60:-55:-50:-45:-40:-35:-30:-25:-20:-15:-10:-5:0:5:10:15:20:25:30:35:40:45:50:55:60:65:70:75:80:85:90:95:100:105:110:115:120,,,,32.69612591155788,-122.09939260236668,36.83304466759246,-118.91902324705596,+proj=laea +lat_0=38 +lon_0=-98 +units=m +a=6370997.0 +ellps=sphere ,384.0,384.0,384000.0,384000.0,0.0,173.0,0.0
R19042802327827,vil/2019/SEVIR_VIL_RANDOMEVENTS_2019_0101_0430.h5,1538,vil,2019-04-28 02:32:30,-120:-115:-110:-105:-100:-95:-90:-85:-80:-75:-70:-65:-60:-55:-50:-45:-40:-35:-30:-25:-20:-15:-10:-5:0:5:10:15:20:25:30:35:40:45:50:55:60:65:70:75:80:85:90:95:100:105:110:115:120,,,,35.83411719047896,-84.22233765414184,38.61218743009526,-79.17241160677328,+proj=laea +lat_0=38 +lon_0=-98 +units=m +a=6370997.0 +ellps=sphere ,384.0,384.0,384000.0,384000.0,0.0,181.0,0.0
R19031121407622,vil/2019/SEVIR_VIL_RANDOMEVENTS_2019_0101_0430.h5,1539,vil,2019-03-11 21:40:50,-120:-115:-110:-105:-100:-95:-90:-85:-80:-75:-70:-65:-60:-55:-50:-45:-40:-35:-30:-25:-20:-15:-10:-5:0:5:10:15:20:25:30:35:40:45:50:55:60:65:70:75:80:85:90:95:100:105:110:115:120,,,,32.29558151304021,-89.1844073520376,35.31568538904509,-84.58219937177418,+proj=laea +lat_0=38 +lon_0=-98 +units=m +a=6370997.0 +ellps=sphere ,384.0,384.0,384000.0,384000.0,0.0,210.0,0.0
R19042600597801,vil/2019/SEVIR_VIL_RANDOMEVENTS_2019_0101_0430.h5,1564,vil,2019-04-26 00:59:10,-120:-115:-110:-105:-100:-95:-90:-85:-80:-75:-70:-65:-60:-55:-50:-45:-40:-35:-30:-25:-20:-15:-10:-5:0:5:10:15:20:25:30:35:40:45:50:55:60:65:70:75:80:85:90:95:100:105:110:115:120,,,,35.341110020834456,-85.61655219282522,38.186700961079424,-80.6610650177579,+proj=laea +lat_0=38 +lon_0=-98 +units=m +a=6370997.0 +ellps=sphere ,384.0,384.0,384000.0,384000.0,0.0,225.0,0.0
R19010904277867,vil/2019/SEVIR_VIL_RANDOMEVENTS_2019_0101_0430.h5,1624,vil,2019-01-09 04:27:05,-120:-115:-110:-105:-100:-95:-90:-85:-80:-75:-70:-65:-60:-55:-50:-45:-40:-35:-30:-25:-20:-15:-10:-5:0:5:10:15:20:25:30:35:40:45:50:55:60:65:70:75:80:85:90:95:100:105:110:115:120,,,,45.33304182717803,-119.39388854648008,49.44056538854785,-115.63433938973247,+proj=laea +lat_0=38 +lon_0=-98 +units=m +a=6370997.0 +ellps=sphere ,384.0,384.0,384000.0,384000.0,0.0,204.0,0.0
R19010510528266,vil/2019/SEVIR_VIL_RANDOMEVENTS_2019_0101_0430.h5,1633,vil,2019-01-05 10:52:30,-120:-115:-110:-105:-100:-95:-90:-85:-80:-75:-70:-65:-60:-55:-50:-45:-40:-35:-30:-25:-20:-15:-10:-5:0:5:10:15:20:25:30:35:40:45:50:55:60:65:70:75:80:85:90:95:100:105:110:115:120,,,,41.442866730845054,-78.56953466664616,43.90251065409701,-72.76261716550113,+proj=laea +lat_0=38 +lon_0=-98 +units=m +a=6370997.0 +ellps=sphere ,384.0,384.0,384000.0,384000.0,0.0,195.0,0.0
R19041001227237,vil/2019/SEVIR_VIL_RANDOMEVENTS_2019_0101_0430.h5,1720,vil,2019-04-10 01:22:30,-120:-115:-110:-105:-100:-95:-90:-85:-80:-75:-70:-65:-60:-55:-50:-45:-40:-35:-30:-25:-20:-15:-10:-5:0:5:10:15:20:25:30:35:40:45:50:55:60:65:70:75:80:85:90:95:100:105:110:115:120,,,,25.9774216570258,-83.33059865725055,28.782804046299272,-78.89853979090208,+proj=laea +lat_0=38 +lon_0=-98 +units=m +a=6370997.0 +ellps=sphere ,384.0,384.0,384000.0,384000.0,0.0,227.0,0.0
R19041509407625,vil/2019/SEVIR_VIL_RANDOMEVENTS_2019_0101_0430.h5,1731,vil,2019-04-15 09:40:00,-120:-115:-110:-105:-100:-95:-90:-85:-80:-75:-70:-65:-60:-55:-50:-45:-40:-35:-30:-25:-20:-15:-10:-5:0:5:10:15:20:25:30:35:40:45:50:55:60:65:70:75:80:85:90:95:100:105:110:115:120,,,,32.3052060727947,-89.79253006919235,35.35127884201825,-85.2130805689806,+proj=laea +lat_0=38 +lon_0=-98 +units=m +a=6370997.0 +ellps=sphere ,384.0,384.0,384000.0,384000.0,0.0,17.0,0.0
R19041509408475,vil/2019/SEVIR_VIL_RANDOMEVENTS_2019_0101_0430.h5,1735,vil,2019-04-15 09:40:00,-120:-115:-110:-105:-100:-95:-90:-85:-80:-75:-70:-65:-60:-55:-50:-45:-40:-35:-30:-25:-20:-15:-10:-5:0:5:10:15:20:25:30:35:40:45:50:55:60:65:70:75:80:85:90:95:100:105:110:115:120,,,,43.852328510971184,-74.07327291787523,46.04803774956986,-67.79361667814008,+proj=laea +lat_0=38 +lon_0=-98 +units=m +a=6370997.0 +ellps=sphere ,384.0,384.0,384000.0,384000.0,0.0,211.0,0.0
R19041509408069,vil/2019/SEVIR_VIL_RANDOMEVENTS_2019_0101_0430.h5,1738,vil,2019-04-15 09:40:00,-120:-115:-110:-105:-100:-95:-90:-85:-80:-75:-70:-65:-60:-55:-50:-45:-40:-35:-30:-25:-20:-15:-10:-5:0:5:10:15:20:25:30:35:40:45:50:55:60:65:70:75:80:85:90:95:100:105:110:115:120,,,,39.729217521552265,-75.7353573671327,42.05438400320035,-69.99147243900082,+proj=laea +lat_0=38 +lon_0=-98 +units=m +a=6370997.0 +ellps=sphere ,384.0,384.0,384000.0,384000.0,0.0,254.0,0.0
R19040205597500,vil/2019/SEVIR_VIL_RANDOMEVENTS_2019_0101_0430.h5,1797,vil,2019-04-02 05:59:35,-120:-115:-110:-105:-100:-95:-90:-85:-80:-75:-70:-65:-60:-55:-50:-45:-40:-35:-30:-25:-20:-15:-10:-5:0:5:10:15:20:25:30:35:40:45:50:55:60:65:70:75:80:85:90:95:100:105:110:115:120,,,,43.11517949515022,-124.99370724143678,47.353761164482144,-121.73163794700542,+proj=laea +lat_0=38 +lon_0=-98 +units=m +a=6370997.0 +ellps=sphere ,384.0,384.0,384000.0,384000.0,0.0,104.0,0.0
R19040205597656,vil/2019/SEVIR_VIL_RANDOMEVENTS_2019_0101_0430.h5,1798,vil,2019-04-02 05:59:35,-120:-115:-110:-105:-100:-95:-90:-85:-80:-75:-70:-65:-60:-55:-50:-45:-40:-35:-30:-25:-20:-15:-10:-5:0:5:10:15:20:25:30:35:40:45:50:55:60:65:70:75:80:85:90:95:100:105:110:115:120,,,,32.99165436168645,-87.6993045362253,35.94366306799908,-82.99437110481715,+proj=laea +lat_0=38 +lon_0=-98 +units=m +a=6370997.0 +ellps=sphere ,384.0,384.0,384000.0,384000.0,0.0,137.0,0.0
R19040121037496,vil/2019/SEVIR_VIL_RANDOMEVENTS_2019_0101_0430.h5,1814,vil,2019-04-01 21:03:45,-120:-115:-110:-105:-100:-95:-90:-85:-80:-75:-70:-65:-60:-55:-50:-45:-40:-35:-30:-25:-20:-15:-10:-5:0:5:10:15:20:25:30:35:40:45:50:55:60:65:70:75:80:85:90:95:100:105:110:115:120,,,,29.528820507278517,-96.5156363570424,32.857891942398595,-92.34832875501309,+proj=laea +lat_0=38 +lon_0=-98 +units=m +a=6370997.0 +ellps=sphere ,384.0,384.0,384000.0,384000.0,0.0,164.0,0.0
R19040121037460,vil/2019/SEVIR_VIL_RANDOMEVENTS_2019_0101_0430.h5,1815,vil,2019-04-01 21:03:45,-120:-115:-110:-105:-100:-95:-90:-85:-80:-75:-70:-65:-60:-55:-50:-45:-40:-35:-30:-25:-20:-15:-10:-5:0:5:10:15:20:25:30:35:40:45:50:55:60:65:70:75:80:85:90:95:100:105:110:115:120,,,,28.76402829007036,-96.05692035839851,32.078246249971926,-91.91017112452433,+proj=laea +lat_0=38 +lon_0=-98 +units=m +a=6370997.0 +ellps=sphere ,384.0,384.0,384000.0,384000.0,0.0,174.0,0.0
R19040121037496,vil/2019/SEVIR_VIL_RANDOMEVENTS_2019_0101_0430.h5,1817,vil,2019-04-01 21:03:45,-120:-115:-110:-105:-100:-95:-90:-85:-80:-75:-70:-65:-60:-55:-50:-45:-40:-35:-30:-25:-20:-15:-10:-5:0:5:10:15:20:25:30:35:40:45:50:55:60:65:70:75:80:85:90:95:100:105:110:115:120,,,,29.619451400812764,-94.23284330161518,32.859435963090384,-89.97596489275259,+proj=laea +lat_0=38 +lon_0=-98 +units=m +a=6370997.0 +ellps=sphere ,384.0,384.0,384000.0,384000.0,0.0,174.0,0.0
R19011717427809,vil/2019/SEVIR_VIL_RANDOMEVENTS_2019_0101_0430.h5,1830,vil,2019-01-17 17:42:05,-120:-115:-110:-105:-100:-95:-90:-85:-80:-75:-70:-65:-60:-55:-50:-45:-40:-35:-30:-25:-20:-15:-10:-5:0:5:10:15:20:25:30:35:40:45:50:55:60:65:70:75:80:85:90:95:100:105:110:115:120,,,,45.34118132302086,-120.59798749543684,49.48124329063212,-116.92829005351078,+proj=laea +lat_0=38 +lon_0=-98 +units=m +a=6370997.0 +ellps=sphere ,384.0,384.0,384000.0,384000.0,0.0,193.0,0.0
R19020108147677,vil/2019/SEVIR_VIL_RANDOMEVENTS_2019_0101_0430.h5,1846,vil,2019-02-01 08:14:35,-120:-115:-110:-105:-100:-95:-90:-85:-80:-75:-70:-65:-60:-55:-50:-45:-40:-35:-30:-25:-20:-15:-10:-5:0:5:10:15:20:25:30:35:40:45:50:55:60:65:70:75:80:85:90:95:100:105:110:115:120,,,,33.06224782447092,-93.97803491252378,36.279346045926594,-89.51741166115417,+proj=laea +lat_0=38 +lon_0=-98 +units=m +a=6370997.0 +ellps=sphere ,384.0,384.0,384000.0,384000.0,0.0,125.0,0.0
R19040611407581,vil/2019/SEVIR_VIL_RANDOMEVENTS_2019_0101_0430.h5,1853,vil,2019-04-06 11:40:25,-120:-115:-110:-105:-100:-95:-90:-85:-80:-75:-70:-65:-60:-55:-50:-45:-40:-35:-30:-25:-20:-15:-10:-5:0:5:10:15:20:25:30:35:40:45:50:55:60:65:70:75:80:85:90:95:100:105:110:115:120,,,,45.61177952067308,-125.20550464326368,49.86766768451395,-121.87979549330636,+proj=laea +lat_0=38 +lon_0=-98 +units=m +a=6370997.0 +ellps=sphere ,384.0,384.0,384000.0,384000.0,0.0,181.0,0.2457921726633361
R19042706098064,vil/2019/SEVIR_VIL_RANDOMEVENTS_2019_0101_0430.h5,1874,vil,2019-04-27 06:09:10,-120:-115:-110:-105:-100:-95:-90:-85:-80:-75:-70:-65:-60:-55:-50:-45:-40:-35:-30:-25:-20:-15:-10:-5:0:5:10:15:20:25:30:35:40:45:50:55:60:65:70:75:80:85:90:95:100:105:110:115:120,,,,45.46785553621132,-115.12983871114382,49.452407981316654,-111.04948930410616,+proj=laea +lat_0=38 +lon_0=-98 +units=m +a=6370997.0 +ellps=sphere ,384.0,384.0,384000.0,384000.0,0.0,147.0,0.0
R19042706098065,vil/2019/SEVIR_VIL_RANDOMEVENTS_2019_0101_0430.h5,1879,vil,2019-04-27 06:09:10,-120:-115:-110:-105:-100:-95:-90:-85:-80:-75:-70:-65:-60:-55:-50:-45:-40:-35:-30:-25:-20:-15:-10:-5:0:5:10:15:20:25:30:35:40:45:50:55:60:65:70:75:80:85:90:95:100:105:110:115:120,,,,39.51617172275232,-98.94420859470694,42.91879730470552,-94.28096898691516,+proj=laea +lat_0=38 +lon_0=-98 +units=m +a=6370997.0 +ellps=sphere ,384.0,384.0,384000.0,384000.0,0.0,254.0,0.0
R19032411157879,vil/2019/SEVIR_VIL_RANDOMEVENTS_2019_0101_0430.h5,1882,vil,2019-03-24 11:15:50,-120:-115:-110:-105:-100:-95:-90:-85:-80:-75:-70:-65:-60:-55:-50:-45:-40:-35:-30:-25:-20:-15:-10:-5:0:5:10:15:20:25:30:35:40:45:50:55:60:65:70:75:80:85:90:95:100:105:110:115:120,,,,36.25482403467807,-91.8495691019406,39.37234024677824,-87.08752741983206,+proj=laea +lat_0=38 +lon_0=-98 +units=m +a=6370997.0 +ellps=sphere ,384.0,384.0,384000.0,384000.0,0.0,209.0,0.0
R19032411157815,vil/2019/SEVIR_VIL_RANDOMEVENTS_2019_0101_0430.h5,1884,vil,2019-03-24 11:15:50,-120:-115:-110:-105:-100:-95:-90:-85:-80:-75:-70:-65:-60:-55:-50:-45:-40:-35:-30:-25:-20:-15:-10:-5:0:5:10:15:20:25:30:35:40:45:50:55:60:65:70:75:80:85:90:95:100:105:110:115:120,,,,35.3243454052928,-90.16346326825804,38.3728814608986,-85.3960383042172,+proj=laea +lat_0=38 +lon_0=-98 +units=m +a=6370997.0 +ellps=sphere ,384.0,384.0,384000.0,384000.0,0.0,187.0,0.0
R19030915417702,vil/2019/SEVIR_VIL_RANDOMEVENTS_2019_0101_0430.h5,1977,vil,2019-03-09 15:41:15,-120:-115:-110:-105:-100:-95:-90:-85:-80:-75:-70:-65:-60:-55:-50:-45:-40:-35:-30:-25:-20:-15:-10:-5:0:5:10:15:20:25:30:35:40:45:50:55:60:65:70:75:80:85:90:95:100:105:110:115:120,,,,34.39366912183085,-103.559975068274,37.97326265860156,-99.43753919577932,+proj=laea +lat_0=38 +lon_0=-98 +units=m +a=6370997.0 +ellps=sphere ,384.0,384.0,384000.0,384000.0,0.0,142.0,0.0
R19043019347429,vil/2019/SEVIR_VIL_RANDOMEVENTS_2019_0101_0430.h5,2011,vil,2019-04-30 19:34:35,-120:-115:-110:-105:-100:-95:-90:-85:-80:-75:-70:-65:-60:-55:-50:-45:-40:-35:-30:-25:-20:-15:-10:-5:0:5:10:15:20:25:30:35:40:45:50:55:60:65:70:75:80:85:90:95:100:105:110:115:120,,,,28.00904948255428,-96.96491650414282,31.360512596704112,-92.88677509831872,+proj=laea +lat_0=38 +lon_0=-98 +units=m +a=6370997.0 +ellps=sphere ,384.0,384.0,384000.0,384000.0,0.0,238.0,0.0
R19021820208362,vil/2019/SEVIR_VIL_RANDOMEVENTS_2019_0101_0430.h5,2033,vil,2019-02-18 20:20:25,-120:-115:-110:-105:-100:-95:-90:-85:-80:-75:-70:-65:-60:-55:-50:-45:-40:-35:-30:-25:-20:-15:-10:-5:0:5:10:15:20:25:30:35:40:45:50:55:60:65:70:75:80:85:90:95:100:105:110:115:120,,,,43.40368294804609,-99.74355491155023,46.836802778862975,-94.81392775112587,+proj=laea +lat_0=38 +lon_0=-98 +units=m +a=6370997.0 +ellps=sphere ,384.0,384.0,384000.0,384000.0,0.0,93.0,0.0
R19031708507874,vil/2019/SEVIR_VIL_RANDOMEVENTS_2019_0101_0430.h5,2072,vil,2019-03-17 08:50:00,-120:-115:-110:-105:-100:-95:-90:-85:-80:-75:-70:-65:-60:-55:-50:-45:-40:-35:-30:-25:-20:-15:-10:-5:0:5:10:15:20:25:30:35:40:45:50:55:60:65:70:75:80:85:90:95:100:105:110:115:120,,,,36.691788875069705,-98.98691932990502,40.099117896428815,-94.51936897961586,+proj=laea +lat_0=38 +lon_0=-98 +units=m +a=6370997.0 +ellps=sphere ,384.0,384.0,384000.0,384000.0,0.0,64.0,0.0
R19021903197650,vil/2019/SEVIR_VIL_RANDOMEVENTS_2019_0101_0430.h5,2195,vil,2019-02-19 03:19:35,-120:-115:-110:-105:-100:-95:-90:-85:-80:-75:-70:-65:-60:-55:-50:-45:-40:-35:-30:-25:-20:-15:-10:-5:0:5:10:15:20:25:30:35:40:45:50:55:60:65:70:75:80:85:90:95:100:105:110:115:120,,,,33.62915427895249,-81.64363075745999,36.30037248198007,-76.66414790276119,+proj=laea +lat_0=38 +lon_0=-98 +units=m +a=6370997.0 +ellps=sphere ,384.0,384.0,384000.0,384000.0,0.0,180.0,0.0
R18041306058506,vis/2018/SEVIR_VIS_RANDOMEVENTS_2018_0411_0420.h5,4,vis,2018-04-13 06:05:00,-120:-115:-110:-105:-100:-95:-90:-85:-80:-75:-70:-65:-60:-55:-50:-45:-40:-35:-30:-25:-20:-15:-10:-5:0:5:10:15:20:25:30:35:40:45:50:55:60:65:70:75:80:85:90:95:100:105:110:115:120,,,,44.59831010101619,-70.43726687804829,46.5789879375529,-63.91106321529429,+proj=laea +lat_0=38 +lon_0=-98 +units=m +a=6370997.0 +ellps=sphere ,768.0,768.0,384000.0,384000.0,-0.0031131056603044,0.0201638285070657,0.0816326530612244
R18041306057863,vis/2018/SEVIR_VIS_RANDOMEVENTS_2018_0411_0420.h5,7,vis,2018-04-13 06:05:00,-120:-115:-110:-105:-100:-95:-90:-85:-80:-75:-70:-65:-60:-55:-50:-45:-40:-35:-30:-25:-20:-15:-10:-5:0:5:10:15:20:25:30:35:40:45:50:55:60:65:70:75:80:85:90:95:100:105:110:115:120,,,,38.16260334714021,-106.61875155626656,41.850022871755264,-102.4429051457434,+proj=laea +lat_0=38 +lon_0=-98 +units=m +a=6370997.0 +ellps=sphere ,768.0,768.0,384000.0,384000.0,-0.0031952301505953,0.0270790494978427,0.0612244897959183
R18041421277110,vis/2018/SEVIR_VIS_RANDOMEVENTS_2018_0411_0420.h5,36,vis,2018-04-14 21:25:00,-120:-115:-110:-105:-100:-95:-90:-85:-80:-75:-70:-65:-60:-55:-50:-45:-40:-35:-30:-25:-20:-15:-10:-5:0:5:10:15:20:25:30:35:40:45:50:55:60:65:70:75:80:85:90:95:100:105:110:115:120,,,,23.347350512537307,-82.50670960971217,26.13782577894261,-78.18718065841134,+proj=laea +lat_0=38 +lon_0=-98 +units=m +a=6370997.0 +ellps=sphere ,768.0,768.0,384000.0,384000.0,0.0017770875710994,1.0993191003799438,0.0
R18041208258136,vis/2018/SEVIR_VIS_RANDOMEVENTS_2018_0411_0420.h5,41,vis,2018-04-12 08:25:00,-120:-115:-110:-105:-100:-95:-90:-85:-80:-75:-70:-65:-60:-55:-50:-45:-40:-35:-30:-25:-20:-15:-10:-5:0:5:10:15:20:25:30:35:40:45:50:55:60:65:70:75:80:85:90:95:100:105:110:115:120,,,,39.59068538050528,-87.00601584822405,42.47841383426579,-81.75730712680864,+proj=laea +lat_0=38 +lon_0=-98 +units=m +a=6370997.0 +ellps=sphere ,768.0,768.0,384000.0,384000.0,-0.0032857689075171,0.0047134044580161,0.0
R18041909127741,vis/2018/SEVIR_VIS_RANDOMEVENTS_2018_0411_0420.h5,55,vis,2018-04-19 09:10:00,-120:-115:-110:-105:-100:-95:-90:-85:-80:-75:-70:-65:-60:-55:-50:-45:-40:-35:-30:-25:-20:-15:-10:-5:0:5:10:15:20:25:30:35:40:45:50:55:60:65:70:75:80:85:90:95:100:105:110:115:120,,,,36.00130401955839,-106.94408678440418,39.69850018429204,-102.90014517290264,+proj=laea +lat_0=38 +lon_0=-98 +units=m +a=6370997.0 +ellps=sphere ,768.0,768.0,384000.0,384000.0,-0.0032735501881688,0.0036395641509443,0.0
R18041909127296,vis/2018/SEVIR_VIS_RANDOMEVENTS_2018_0411_0420.h5,57,vis,2018-04-19 09:10:00,-120:-115:-110:-105:-100:-95:-90:-85:-80:-75:-70:-65:-60:-55:-50:-45:-40:-35:-30:-25:-20:-15:-10:-5:0:5:10:15:20:25:30:35:40:45:50:55:60:65:70:75:80:85:90:95:100:105:110:115:120,,,,31.99661677774941,-122.37414405407586,36.13921186905555,-119.22053687451508,+proj=laea +lat_0=38 +lon_0=-98 +units=m +a=6370997.0 +ellps=sphere ,768.0,768.0,384000.0,384000.0,-0.0030806076247245,0.0034331418573856,0.0504506429036458
R18041909128164,vis/2018/SEVIR_VIS_RANDOMEVENTS_2018_0411_0420.h5,58,vis,2018-04-19 09:10:00,-120:-115:-110:-105:-100:-95:-90:-85:-80:-75:-70:-65:-60:-55:-50:-45:-40:-35:-30:-25:-20:-15:-10:-5:0:5:10:15:20:25:30:35:40:45:50:55:60:65:70:75:80:85:90:95:100:105:110:115:120,,,,40.47837386704712,-77.76809388497986,42.90401004562013,-72.02952185728019,+proj=laea +lat_0=38 +lon_0=-98 +units=m +a=6370997.0 +ellps=sphere ,768.0,768.0,384000.0,384000.0,-0.003300929442048,0.3727695345878601,0.0
R18041110158476,vis/2018/SEVIR_VIS_RANDOMEVENTS_2018_0411_0420.h5,71,vis,2018-04-11 10:15:00,-120:-115:-110:-105:-100:-95:-90:-85:-80:-75:-70:-65:-60:-55:-50:-45:-40:-35:-30:-25:-20:-15:-10:-5:0:5:10:15:20:25:30:35:40:45:50:55:60:65:70:75:80:85:90:95:100:105:110:115:120,,,,43.59656179820843,-76.66983605724378,45.93731671796662,-70.533772014835,+proj=laea +lat_0=38 +lon_0=-98 +units=m +a=6370997.0 +ellps=sphere ,768.0,768.0,384000.0,384000.0,-0.0028583784587681,0.2507285177707672,0.0
R18041418208112,vis/2018/SEVIR_VIS_RANDOMEVENTS_2018_0411_0420.h5,92,vis,2018-04-14 18:20:00,-120:-115:-110:-105:-100:-95:-90:-85:-80:-75:-70:-65:-60:-55:-50:-45:-40:-35:-30:-25:-20:-15:-10:-5:0:5:10:15:20:25:30:35:40:45:50:55:60:65:70:75:80:85:90:95:100:105:110:115:120,,,,39.53197145979072,-93.94073658519882,42.72904158075432,-89.02513204954961,+proj=laea +lat_0=38 +lon_0=-98 +units=m +a=6370997.0 +ellps=sphere ,768.0,768.0,384000.0,384000.0,0.0503457449376583,1.203661561012268,0.0
R18041421277511,vis/2018/SEVIR_VIS_RANDOMEVENTS_2018_0411_0420.h5,107,vis,2018-04-14 21:25:00,-120:-115:-110:-105:-100:-95:-90:-85:-80:-75:-70:-65:-60:-55:-50:-45:-40:-35:-30:-25:-20:-15:-10:-5:0:5:10:15:20:25:30:35:40:45:50:55:60:65:70:75:80:85:90:95:100:105:110:115:120,,,,30.14980794183873,-90.86282977632447,33.251149096181976,-86.45295460970921,+proj=laea +lat_0=38 +lon_0=-98 +units=m +a=6370997.0 +ellps=sphere ,768.0,768.0,384000.0,384000.0,0.015335883013904,1.1969329118728638,0.0
R18041616007708,vis/2018/SEVIR_VIS_RANDOMEVENTS_2018_0411_0420.h5,108,vis,2018-04-16 16:00:00,-120:-115:-110:-105:-100:-95:-90:-85:-80:-75:-70:-65:-60:-55:-50:-45:-40:-35:-30:-25:-20:-15:-10:-5:0:5:10:15:20:25:30:35:40:45:50:55:60:65:70:75:80:85:90:95:100:105:110:115:120,,,,33.587774980285246,-92.53724146476978,36.74387065075776,-87.98523555019375,+proj=laea +lat_0=38 +lon_0=-98 +units=m +a=6370997.0 +ellps=sphere ,768.0,768.0,384000.0,384000.0,0.0288147442042827,0.8349800705909729,0.0
R18041616008105,vis/2018/SEVIR_VIS_RANDOMEVENTS_2018_0411_0420.h5,114,vis,2018-04-16 16:00:00,-120:-115:-110:-105:-100:-95:-90:-85:-80:-75:-70:-65:-60:-55:-50:-45:-40:-35:-30:-25:-20:-15:-10:-5:0:5:10:15:20:25:30:35:40:45:50:55:60:65:70:75:80:85:90:95:100:105:110:115:120,,,,40.06769479420386,-76.07513023497151,42.40781931629041,-70.30993561467649,+proj=laea +lat_0=38 +lon_0=-98 +units=m +a=6370997.0 +ellps=sphere ,768.0,768.0,384000.0,384000.0,0.0490794032812118,1.21374249458313,0.0
R18041521007813,vis/2018/SEVIR_VIS_RANDOMEVENTS_2018_0411_0420.h5,131,vis,2018-04-15 21:00:00,-120:-115:-110:-105:-100:-95:-90:-85:-80:-75:-70:-65:-60:-55:-50:-45:-40:-35:-30:-25:-20:-15:-10:-5:0:5:10:15:20:25:30:35:40:45:50:55:60:65:70:75:80:85:90:95:100:105:110:115:120,,,,35.78235998095005,-82.80006356108024,38.49362361597533,-77.69760220645873,+proj=laea +lat_0=38 +lon_0=-98 +units=m +a=6370997.0 +ellps=sphere ,768.0,768.0,384000.0,384000.0,0.0306805334985256,1.0583878755569458,0.0
R18041507307915,vis/2018/SEVIR_VIS_RANDOMEVENTS_2018_0411_0420.h5,137,vis,2018-04-15 07:30:00,-120:-115:-110:-105:-100:-95:-90:-85:-80:-75:-70:-65:-60:-55:-50:-45:-40:-35:-30:-25:-20:-15:-10:-5:0:5:10:15:20:25:30:35:40:45:50:55:60:65:70:75:80:85:90:95:100:105:110:115:120,,,,36.84105284687903,-86.67949492305286,39.727257548343104,-81.65040220841767,+proj=laea +lat_0=38 +lon_0=-98 +units=m +a=6370997.0 +ellps=sphere ,768.0,768.0,384000.0,384000.0,-0.0035544913262128,0.0046300338581204,0.0
R18041208257862,vis/2018/SEVIR_VIS_RANDOMEVENTS_2018_0411_0420.h5,141,vis,2018-04-12 08:25:00,-120:-115:-110:-105:-100:-95:-90:-85:-80:-75:-70:-65:-60:-55:-50:-45:-40:-35:-30:-25:-20:-15:-10:-5:0:5:10:15:20:25:30:35:40:45:50:55:60:65:70:75:80:85:90:95:100:105:110:115:120,,,,36.44146118038364,-82.6453243367473,39.14097973763567,-77.48275431156206,+proj=laea +lat_0=38 +lon_0=-98 +units=m +a=6370997.0 +ellps=sphere ,768.0,768.0,384000.0,384000.0,-0.003240976948291,0.0036539712455123,0.0
R18041208258383,vis/2018/SEVIR_VIS_RANDOMEVENTS_2018_0411_0420.h5,142,vis,2018-04-12 08:25:00,-120:-115:-110:-105:-100:-95:-90:-85:-80:-75:-70:-65:-60:-55:-50:-45:-40:-35:-30:-25:-20:-15:-10:-5:0:5:10:15:20:25:30:35:40:45:50:55:60:65:70:75:80:85:90:95:100:105:110:115:120,,,,42.30760123115543,-87.68813549077541,45.215121055520974,-82.21205144422156,+proj=laea +lat_0=38 +lon_0=-98 +units=m +a=6370997.0 +ellps=sphere ,768.0,768.0,384000.0,384000.0,-0.0032857689075171,0.0035673666279762,0.0
R18041303577708,vis/2018/SEVIR_VIS_RANDOMEVENTS_2018_0411_0420.h5,147,vis,2018-04-13 03:55:00,-120:-115:-110:-105:-100:-95:-90:-85:-80:-75:-70:-65:-60:-55:-50:-45:-40:-35:-30:-25:-20:-15:-10:-5:0:5:10:15:20:25:30:35:40:45:50:55:60:65:70:75:80:85:90:95:100:105:110:115:120,,,,40.33248243704898,-117.12659711953071,44.35654464962495,-113.44181395678063,+proj=laea +lat_0=38 +lon_0=-98 +units=m +a=6370997.0 +ellps=sphere ,768.0,768.0,384000.0,384000.0,-0.0032528724987059,0.3357822597026825,0.076942288145727
R18041303578045,vis/2018/SEVIR_VIS_RANDOMEVENTS_2018_0411_0420.h5,148,vis,2018-04-13 03:55:00,-120:-115:-110:-105:-100:-95:-90:-85:-80:-75:-70:-65:-60:-55:-50:-45:-40:-35:-30:-25:-20:-15:-10:-5:0:5:10:15:20:25:30:35:40:45:50:55:60:65:70:75:80:85:90:95:100:105:110:115:120,,,,38.543616217431136,-85.47071731572477,41.36473185247739,-80.2467405261868,+proj=laea +lat_0=38 +lon_0=-98 +units=m +a=6370997.0 +ellps=sphere ,768.0,768.0,384000.0,384000.0,-0.0032542494591325,0.0988188087940216,0.0500024635505243
R18041303578448,vis/2018/SEVIR_VIS_RANDOMEVENTS_2018_0411_0420.h5,149,vis,2018-04-13 03:55:00,-120:-115:-110:-105:-100:-95:-90:-85:-80:-75:-70:-65:-60:-55:-50:-45:-40:-35:-30:-25:-20:-15:-10:-5:0:5:10:15:20:25:30:35:40:45:50:55:60:65:70:75:80:85:90:95:100:105:110:115:120,,,,43.75033835341716,-73.01275061072043,45.88767572119085,-66.70140680559504,+proj=laea +lat_0=38 +lon_0=-98 +units=m +a=6370997.0 +ellps=sphere ,768.0,768.0,384000.0,384000.0,-0.0193587727844715,0.0371369086205959,0.0810172498361323
R18041303158282,vis/2018/SEVIR_VIS_RANDOMEVENTS_2018_0411_0420.h5,155,vis,2018-04-13 03:15:00,-120:-115:-110:-105:-100:-95:-90:-85:-80:-75:-70:-65:-60:-55:-50:-45:-40:-35:-30:-25:-20:-15:-10:-5:0:5:10:15:20:25:30:35:40:45:50:55:60:65:70:75:80:85:90:95:100:105:110:115:120,,,,41.23590006665632,-85.87590555809395,44.06224710012965,-80.41957254997811,+proj=laea +lat_0=38 +lon_0=-98 +units=m +a=6370997.0 +ellps=sphere ,768.0,768.0,384000.0,384000.0,-0.012003662995994,0.0504148602485656,0.0656844158561862
R18041303157359,vis/2018/SEVIR_VIS_RANDOMEVENTS_2018_0411_0420.h5,158,vis,2018-04-13 03:15:00,-120:-115:-110:-105:-100:-95:-90:-85:-80:-75:-70:-65:-60:-55:-50:-45:-40:-35:-30:-25:-20:-15:-10:-5:0:5:10:15:20:25:30:35:40:45:50:55:60:65:70:75:80:85:90:95:100:105:110:115:120,,,,30.54036537290114,-117.706563484863,34.56140752389381,-114.36767601410835,+proj=laea +lat_0=38 +lon_0=-98 +units=m +a=6370997.0 +ellps=sphere ,768.0,768.0,384000.0,384000.0,-0.003337383037433,0.3819255530834198,0.0
R18041303158449,vis/2018/SEVIR_VIS_RANDOMEVENTS_2018_0411_0420.h5,159,vis,2018-04-13 03:15:00,-120:-115:-110:-105:-100:-95:-90:-85:-80:-75:-70:-65:-60:-55:-50:-45:-40:-35:-30:-25:-20:-15:-10:-5:0:5:10:15:20:25:30:35:40:45:50:55:60:65:70:75:80:85:90:95:100:105:110:115:120,,,,43.66188961448887,-73.81084528720703,45.84486077184023,-67.5438784457193,+proj=laea +lat_0=38 +lon_0=-98 +units=m +a=6370997.0 +ellps=sphere ,768.0,768.0,384000.0,384000.0,-0.0193587727844715,0.2691526412963867,0.0804732964963329
R18041819478253,vis/2018/SEVIR_VIS_RANDOMEVENTS_2018_0411_0420.h5,160,vis,2018-04-18 19:45:00,-120:-115:-110:-105:-100:-95:-90:-85:-80:-75:-70:-65:-60:-55:-50:-45:-40:-35:-30:-25:-20:-15:-10:-5:0:5:10:15:20:25:30:35:40:45:50:55:60:65:70:75:80:85:90:95:100:105:110:115:120,,,,41.72411959877704,-74.83679921463062,43.98249366196219,-68.84198179916517,+proj=laea +lat_0=38 +lon_0=-98 +units=m +a=6370997.0 +ellps=sphere ,768.0,768.0,384000.0,384000.0,0.0193637795746326,0.8798494935035706,0.0
R18041819477467,vis/2018/SEVIR_VIS_RANDOMEVENTS_2018_0411_0420.h5,161,vis,2018-04-18 19:45:00,-120:-115:-110:-105:-100:-95:-90:-85:-80:-75:-70:-65:-60:-55:-50:-45:-40:-35:-30:-25:-20:-15:-10:-5:0:5:10:15:20:25:30:35:40:45:50:55:60:65:70:75:80:85:90:95:100:105:110:115:120,,,,29.40673724704759,-89.895638433789,32.471609147484685,-85.49279910325487,+proj=laea +lat_0=38 +lon_0=-98 +units=m +a=6370997.0 +ellps=sphere ,768.0,768.0,384000.0,384000.0,0.0121970102190971,0.7580612897872925,0.0
R18041819478317,vis/2018/SEVIR_VIS_RANDOMEVENTS_2018_0411_0420.h5,163,vis,2018-04-18 19:45:00,-120:-115:-110:-105:-100:-95:-90:-85:-80:-75:-70:-65:-60:-55:-50:-45:-40:-35:-30:-25:-20:-15:-10:-5:0:5:10:15:20:25:30:35:40:45:50:55:60:65:70:75:80:85:90:95:100:105:110:115:120,,,,41.65184887127271,-89.23522981245598,44.63412002627658,-83.90047907542022,+proj=laea +lat_0=38 +lon_0=-98 +units=m +a=6370997.0 +ellps=sphere ,768.0,768.0,384000.0,384000.0,0.0442139320075511,1.2182883024215698,0.0
R18041318078310,vis/2018/SEVIR_VIS_RANDOMEVENTS_2018_0411_0420.h5,181,vis,2018-04-13 18:05:00,-120:-115:-110:-105:-100:-95:-90:-85:-80:-75:-70:-65:-60:-55:-50:-45:-40:-35:-30:-25:-20:-15:-10:-5:0:5:10:15:20:25:30:35:40:45:50:55:60:65:70:75:80:85:90:95:100:105:110:115:120,,,,42.9997876534589,-100.67866839589324,46.47015316715175,-95.83804704363254,+proj=laea +lat_0=38 +lon_0=-98 +units=m +a=6370997.0 +ellps=sphere ,768.0,768.0,384000.0,384000.0,0.1564454287290573,1.218159556388855,0.0
R19041215417493,ir107/2019/SEVIR_IR107_RANDOMEVENTS_2019_0101_0430.h5,15,ir107,2019-04-12 15:39:00,-120:-115:-110:-105:-100:-95:-90:-85:-80:-75:-70:-65:-60:-55:-50:-45:-40:-35:-30:-25:-20:-15:-10:-5:0:5:10:15:20:25:30:35:40:45:50:55:60:65:70:75:80:85:90:95:100:105:110:115:120,,,,30.87717901716876,-83.2365355324757,33.64219012766711,-78.50783256122817,+proj=laea +lat_0=38 +lon_0=-98 +units=m +a=6370997.0 +ellps=sphere ,192.0,192.0,384000.0,384000.0,-58.36464691162109,24.82122039794922,0.0
R19021922157789,ir107/2019/SEVIR_IR107_RANDOMEVENTS_2019_0101_0430.h5,36,ir107,2019-02-19 22:14:00,-120:-115:-110:-105:-100:-95:-90:-85:-80:-75:-70:-65:-60:-55:-50:-45:-40:-35:-30:-25:-20:-15:-10:-5:0:5:10:15:20:25:30:35:40:45:50:55:60:65:70:75:80:85:90:95:100:105:110:115:120,,,,34.97838173446194,-95.13569819199056,38.23652784578341,-90.6040237882608,+proj=laea +lat_0=38 +lon_0=-98 +units=m +a=6370997.0 +ellps=sphere ,192.0,192.0,384000.0,384000.0,-68.01747894287111,3.2262227535247803,0.0
R19041002137440,ir107/2019/SEVIR_IR107_RANDOMEVENTS_2019_0101_0430.h5,66,ir107,2019-04-10 02:09:00,-120:-115:-110:-105:-100:-95:-90:-85:-80:-75:-70:-65:-60:-55:-50:-45:-40:-35:-30:-25:-20:-15:-10:-5:0:5:10:15:20:25:30:35:40:45:50:55:60:65:70:75:80:85:90:95:100:105:110:115:120,,,,30.529772629834145,-112.44194973227198,34.40098279192588,-108.87309124914158,+proj=laea +lat_0=38 +lon_0=-98 +units=m +a=6370997.0 +ellps=sphere ,192.0,192.0,384000.0,384000.0,-45.18894577026367,32.0419807434082,0.0
R19041002138140,ir107/2019/SEVIR_IR107_RANDOMEVENTS_2019_0101_0430.h5,67,ir107,2019-04-10 02:09:00,-120:-115:-110:-105:-100:-95:-90:-85:-80:-75:-70:-65:-60:-55:-50:-45:-40:-35:-30:-25:-20:-15:-10:-5:0:5:10:15:20:25:30:35:40:45:50:55:60:65:70:75:80:85:90:95:100:105:110:115:120,,,,45.86867578954929,-113.95706028752907,49.81859168366032,-109.76625806523,+proj=laea +lat_0=38 +lon_0=-98 +units=m +a=6370997.0 +ellps=sphere ,192.0,192.0,384000.0,384000.0,-54.04079055786133,-1.8675473928451536,0.0
R19011717427809,ir107/2019/SEVIR_IR107_RANDOMEVENTS_2019_0101_0430.h5,82,ir107,2019-01-17 17:40:00,-120:-115:-110:-105:-100:-95:-90:-85:-80:-75:-70:-65:-60:-55:-50:-45:-40:-35:-30:-25:-20:-15:-10:-5:0:5:10:15:20:25:30:35:40:45:50:55:60:65:70:75:80:85:90:95:100:105:110:115:120,,,,45.34118132302086,-120.59798749543684,49.48124329063212,-116.92829005351078,+proj=laea +lat_0=38 +lon_0=-98 +units=m +a=6370997.0 +ellps=sphere ,192.0,192.0,384000.0,384000.0,-60.34635925292969,1.1698828935623171,0.0
R19010904277867,ir107/2019/SEVIR_IR107_RANDOMEVENTS_2019_0101_0430.h5,112,ir107,2019-01-09 04:25:00,-120:-115:-110:-105:-100:-95:-90:-85:-80:-75:-70:-70:-60:-55:-55:-45:-40:-35:-30:-25:-20:-15:-10:-5:0:5:10:15:20:25:30:35:40:45:50:55:60:65:70:75:80:85:90:95:100:105:110:115:120,,,,45.33304182717803,-119.39388854648008,49.44056538854785,-115.63433938973247,+proj=laea +lat_0=38 +lon_0=-98 +units=m +a=6370997.0 +ellps=sphere ,192.0,192.0,384000.0,384000.0,-58.49007034301758,-10.57817554473877,0.0
R19010510528266,ir107/2019/SEVIR_IR107_RANDOMEVENTS_2019_0101_0430.h5,121,ir107,2019-01-05 10:50:00,-120:-115:-110:-105:-100:-95:-90:-85:-80:-75:-70:-65:-60:-55:-50:-45:-40:-35:-30:-25:-20:-15:-10:-5:0:5:10:15:20:25:30:35:40:45:50:55:60:65:70:75:80:85:90:95:100:105:110:115:120,,,,41.442866730845054,-78.56953466664619,43.90251065409701,-72.76261716550115,+proj=laea +lat_0=38 +lon_0=-98 +units=m +a=6370997.0 +ellps=sphere ,192.0,192.0,384000.0,384000.0,-54.62372970581055,7.305235862731934,0.0
R19030614167381,ir107/2019/SEVIR_IR107_RANDOMEVENTS_2019_0101_0430.h5,151,ir107,2019-03-06 14:15:00,-120:-115:-110:-105:-100:-95:-90:-85:-80:-75:-70:-65:-60:-55:-50:-50:-40:-35:-30:-25:-20:-15:-10:-5:0:5:10:15:20:25:30:35:40:45:50:55:60:65:70:75:80:85:90:95:100:105:110:115:120,,,,39.09174058657738,-124.921588828579,43.31235970726571,-121.76064090938569,+proj=laea +lat_0=38 +lon_0=-98 +units=m +a=6370997.0 +ellps=sphere ,192.0,192.0,384000.0,384000.0,-63.41349029541016,7.508313655853271,0.0
R19032807587972,ir107/2019/SEVIR_IR107_RANDOMEVENTS_2019_0101_0430.h5,161,ir107,2019-03-28 07:55:00,-120:-115:-110:-105:-100:-95:-90:-85:-80:-75:-70:-65:-60:-55:-50:-45:-40:-35:-30:-25:-20:-15:-10:-5:0:5:10:15:20:25:30:35:40:45:50:55:60:65:70:75:80:85:90:95:100:105:110:115:120,,,,37.52957546733537,-89.60368896034599,40.544487473853344,-84.64623464807781,+proj=laea +lat_0=38 +lon_0=-98 +units=m +a=6370997.0 +ellps=sphere ,192.0,192.0,384000.0,384000.0,-63.85791778564453,8.951754570007324,0.0
R19032916327660,ir107/2019/SEVIR_IR107_RANDOMEVENTS_2019_0101_0430.h5,172,ir107,2019-03-29 16:30:00,-120:-115:-110:-105:-100:-95:-90:-85:-80:-75:-70:-65:-60:-55:-50:-45:-40:-35:-30:-25:-20:-15:-10:-5:0:5:10:15:20:25:30:35:40:45:50:55:60:65:70:75:80:85:90:95:100:105:110:115:120,,,,33.427743801321746,-102.81578626232132,36.98160603584668,-98.70923611143164,+proj=laea +lat_0=38 +lon_0=-98 +units=m +a=6370997.0 +ellps=sphere ,192.0,192.0,384000.0,384000.0,-46.58511734008789,39.99433135986328,0.0
R19042510498179,ir107/2019/SEVIR_IR107_RANDOMEVENTS_2019_0101_0430.h5,184,ir107,2019-04-25 10:49:00,-120:-115:-110:-105:-100:-95:-90:-85:-80:-75:-70:-65:-60:-55:-50:-45:-40:-35:-30:-25:-20:-15:-10:-5:0:5:10:15:20:25:30:35:40:45:50:55:60:65:70:75:80:85:90:95:100:105:110:115:120,,,,41.221975616745645,-99.9722573560278,44.664357077826416,-95.234920111964,+proj=laea +lat_0=38 +lon_0=-98 +units=m +a=6370997.0 +ellps=sphere ,192.0,192.0,384000.0,384000.0,-59.13175582885742,9.800666809082031,0.0
R19040302367407,ir107/2019/SEVIR_IR107_RANDOMEVENTS_2019_0101_0430.h5,205,ir107,2019-04-03 02:34:00,-120:-115:-110:-105:-100:-95:-90:-85:-80:-75:-70:-65:-60:-55:-50:-45:-40:-35:-30:-25:-20:-15:-10:-5:0:5:10:15:20:25:30:35:40:45:50:55:60:65:70:75:80:85:90:95:100:105:110:115:120,,,,37.199216685182144,-122.79815618335718,41.36333424758345,-119.5552013684771,+proj=laea +lat_0=38 +lon_0=-98 +units=m +a=6370997.0 +ellps=sphere ,192.0,192.0,384000.0,384000.0,-38.147945404052734,11.803987503051758,0.0002895363874716
R19040121037496,ir107/2019/SEVIR_IR107_RANDOMEVENTS_2019_0101_0430.h5,243,ir107,2019-04-01 21:00:00,-120:-115:-110:-105:-100:-95:-95:-85:-80:-75:-70:-65:-60:-55:-50:-45:-40:-35:-30:-25:-20:-15:-10:-5:0:5:10:15:20:25:30:35:40:45:50:55:60:65:70:75:80:85:90:95:100:105:110:115:120,,,,29.528820507278517,-96.5156363570424,32.857891942398595,-92.34832875501309,+proj=laea +lat_0=38 +lon_0=-98 +units=m +a=6370997.0 +ellps=sphere ,192.0,192.0,384000.0,384000.0,-45.74230194091797,26.761945724487305,0.0
R19040121037460,ir107/2019/SEVIR_IR107_RANDOMEVENTS_2019_0101_0430.h5,244,ir107,2019-04-01 21:00:00,-120:-115:-110:-105:-100:-95:-95:-85:-80:-75:-70:-65:-60:-55:-50:-45:-40:-35:-30:-25:-20:-15:-10:-5:0:5:10:15:20:25:30:35:40:45:50:55:60:65:70:75:80:85:90:95:100:105:110:115:120,,,,28.76402829007036,-96.05692035839851,32.07824624997194,-91.91017112452433,+proj=laea +lat_0=38 +lon_0=-98 +units=m +a=6370997.0 +ellps=sphere ,192.0,192.0,384000.0,384000.0,-41.61212921142578,26.515857696533203,0.0
R19040121037496,ir107/2019/SEVIR_IR107_RANDOMEVENTS_2019_0101_0430.h5,246,ir107,2019-04-01 21:00:00,-120:-115:-110:-105:-100:-95:-95:-85:-80:-75:-70:-65:-60:-55:-50:-45:-40:-35:-30:-25:-20:-15:-10:-5:0:5:10:15:20:25:30:35:40:45:50:55:60:65:70:75:80:85:90:95:100:105:110:115:120,,,,29.619451400812764,-94.23284330161518,32.85943596309038,-89.97596489275259,+proj=laea +lat_0=38 +lon_0=-98 +units=m +a=6370997.0 +ellps=sphere ,192.0,192.0,384000.0,384000.0,-46.35084533691406,28.366130828857425,0.0
R19030915417702,ir107/2019/SEVIR_IR107_RANDOMEVENTS_2019_0101_0430.h5,293,ir107,2019-03-09 15:40:00,-120:-115:-110:-105:-100:-95:-90:-85:-80:-75:-70:-65:-60:-55:-50:-45:-40:-35:-30:-25:-20:-15:-10:-5:0:5:10:15:20:25:30:35:40:45:50:55:60:65:70:75:80:85:90:95:100:105:110:115:120,,,,34.39366912183085,-103.559975068274,37.97326265860156,-99.43753919577932,+proj=laea +lat_0=38 +lon_0=-98 +units=m +a=6370997.0 +ellps=sphere ,192.0,192.0,384000.0,384000.0,-28.760616302490234,29.21428680419922,0.0
R19043000598343,ir107/2019/SEVIR_IR107_RANDOMEVENTS_2019_0101_0430.h5,307,ir107,2019-04-30 00:59:00,-120:-115:-110:-105:-100:-95:-90:-85:-80:-75:-70:-65:-60:-55:-50:-45:-40:-35:-30:-25:-20:-15:-10:-5:0:5:10:15:20:25:30:35:40:45:50:55:60:65:70:75:80:85:90:95:100:105:110:115:120,,,,42.02037648468093,-81.06965860518906,44.604618706120654,-75.31051270377215,+proj=laea +lat_0=38 +lon_0=-98 +units=m +a=6370997.0 +ellps=sphere ,192.0,192.0,384000.0,384000.0,-57.87153244018555,4.13720703125,0.0
R19042609307917,ir107/2019/SEVIR_IR107_RANDOMEVENTS_2019_0101_0430.h5,326,ir107,2019-04-26 09:29:00,-120:-115:-110:-105:-100:-95:-90:-85:-80:-75:-70:-65:-60:-55:-50:-45:-40:-35:-30:-25:-20:-15:-10:-5:0:5:10:15:20:25:30:35:40:45:50:55:60:65:70:75:80:85:90:95:100:105:110:115:120,,,,37.69891190513329,-101.08098014339392,41.185501792174975,-96.65012184408164,+proj=laea +lat_0=38 +lon_0=-98 +units=m +a=6370997.0 +ellps=sphere ,192.0,192.0,384000.0,384000.0,-15.297094345092772,10.67800235748291,0.0
R19022409417814,ir107/2019/SEVIR_IR107_RANDOMEVENTS_2019_0101_0430.h5,393,ir107,2019-02-24 09:40:00,-120:-115:-110:-105:-100:-95:-90:-85:-80:-75:-70:-65:-60:-55:-50:-45:-40:-35:-30:-25:-20:-15:-10:-5:0:5:10:15:20:25:30:35:40:45:50:55:60:65:70:75:80:85:90:95:100:105:110:115:120,,,,36.115906935915774,-80.12749457856366,38.69549040528253,-74.89290997250801,+proj=laea +lat_0=38 +lon_0=-98 +units=m +a=6370997.0 +ellps=sphere ,192.0,192.0,384000.0,384000.0,-56.33222961425781,13.358843803405762,0.0
R19022409418394,ir107/2019/SEVIR_IR107_RANDOMEVENTS_2019_0101_0430.h5,394,ir107,2019-02-24 09:40:00,-120:-115:-110:-105:-100:-95:-90:-85:-80:-75:-70:-65:-60:-55:-50:-45:-40:-35:-30:-25:-20:-15:-10:-5:0:5:10:15:20:25:30:35:40:45:50:55:60:65:70:75:80:85:90:95:100:105:110:115:120,,,,42.721490204137545,-92.81006859976758,45.862049739405926,-87.55602509665471,+proj=laea +lat_0=38 +lon_0=-98 +units=m +a=6370997.0 +ellps=sphere ,192.0,192.0,384000.0,384000.0,-54.7453727722168,-0.0401576161384582,0.0
R19042103277865,ir107/2019/SEVIR_IR107_RANDOMEVENTS_2019_0101_0430.h5,435,ir107,2019-04-21 03:24:00,-120:-115:-110:-105:-100:-95:-90:-85:-80:-75:-70:-65:-60:-55:-50:-45:-40:-35:-30:-25:-20:-15:-10:-5:0:5:10:15:20:25:30:35:40:45:50:55:60:65:70:75:80:85:90:95:100:105:110:115:120,,,,36.8169758191751,-79.84404316954553,39.37724254476824,-74.53834138714276,+proj=laea +lat_0=38 +lon_0=-98 +units=m +a=6370997.0 +ellps=sphere ,192.0,192.0,384000.0,384000.0,-48.95375061035156,14.530631065368652,0.0
R19042904178374,ir107/2019/SEVIR_IR107_RANDOMEVENTS_2019_0101_0430.h5,441,ir107,2019-04-29 04:14:00,-120:-115:-110:-105:-100:-95:-90:-85:-80:-75:-70:-65:-60:-55:-50:-45:-40:-35:-30:-25:-20:-15:-10:-5:0:5:10:15:20:25:30:35:40:45:50:55:60:65:70:75:80:85:90:95:100:105:110:115:120,,,,44.84822167094661,-104.73257224774088,48.47675526834725,-99.98611275686773,+proj=laea +lat_0=38 +lon_0=-98 +units=m +a=6370997.0 +ellps=sphere ,192.0,192.0,384000.0,384000.0,-42.79973602294922,2.0267598628997803,0.0
R19042904177384,ir107/2019/SEVIR_IR107_RANDOMEVENTS_2019_0101_0430.h5,442,ir107,2019-04-29 04:14:00,-120:-115:-110:-105:-100:-95:-90:-85:-80:-75:-70:-65:-60:-55:-50:-45:-40:-35:-30:-25:-20:-15:-10:-5:0:5:10:15:20:25:30:35:40:45:50:55:60:65:70:75:80:85:90:95:100:105:110:115:120,,,,28.877517134648148,-83.45912124113768,31.66689041048279,-78.86441689214018,+proj=laea +lat_0=38 +lon_0=-98 +units=m +a=6370997.0 +ellps=sphere ,192.0,192.0,384000.0,384000.0,-12.432531356811523,22.86058807373047,0.0
R19021417277480,ir107/2019/SEVIR_IR107_RANDOMEVENTS_2019_0101_0430.h5,481,ir107,2019-02-14 17:25:00,-120:-115:-110:-105:-100:-95:-90:-85:-80:-75:-70:-65:-60:-55:-50:-45:-40:-35:-30:-25:-20:-15:-10:-5:0:5:10:15:20:25:30:35:40:45:50:55:60:65:70:75:80:85:90:95:100:105:110:115:120,,,,33.77500052320477,-116.20090350790409,37.757809263511405,-112.70306537260412,+proj=laea +lat_0=38 +lon_0=-98 +units=m +a=6370997.0 +ellps=sphere ,192.0,192.0,384000.0,384000.0,-68.58417510986328,-10.835498809814451,0.0
R19042404537897,ir107/2019/SEVIR_IR107_RANDOMEVENTS_2019_0101_0430.h5,554,ir107,2019-04-24 04:49:00,-120:-115:-110:-105:-100:-95:-90:-85:-80:-75:-70:-65:-60:-55:-50:-45:-40:-35:-30:-25:-20:-15:-10:-5:0:5:10:15:20:25:30:35:40:45:50:55:60:65:70:75:80:85:90:95:100:105:110:115:120,,,,36.53732772997007,-92.84799911897252,39.69630628945694,-88.10961748541905,+proj=laea +lat_0=38 +lon_0=-98 +units=m +a=6370997.0 +ellps=sphere ,192.0,192.0,384000.0,384000.0,-50.1685562133789,15.796927452087402,0.0
R19040818487601,ir107/2019/SEVIR_IR107_RANDOMEVENTS_2019_0101_0430.h5,570,ir107,2019-04-08 18:44:00,-120:-115:-110:-105:-100:-95:-90:-85:-80:-75:-70:-65:-60:-55:-50:-45:-40:-35:-30:-25:-20:-15:-10:-5:0:5:10:15:20:25:30:35:40:45:50:55:60:65:70:75:80:85:90:95:100:105:110:115:120,,,,31.771618463703284,-91.58176465756478,34.895360602769905,-87.10413362668542,+proj=laea +lat_0=38 +lon_0=-98 +units=m +a=6370997.0 +ellps=sphere ,192.0,192.0,384000.0,384000.0,-54.07707595825195,24.323930740356445,0.0
R19012723028155,ir107/2019/SEVIR_IR107_RANDOMEVENTS_2019_0101_0430.h5,593,ir107,2019-01-27 23:00:00,-120:-115:-110:-105:-100:-95:-90:-85:-80:-75:-70:-65:-60:-55:-50:-45:-40:-35:-30:-25:-20:-15:-10:-5:0:5:10:15:20:25:30:35:40:45:50:55:60:65:70:75:80:85:90:95:100:105:110:115:120,,,,40.554285498482734,-97.98816648980257,43.91773566920787,-93.19655385568106,+proj=laea +lat_0=38 +lon_0=-98 +units=m +a=6370997.0 +ellps=sphere ,192.0,192.0,384000.0,384000.0,-58.24238967895508,7.8072509765625,0.0
R19021820208362,ir107/2019/SEVIR_IR107_RANDOMEVENTS_2019_0101_0430.h5,618,ir107,2019-02-18 20:20:00,-120:-115:-110:-105:-100:-95:-90:-85:-80:-75:-70:-65:-60:-55:-50:-45:-40:-35:-30:-25:-20:-15:-10:-5:0:5:10:15:20:25:30:35:40:45:50:55:60:65:70:75:80:85:90:95:100:105:110:115:120,,,,43.40368294804609,-99.74355491155023,46.83680277886299,-94.8139277511259,+proj=laea +lat_0=38 +lon_0=-98 +units=m +a=6370997.0 +ellps=sphere ,192.0,192.0,384000.0,384000.0,-45.56755447387695,-6.267602920532228,0.0
R19043019347429,ir107/2019/SEVIR_IR107_RANDOMEVENTS_2019_0101_0430.h5,636,ir107,2019-04-30 19:34:00,-120:-115:-110:-105:-100:-95:-90:-85:-80:-75:-70:-65:-60:-55:-50:-45:-40:-35:-30:-25:-20:-15:-10:-5:0:5:10:15:20:25:30:35:40:45:50:55:60:65:70:75:80:85:90:95:100:105:110:115:120,,,,28.00904948255429,-96.96491650414282,31.360512596704112,-92.88677509831872,+proj=laea +lat_0=38 +lon_0=-98 +units=m +a=6370997.0 +ellps=sphere ,192.0,192.0,384000.0,384000.0,-53.66039276123047,28.02375221252441,0.0
R19040421017336,ir107/2019/SEVIR_IR107_RANDOMEVENTS_2019_0101_0430.h5,645,ir107,2019-04-04 20:59:00,-120:-115:-110:-105:-100:-95:-90:-85:-80:-75:-70:-65:-60:-55:-50:-45:-40:-35:-30:-25:-20:-15:-10:-5:0:5:10:15:20:25:30:35:40:45:50:55:60:65:70:75:80:85:90:95:100:105:110:115:120,,,,25.4553225942314,-100.04960885461252,28.92862803991581,-96.1868140817065,+proj=laea +lat_0=38 +lon_0=-98 +units=m +a=6370997.0 +ellps=sphere ,192.0,192.0,384000.0,384000.0,-41.98860931396485,39.41461944580078,0.0
R19040421017461,ir107/2019/SEVIR_IR107_RANDOMEVENTS_2019_0101_0430.h5,649,ir107,2019-04-04 20:59:00,-120:-115:-110:-105:-100:-95:-90:-85:-80:-75:-70:-65:-60:-55:-50:-45:-40:-35:-30:-25:-20:-15:-10:-5:0:5:10:15:20:25:30:35:40:45:50:55:60:65:70:75:80:85:90:95:100:105:110:115:120,,,,29.11617694635889,-91.37319364426683,32.24350430091835,-87.03911953047111,+proj=laea +lat_0=38 +lon_0=-98 +units=m +a=6370997.0 +ellps=sphere ,192.0,192.0,384000.0,384000.0,-73.60693359375,10.351325035095217,0.0
R19042706098064,ir107/2019/SEVIR_IR107_RANDOMEVENTS_2019_0101_0430.h5,726,ir107,2019-04-27 06:09:00,-120:-115:-110:-105:-100:-95:-90:-85:-80:-75:-70:-65:-60:-55:-50:-45:-40:-35:-30:-25:-20:-15:-10:-5:0:5:10:15:20:25:30:35:40:45:50:55:60:65:70:75:80:85:90:95:100:105:110:115:120,,,,45.46785553621131,-115.12983871114382,49.452407981316654,-111.04948930410616,+proj=laea +lat_0=38 +lon_0=-98 +units=m +a=6370997.0 +ellps=sphere ,192.0,192.0,384000.0,384000.0,-39.22195434570313,0.998236894607544,0.0
R19042706098065,ir107/2019/SEVIR_IR107_RANDOMEVENTS_2019_0101_0430.h5,731,ir107,2019-04-27 06:09:00,-120:-115:-110:-105:-100:-95:-90:-85:-80:-75:-70:-65:-60:-55:-50:-45:-40:-35:-30:-25:-20:-15:-10:-5:0:5:10:15:20:25:30:35:40:45:50:55:60:65:70:75:80:85:90:95:100:105:110:115:120,,,,39.51617172275232,-98.94420859470694,42.91879730470552,-94.28096898691516,+proj=laea +lat_0=38 +lon_0=-98 +units=m +a=6370997.0 +ellps=sphere ,192.0,192.0,384000.0,384000.0,-69.15170288085939,13.132586479187012,0.0
R19012121117387,ir107/2019/SEVIR_IR107_RANDOMEVENTS_2019_0101_0430.h5,802,ir107,2019-01-21 21:10:00,-120:-115:-110:-105:-100:-95:-90:-85:-80:-75:-70:-65:-60:-55:-50:-45:-40:-35:-30:-25:-20:-15:-10:-5:0:5:10:15:20:25:30:35:40:45:50:55:60:65:70:75:80:85:90:95:100:105:110:115:120,,,,33.29567545222764,-119.78838952998991,37.375047358644366,-116.4806543790007,+proj=laea +lat_0=38 +lon_0=-98 +units=m +a=6370997.0 +ellps=sphere ,192.0,192.0,384000.0,384000.0,-44.37859344482422,24.101423263549805,0.0
R19011212047357,ir107/2019/SEVIR_IR107_RANDOMEVENTS_2019_0101_0430.h5,823,ir107,2019-01-12 12:00:00,-120:-115:-110:-105:-100:-95:-90:-85:-80:-75:-70:-65:-60:-55:-50:-45:-40:-35:-30:-25:-20:-15:-10:-5:0:5:10:15:20:25:30:35:40:45:50:55:60:65:70:75:80:85:90:95:100:105:110:115:120,,,,31.186805602763748,-118.70681587686327,35.23510602206423,-115.3978456118002,+proj=laea +lat_0=38 +lon_0=-98 +units=m +a=6370997.0 +ellps=sphere ,192.0,192.0,384000.0,384000.0,-53.52001571655274,11.286537170410154,0.0
R19011212047357,ir107/2019/SEVIR_IR107_RANDOMEVENTS_2019_0101_0430.h5,824,ir107,2019-01-12 12:00:00,-120:-115:-110:-105:-100:-95:-90:-85:-80:-75:-70:-65:-60:-55:-50:-45:-40:-35:-30:-25:-20:-15:-10:-5:0:5:10:15:20:25:30:35:40:45:50:55:60:65:70:75:80:85:90:95:100:105:110:115:120,,,,32.25515310989739,-119.93506648943932,36.3368074108672,-116.6590068721608,+proj=laea +lat_0=38 +lon_0=-98 +units=m +a=6370997.0 +ellps=sphere ,192.0,192.0,384000.0,384000.0,-53.26809310913086,10.68218994140625,0.0
R19022713547618,ir107/2019/SEVIR_IR107_RANDOMEVENTS_2019_0101_0430.h5,922,ir107,2019-02-27 13:50:00,-120:-115:-110:-105:-100:-95:-90:-85:-80:-75:-70:-65:-60:-55:-50:-45:-40:-35:-30:-25:-20:-15:-10:-5:0:5:10:15:20:25:30:35:40:45:50:55:60:65:70:75:80:85:90:95:100:105:110:115:120,,,,38.89511696391785,-118.03738714091271,42.94027725762675,-114.46438521409962,+proj=laea +lat_0=38 +lon_0=-98 +units=m +a=6370997.0 +ellps=sphere ,192.0,192.0,384000.0,384000.0,-63.04351425170898,6.709733963012695,0.0
R19042118288661,ir107/2019/SEVIR_IR107_RANDOMEVENTS_2019_0101_0430.h5,971,ir107,2019-04-21 18:24:00,-120:-115:-110:-105:-100:-95:-90:-85:-80:-75:-70:-65:-60:-55:-50:-45:-40:-35:-30:-25:-20:-15:-10:-5:0:5:10:15:20:25:30:35:40:45:50:55:60:65:70:75:80:85:90:95:100:105:110:115:120,,,,45.70074806870965,-95.22425781626956,48.94261873261365,-89.80512238956885,+proj=laea +lat_0=38 +lon_0=-98 +units=m +a=6370997.0 +ellps=sphere ,192.0,192.0,384000.0,384000.0,-57.85881805419922,20.71538543701172,0.0
R19041412407696,ir107/2019/SEVIR_IR107_RANDOMEVENTS_2019_0101_0430.h5,976,ir107,2019-04-14 12:39:00,-120:-115:-110:-105:-100:-95:-90:-85:-80:-75:-70:-65:-60:-55:-50:-45:-40:-35:-30:-25:-20:-15:-10:-5:0:5:10:15:20:25:30:35:40:45:50:55:60:65:70:75:80:85:90:95:100:105:110:115:120,,,,33.42576451853789,-91.19800009538606,36.526446606771614,-86.60215178902314,+proj=laea +lat_0=38 +lon_0=-98 +units=m +a=6370997.0 +ellps=sphere ,192.0,192.0,384000.0,384000.0,-45.945106506347656,20.057546615600582,0.0
R19041412407976,ir107/2019/SEVIR_IR107_RANDOMEVENTS_2019_0101_0430.h5,979,ir107,2019-04-14 12:39:00,-120:-115:-110:-105:-100:-95:-90:-85:-80:-75:-70:-65:-60:-55:-50:-45:-40:-35:-30:-25:-20:-15:-10:-5:0:5:10:15:20:25:30:35:40:45:50:55:60:65:70:75:80:85:90:95:100:105:110:115:120,,,,37.79398495375273,-83.81058741983306,40.54067067811476,-78.5810084780004,+proj=laea +lat_0=38 +lon_0=-98 +units=m +a=6370997.0 +ellps=sphere ,192.0,192.0,384000.0,384000.0,-59.60417938232422,2.466151237487793,0.0
R19031708507874,ir107/2019/SEVIR_IR107_RANDOMEVENTS_2019_0101_0430.h5,992,ir107,2019-03-17 08:50:00,-120:-115:-110:-105:-100:-95:-90:-85:-80:-75:-70:-65:-60:-55:-50:-45:-40:-35:-30:-25:-20:-15:-10:-5:0:5:10:15:20:25:30:35:40:45:50:55:60:65:70:75:80:85:90:95:100:105:110:115:120,,,,36.691788875069705,-98.98691932990502,40.099117896428815,-94.51936897961583,+proj=laea +lat_0=38 +lon_0=-98 +units=m +a=6370997.0 +ellps=sphere ,192.0,192.0,384000.0,384000.0,-16.95871925354004,4.3941497802734375,0.0
R19040205597500,ir107/2019/SEVIR_IR107_RANDOMEVENTS_2019_0101_0430.h5,1037,ir107,2019-04-02 05:55:00,-120:-115:-110:-105:-100:-95:-90:-85:-80:-75:-70:-65:-60:-55:-50:-45:-40:-35:-30:-25:-20:-15:-10:-5:0:5:10:15:20:25:30:35:40:45:50:55:60:65:70:75:80:85:90:95:100:105:110:115:120,,,,43.11517949515022,-124.99370724143678,47.353761164482144,-121.73163794700542,+proj=laea +lat_0=38 +lon_0=-98 +units=m +a=6370997.0 +ellps=sphere ,192.0,192.0,384000.0,384000.0,-57.54919815063477,4.337644577026366,0.031305360685941
R19040205597656,ir107/2019/SEVIR_IR107_RANDOMEVENTS_2019_0101_0430.h5,1038,ir107,2019-04-02 05:55:00,-120:-115:-110:-105:-100:-95:-90:-85:-80:-75:-70:-65:-60:-55:-50:-45:-40:-35:-30:-25:-20:-15:-10:-5:0:5:10:15:20:25:30:35:40:45:50:55:60:65:70:75:80:85:90:95:100:105:110:115:120,,,,32.99165436168645,-87.6993045362253,35.94366306799908,-82.99437110481719,+proj=laea +lat_0=38 +lon_0=-98 +units=m +a=6370997.0 +ellps=sphere ,192.0,192.0,384000.0,384000.0,-56.9506721496582,7.92221736907959,0.0
R19021507058415,ir107/2019/SEVIR_IR107_RANDOMEVENTS_2019_0101_0430.h5,1082,ir107,2019-02-15 07:05:00,-120:-115:-110:-105:-100:-95:-90:-85:-80:-75:-70:-65:-60:-55:-50:-45:-40:-35:-30:-25:-20:-15:-10:-5:0:5:10:15:20:25:30:35:40:45:50:55:60:65:70:75:80:85:90:95:100:105:110:115:120,,,,47.0337264121796,-109.27677358196276,50.83271889809002,-104.65978186500222,+proj=laea +lat_0=38 +lon_0=-98 +units=m +a=6370997.0 +ellps=sphere ,192.0,192.0,384000.0,384000.0,-58.58736801147461,-14.39406681060791,0.0
R19041412407658,ir107/2019/SEVIR_IR107_RANDOMEVENTS_2019_0101_0430.h5,1097,ir107,2019-04-14 12:39:00,-120:-115:-110:-105:-100:-95:-90:-85:-80:-75:-70:-65:-60:-55:-50:-45:-40:-35:-30:-25:-20:-15:-10:-5:0:5:10:15:20:25:30:35:40:45:50:55:60:65:70:75:80:85:90:95:100:105:110:115:120,,,,33.37747698937782,-84.25636543933621,36.17244669129156,-79.39316929025713,+proj=laea +lat_0=38 +lon_0=-98 +units=m +a=6370997.0 +ellps=sphere ,192.0,192.0,384000.0,384000.0,-67.37696075439453,16.962984085083008,0.0
R19042917578674,ir107/2019/SEVIR_IR107_RANDOMEVENTS_2019_0101_0430.h5,1102,ir107,2019-04-29 17:54:00,-120:-115:-110:-105:-100:-95:-90:-85:-80:-75:-70:-65:-60:-55:-50:-45:-40:-35:-30:-25:-20:-15:-10:-5:0:5:10:15:20:25:30:35:40:45:50:55:60:65:70:75:80:85:90:95:100:105:110:115:120,,,,45.64945081380346,-93.98029960961108,48.83632129070715,-88.49285450573808,+proj=laea +lat_0=38 +lon_0=-98 +units=m +a=6370997.0 +ellps=sphere ,192.0,192.0,384000.0,384000.0,-46.1389045715332,4.13390064239502,0.0
R19041001227237,ir107/2019/SEVIR_IR107_RANDOMEVENTS_2019_0101_0430.h5,1148,ir107,2019-04-10 01:19:00,-120:-115:-110:-105:-100:-95:-90:-85:-80:-75:-70:-65:-60:-55:-50:-45:-40:-35:-30:-25:-20:-15:-10:-5:0:5:10:15:20:25:30:35:40:45:50:55:60:65:70:75:80:85:90:95:100:105:110:115:120,,,,25.9774216570258,-83.33059865725055,28.782804046299272,-78.89853979090208,+proj=laea +lat_0=38 +lon_0=-98 +units=m +a=6370997.0 +ellps=sphere ,192.0,192.0,384000.0,384000.0,-55.3935546875,17.668649673461914,0.0
R19041509407625,ir107/2019/SEVIR_IR107_RANDOMEVENTS_2019_0101_0430.h5,1159,ir107,2019-04-15 09:39:00,-120:-115:-110:-105:-100:-95:-90:-85:-80:-75:-70:-65:-60:-55:-50:-45:-40:-35:-30:-25:-20:-15:-10:-5:0:5:10:15:20:25:30:35:40:45:50:55:60:65:70:75:80:85:90:95:100:105:110:115:120,,,,32.3052060727947,-89.79253006919237,35.35127884201824,-85.21308056898063,+proj=laea +lat_0=38 +lon_0=-98 +units=m +a=6370997.0 +ellps=sphere ,192.0,192.0,384000.0,384000.0,-10.078791618347168,12.859668731689451,0.0
R19041509408475,ir107/2019/SEVIR_IR107_RANDOMEVENTS_2019_0101_0430.h5,1163,ir107,2019-04-15 09:39:00,-120:-115:-110:-105:-100:-95:-90:-85:-80:-75:-70:-65:-60:-55:-50:-45:-40:-35:-30:-25:-20:-15:-10:-5:0:5:10:15:20:25:30:35:40:45:50:55:60:65:70:75:80:85:90:95:100:105:110:115:120,,,,43.852328510971184,-74.07327291787523,46.04803774956986,-67.79361667814008,+proj=laea +lat_0=38 +lon_0=-98 +units=m +a=6370997.0 +ellps=sphere ,192.0,192.0,384000.0,384000.0,-59.11460113525391,12.299211502075195,0.0
R19041509408069,ir107/2019/SEVIR_IR107_RANDOMEVENTS_2019_0101_0430.h5,1166,ir107,2019-04-15 09:39:00,-120:-115:-110:-105:-100:-95:-90:-85:-80:-75:-70:-65:-60:-55:-50:-45:-40:-35:-30:-25:-20:-15:-10:-5:0:5:10:15:20:25:30:35:40:45:50:55:60:65:70:75:80:85:90:95:100:105:110:115:120,,,,39.729217521552265,-75.7353573671327,42.05438400320035,-69.99147243900083,+proj=laea +lat_0=38 +lon_0=-98 +units=m +a=6370997.0 +ellps=sphere ,192.0,192.0,384000.0,384000.0,-64.29456329345703,14.16114330291748,0.0
R19011815117077,ir107/2019/SEVIR_IR107_RANDOMEVENTS_2019_0101_0430.h5,1186,ir107,2019-01-18 15:10:00,-120:-115:-110:-105:-100:-95:-90:-85:-80:-75:-70:-65:-60:-55:-50:-45:-40:-35:-30:-25:-20:-15:-10:-5:0:5:10:15:20:25:30:35:40:45:50:55:60:65:70:75:80:85:90:95:100:105:110:115:120,,,,22.27749515429766,-83.24606382075518,25.109055415387463,-79.00016939660776,+proj=laea +lat_0=38 +lon_0=-98 +units=m +a=6370997.0 +ellps=sphere ,192.0,192.0,384000.0,384000.0,-4.240170001983644,29.34070014953613,0.0
R19011316597881,ir107/2019/SEVIR_IR107_RANDOMEVENTS_2019_0101_0430.h5,1194,ir107,2019-01-13 16:55:00,-120:-115:-110:-105:-100:-95:-90:-85:-80:-75:-70:-65:-60:-55:-50:-45:-40:-35:-30:-25:-20:-15:-10:-5:0:5:10:15:20:25:30:35:40:45:50:55:60:65:70:75:80:85:90:95:100:105:110:115:120,,,,37.328985161932906,-77.5591269158425,39.77012220439337,-72.11879487172956,+proj=laea +lat_0=38 +lon_0=-98 +units=m +a=6370997.0 +ellps=sphere ,192.0,192.0,384000.0,384000.0,-56.36706924438477,2.018869161605835,0.0
R19041506128118,ir107/2019/SEVIR_IR107_RANDOMEVENTS_2019_0101_0430.h5,1202,ir107,2019-04-15 06:09:00,-120:-115:-110:-105:-100:-95:-90:-85:-80:-75:-70:-65:-60:-55:-50:-45:-40:-35:-30:-25:-20:-15:-10:-5:0:5:10:15:20:25:30:35:40:45:50:55:60:65:70:75:80:85:90:95:100:105:110:115:120,,,,39.860996377218704,-78.94746970353054,42.35261819168472,-73.32107890170106,+proj=laea +lat_0=38 +lon_0=-98 +units=m +a=6370997.0 +ellps=sphere ,192.0,192.0,384000.0,384000.0,-64.58182525634766,15.033780097961426,0.0074022773171768
R19041506128115,ir107/2019/SEVIR_IR107_RANDOMEVENTS_2019_0101_0430.h5,1206,ir107,2019-04-15 06:09:00,-120:-115:-110:-105:-100:-95:-90:-85:-80:-75:-70:-65:-60:-55:-50:-45:-40:-35:-30:-25:-20:-15:-10:-5:0:5:10:15:20:25:30:35:40:45:50:55:60:65:70:75:80:85:90:95:100:105:110:115:120,,,,39.90409718414245,-78.31808580104118,42.3629804297054,-72.66122493874144,+proj=laea +lat_0=38 +lon_0=-98 +units=m +a=6370997.0 +ellps=sphere ,192.0,192.0,384000.0,384000.0,-64.80301666259766,14.953329086303713,0.0089468404549319
R19041405198050,ir107/2019/SEVIR_IR107_RANDOMEVENTS_2019_0101_0430.h5,1328,ir107,2019-04-14 05:19:00,-120:-115:-110:-105:-100:-95:-90:-85:-80:-75:-70:-65:-60:-55:-50:-45:-40:-35:-30:-25:-20:-15:-10:-5:0:5:10:15:20:25:30:35:40:45:50:55:60:65:70:75:80:85:90:95:100:105:110:115:120,,,,39.43235565945052,-76.40345007554795,41.7954583026068,-70.71634956347316,+proj=laea +lat_0=38 +lon_0=-98 +units=m +a=6370997.0 +ellps=sphere ,192.0,192.0,384000.0,384000.0,-13375.583984375,12.580368041992188,0.058055644132653
R19041405197684,ir107/2019/SEVIR_IR107_RANDOMEVENTS_2019_0101_0430.h5,1331,ir107,2019-04-14 05:19:00,-120:-115:-110:-105:-100:-95:-90:-85:-80:-75:-70:-65:-60:-55:-50:-45:-40:-35:-30:-25:-20:-15:-10:-5:0:5:10:15:20:25:30:35:40:45:50:55:60:65:70:75:80:85:90:95:100:105:110:115:120,,,,33.20352129494909,-91.72229834384144,36.327142768148505,-87.16175572808834,+proj=laea +lat_0=38 +lon_0=-98 +units=m +a=6370997.0 +ellps=sphere ,192.0,192.0,384000.0,384000.0,-76.8671875,14.19900131225586,0.0016956978103741
R19030513207361,ir107/2019/SEVIR_IR107_RANDOMEVENTS_2019_0101_0430.h5,1363,ir107,2019-03-05 13:20:00,-120:-115:-110:-105:-100:-95:-90:-85:-80:-75:-70:-65:-60:-55:-50:-45:-40:-35:-30:-25:-20:-15:-10:-5:0:5:10:15:20:25:30:35:40:45:50:55:60:65:70:75:80:85:90:95:100:105:110:115:120,,,,33.77342004658554,-121.32506057817608,37.892933612787616,-118.0831809290019,+proj=laea +lat_0=38 +lon_0=-98 +units=m +a=6370997.0 +ellps=sphere ,192.0,192.0,384000.0,384000.0,-65.38005828857422,8.003738403320312,0.0
R19021906157524,ir107/2019/SEVIR_IR107_RANDOMEVENTS_2019_0101_0430.h5,1395,ir107,2019-02-19 06:15:00,-120:-115:-110:-105:-100:-95:-90:-85:-80:-75:-70:-65:-60:-55:-50:-45:-40:-35:-30:-25:-20:-15:-10:-5:0:5:10:15:20:25:30:35:40:45:50:55:60:65:70:75:80:85:90:95:100:105:110:115:120,,,,30.17828400267095,-94.5012216451299,33.4266941779224,-90.22490120831992,+proj=laea +lat_0=38 +lon_0=-98 +units=m +a=6370997.0 +ellps=sphere ,192.0,192.0,384000.0,384000.0,-63.59848403930664,10.69467067718506,0.0
R19030616157461,ir107/2019/SEVIR_IR107_RANDOMEVENTS_2019_0101_0430.h5,1424,ir107,2019-03-06 16:15:00,-120:-115:-110:-105:-100:-95:-90:-85:-80:-75:-70:-65:-60:-55:-50:-45:-40:-35:-30:-25:-20:-15:-10:-5:0:5:10:15:20:25:30:35:40:45:50:55:60:65:70:75:80:85:90:95:100:105:110:115:120,,,,33.756847249466766,-117.0856010063824,37.764349409970734,-113.6318432511736,+proj=laea +lat_0=38 +lon_0=-98 +units=m +a=6370997.0 +ellps=sphere ,192.0,192.0,384000.0,384000.0,-63.57719421386719,26.02580070495605,0.0
R19030616157359,ir107/2019/SEVIR_IR107_RANDOMEVENTS_2019_0101_0430.h5,1426,ir107,2019-03-06 16:15:00,-120:-115:-110:-105:-100:-95:-90:-85:-80:-75:-70:-65:-60:-55:-50:-45:-40:-35:-30:-25:-20:-15:-10:-5:0:5:10:15:20:25:30:35:40:45:50:55:60:65:70:75:80:85:90:95:100:105:110:115:120,,,,32.87968223722587,-120.5118566330489,36.97706371735913,-117.24955797302243,+proj=laea +lat_0=38 +lon_0=-98 +units=m +a=6370997.0 +ellps=sphere ,192.0,192.0,384000.0,384000.0,-61.66646957397461,19.84222221374512,0.0
R19032903147880,ir107/2019/SEVIR_IR107_RANDOMEVENTS_2019_0101_0430.h5,1442,ir107,2019-03-29 03:10:00,-120:-115:-110:-105:-100:-95:-90:-85:-80:-75:-70:-65:-60:-55:-50:-45:-40:-35:-30:-25:-20:-15:-10:-5:0:5:10:15:20:25:30:35:40:45:50:55:60:65:70:75:80:85:90:95:100:105:110:115:120,,,,36.276421237904174,-92.2729015718126,39.41189291332343,-87.5278535657341,+proj=laea +lat_0=38 +lon_0=-98 +units=m +a=6370997.0 +ellps=sphere ,192.0,192.0,384000.0,384000.0,-70.08076477050781,11.08813190460205,0.0
R19021706427665,ir107/2019/SEVIR_IR107_RANDOMEVENTS_2019_0101_0430.h5,1504,ir107,2019-02-17 06:40:00,-120:-115:-110:-105:-100:-95:-90:-85:-80:-75:-70:-65:-60:-55:-50:-45:-40:-35:-30:-25:-20:-15:-10:-5:0:5:10:15:20:25:30:35:40:45:50:55:60:65:70:75:80:85:90:95:100:105:110:115:120,,,,33.00921638295757,-89.19696134003347,36.02637249497715,-84.54899725395805,+proj=laea +lat_0=38 +lon_0=-98 +units=m +a=6370997.0 +ellps=sphere ,192.0,192.0,384000.0,384000.0,-45.45829772949219,8.777309417724611,0.0
R19040404457949,ir107/2019/SEVIR_IR107_RANDOMEVENTS_2019_0101_0430.h5,1527,ir107,2019-04-04 04:44:00,-120:-115:-110:-105:-100:-95:-90:-85:-80:-75:-70:-65:-60:-55:-50:-45:-40:-35:-30:-25:-20:-15:-10:-5:0:5:10:15:20:25:30:35:40:45:50:55:60:65:70:75:80:85:90:95:100:105:110:115:120,,,,37.78305056592188,-98.51205678384436,41.17041665828878,-93.94961936572244,+proj=laea +lat_0=38 +lon_0=-98 +units=m +a=6370997.0 +ellps=sphere ,192.0,192.0,384000.0,384000.0,-62.7070198059082,7.313954353332519,0.0204081632653061
R19030515397431,ir107/2019/SEVIR_IR107_RANDOMEVENTS_2019_0101_0430.h5,1543,ir107,2019-03-05 15:35:00,-120:-115:-110:-105:-100:-95:-90:-85:-80:-75:-70:-65:-60:-55:-50:-45:-40:-35:-30:-25:-20:-15:-10:-5:0:5:10:15:20:25:30:35:40:45:50:55:60:65:70:75:80:85:90:95:100:105:110:115:120,,,,30.05226090822964,-111.92468403861064,33.90797326299955,-108.34883740997364,+proj=laea +lat_0=38 +lon_0=-98 +units=m +a=6370997.0 +ellps=sphere ,192.0,192.0,384000.0,384000.0,-37.98044967651367,33.23474502563477,0.0
R19043015108115,ir107/2019/SEVIR_IR107_RANDOMEVENTS_2019_0101_0430.h5,1548,ir107,2019-04-30 15:09:00,-120:-115:-110:-105:-100:-95:-90:-85:-80:-75:-70:-65:-60:-55:-50:-45:-40:-35:-30:-25:-20:-15:-10:-5:0:5:10:15:20:25:30:35:40:45:50:55:60:65:70:75:80:85:90:95:100:105:110:115:120,,,,39.499589556126864,-93.07878378074288,42.659849797284906,-88.12378798173245,+proj=laea +lat_0=38 +lon_0=-98 +units=m +a=6370997.0 +ellps=sphere ,192.0,192.0,384000.0,384000.0,-72.83314514160156,2.996633768081665,0.0
R19043015108157,ir107/2019/SEVIR_IR107_RANDOMEVENTS_2019_0101_0430.h5,1549,ir107,2019-04-30 15:09:00,-120:-115:-110:-105:-100:-95:-90:-85:-80:-75:-70:-65:-60:-55:-50:-45:-40:-35:-30:-25:-20:-15:-10:-5:0:5:10:15:20:25:30:35:40:45:50:55:60:65:70:75:80:85:90:95:100:105:110:115:120,,,,39.8402346049898,-86.87149242622128,42.72049953072913,-81.59397547614583,+proj=laea +lat_0=38 +lon_0=-98 +units=m +a=6370997.0 +ellps=sphere ,192.0,192.0,384000.0,384000.0,-61.61785888671875,16.277582168579098,0.0
R19040702367621,ir107/2019/SEVIR_IR107_RANDOMEVENTS_2019_0101_0430.h5,1555,ir107,2019-04-07 02:34:00,-120:-115:-110:-105:-100:-95:-90:-85:-80:-75:-70:-65:-60:-55:-50:-45:-40:-35:-30:-25:-20:-15:-10:-5:0:5:10:15:20:25:30:35:40:45:50:55:60:65:70:75:80:85:90:95:100:105:110:115:120,,,,32.25143962742409,-89.55204622849098,35.287507970941355,-84.96675054087142,+proj=laea +lat_0=38 +lon_0=-98 +units=m +a=6370997.0 +ellps=sphere ,192.0,192.0,384000.0,384000.0,-73.63985443115234,15.35429573059082,0.0
R19031812277278,ir107/2019/SEVIR_IR107_RANDOMEVENTS_2019_0101_0430.h5,1585,ir107,2019-03-18 12:25:00,-120:-115:-110:-105:-100:-95:-90:-85:-80:-75:-70:-65:-60:-55:-50:-45:-40:-35:-30:-25:-20:-15:-10:-5:0:5:10:15:20:25:30:35:40:45:50:55:60:65:70:75:80:85:90:95:100:105:110:115:120,,,,23.90785314478175,-98.2343118443025,27.322172822190797,-94.37057147509104,+proj=laea +lat_0=38 +lon_0=-98 +units=m +a=6370997.0 +ellps=sphere ,192.0,192.0,384000.0,384000.0,-61.32789993286133,-3.382063150405884,0.0
R19032411157879,ir107/2019/SEVIR_IR107_RANDOMEVENTS_2019_0101_0430.h5,1593,ir107,2019-03-24 11:15:00,-120:-115:-110:-105:-100:-95:-90:-85:-80:-75:-70:-65:-60:-55:-50:-45:-40:-35:-30:-25:-20:-15:-10:-5:0:5:10:15:20:25:30:35:40:45:50:55:60:65:70:75:80:85:90:95:100:105:110:115:120,,,,36.25482403467807,-91.8495691019406,39.37234024677824,-87.08752741983206,+proj=laea +lat_0=38 +lon_0=-98 +units=m +a=6370997.0 +ellps=sphere ,192.0,192.0,384000.0,384000.0,-51.43118667602539,6.24981689453125,0.0
R19032411157815,ir107/2019/SEVIR_IR107_RANDOMEVENTS_2019_0101_0430.h5,1595,ir107,2019-03-24 11:15:00,-120:-115:-110:-105:-100:-95:-90:-85:-80:-75:-70:-65:-60:-55:-50:-45:-40:-35:-30:-25:-20:-15:-10:-5:0:5:10:15:20:25:30:35:40:45:50:55:60:65:70:75:80:85:90:95:100:105:110:115:120,,,,35.3243454052928,-90.16346326825804,38.372881460898576,-85.3960383042172,+proj=laea +lat_0=38 +lon_0=-98 +units=m +a=6370997.0 +ellps=sphere ,192.0,192.0,384000.0,384000.0,-54.41065216064453,5.739104270935059,0.0
R19042618207962,ir107/2019/SEVIR_IR107_RANDOMEVENTS_2019_0101_0430.h5,1639,ir107,2019-04-26 18:19:00,-120:-115:-110:-105:-100:-95:-90:-85:-80:-75:-70:-65:-60:-55:-50:-45:-40:-35:-30:-25:-20:-15:-10:-5:0:5:10:15:20:25:30:35:40:45:50:55:60:65:70:75:80:85:90:95:100:105:110:115:120,,,,37.54281967586453,-84.9992861246738,40.34728640626111,-79.84133324771494,+proj=laea +lat_0=38 +lon_0=-98 +units=m +a=6370997.0 +ellps=sphere ,192.0,192.0,384000.0,384000.0,-49.66943359375,19.902114868164062,0.0
R19042618208143,ir107/2019/SEVIR_IR107_RANDOMEVENTS_2019_0101_0430.h5,1640,ir107,2019-04-26 18:19:00,-120:-115:-110:-105:-100:-95:-90:-85:-80:-75:-70:-65:-60:-55:-50:-45:-40:-35:-30:-25:-20:-15:-10:-5:0:5:10:15:20:25:30:35:40:45:50:55:60:65:70:75:80:85:90:95:100:105:110:115:120,,,,40.58528980908575,-75.22169787535594,42.87516419985122,-69.36761658465724,+proj=laea +lat_0=38 +lon_0=-98 +units=m +a=6370997.0 +ellps=sphere ,192.0,192.0,384000.0,384000.0,-58.78022003173828,11.419898986816404,0.0
R19042618207918,ir107/2019/SEVIR_IR107_RANDOMEVENTS_2019_0101_0430.h5,1641,ir107,2019-04-26 18:19:00,-120:-115:-110:-105:-100:-95:-90:-85:-80:-75:-70:-65:-60:-55:-50:-45:-40:-35:-30:-25:-20:-15:-10:-5:0:5:10:15:20:25:30:35:40:45:50:55:60:65:70:75:80:85:90:95:100:105:110:115:120,,,,37.396509900297495,-80.42076353243054,39.981020088934656,-75.08700059702176,+proj=laea +lat_0=38 +lon_0=-98 +units=m +a=6370997.0 +ellps=sphere ,192.0,192.0,384000.0,384000.0,-60.24394989013672,22.546527862548828,0.0
R19032407368193,ir107/2019/SEVIR_IR107_RANDOMEVENTS_2019_0101_0430.h5,1658,ir107,2019-03-24 07:35:00,-120:-115:-110:-105:-100:-95:-90:-85:-80:-75:-70:-65:-60:-55:-50:-45:-40:-35:-30:-25:-20:-15:-10:-5:0:5:10:15:20:25:30:35:40:45:50:55:60:65:70:75:80:85:90:95:100:105:110:115:120,,,,40.55249242614007,-94.0459834624132,43.75174759636624,-89.05128611883283,+proj=laea +lat_0=38 +lon_0=-98 +units=m +a=6370997.0 +ellps=sphere ,192.0,192.0,384000.0,384000.0,-57.46837997436523,2.9487395286560063,0.0
R19042600597801,ir107/2019/SEVIR_IR107_RANDOMEVENTS_2019_0101_0430.h5,1672,ir107,2019-04-26 00:59:00,-120:-115:-110:-105:-100:-95:-90:-85:-80:-75:-70:-65:-60:-55:-50:-45:-40:-35:-30:-25:-20:-15:-10:-5:0:5:10:15:20:25:30:35:40:45:50:55:60:65:70:75:80:85:90:95:100:105:110:115:120,,,,35.341110020834456,-85.61655219282522,38.1867009610794,-80.6610650177579,+proj=laea +lat_0=38 +lon_0=-98 +units=m +a=6370997.0 +ellps=sphere ,192.0,192.0,384000.0,384000.0,-56.81279373168945,10.748693466186523,0.0
R19021903197650,ir107/2019/SEVIR_IR107_RANDOMEVENTS_2019_0101_0430.h5,1702,ir107,2019-02-19 03:15:00,-120:-115:-110:-105:-100:-95:-90:-85:-80:-75:-70:-65:-60:-55:-50:-45:-40:-35:-30:-25:-20:-15:-10:-5:0:5:10:15:20:25:30:35:40:45:50:55:60:65:70:75:80:85:90:95:100:105:110:115:120,,,,33.62915427895249,-81.64363075745999,36.30037248198007,-76.66414790276119,+proj=laea +lat_0=38 +lon_0=-98 +units=m +a=6370997.0 +ellps=sphere ,192.0,192.0,384000.0,384000.0,-55.3774528503418,18.34147071838379,0.0
R19040623217924,ir107/2019/SEVIR_IR107_RANDOMEVENTS_2019_0101_0430.h5,1728,ir107,2019-04-06 23:19:00,-120:-115:-110:-105:-100:-95:-90:-85:-80:-75:-70:-65:-60:-55:-50:-45:-40:-35:-30:-25:-20:-15:-10:-5:0:5:10:15:20:25:30:35:40:45:50:55:60:65:70:75:80:85:90:95:100:105:110:115:120,,,,37.36123782010701,-98.23760563274617,40.73836032672575,-93.6904885000029,+proj=laea +lat_0=38 +lon_0=-98 +units=m +a=6370997.0 +ellps=sphere ,192.0,192.0,384000.0,384000.0,-60.42755508422852,23.04937744140625,0.0
R19040623218191,ir107/2019/SEVIR_IR107_RANDOMEVENTS_2019_0101_0430.h5,1729,ir107,2019-04-06 23:19:00,-120:-115:-110:-105:-100:-95:-90:-85:-80:-75:-70:-65:-60:-55:-50:-45:-40:-35:-30:-25:-20:-15:-10:-5:0:5:10:15:20:25:30:35:40:45:50:55:60:65:70:75:80:85:90:95:100:105:110:115:120,,,,46.20402216234522,-113.31064096503356,50.13484350165654,-109.05022338784777,+proj=laea +lat_0=38 +lon_0=-98 +units=m +a=6370997.0 +ellps=sphere ,192.0,192.0,384000.0,384000.0,-57.4190559387207,17.81083106994629,0.0
R19040623217577,ir107/2019/SEVIR_IR107_RANDOMEVENTS_2019_0101_0430.h5,1731,ir107,2019-04-06 23:19:00,-120:-115:-110:-105:-100:-95:-90:-85:-80:-75:-70:-65:-60:-55:-50:-45:-40:-35:-30:-25:-20:-15:-10:-5:0:5:10:15:20:25:30:35:40:45:50:55:60:65:70:75:80:85:90:95:100:105:110:115:120,,,,31.208629769275337,-94.90281717536828,34.46915869259504,-90.58611089532816,+proj=laea +lat_0=38 +lon_0=-98 +units=m +a=6370997.0 +ellps=sphere ,192.0,192.0,384000.0,384000.0,-72.06965637207031,19.035266876220703,0.0
R19040623217483,ir107/2019/SEVIR_IR107_RANDOMEVENTS_2019_0101_0430.h5,1734,ir107,2019-04-06 23:19:00,-120:-115:-110:-105:-100:-95:-90:-85:-80:-75:-70:-65:-60:-55:-50:-45:-40:-35:-30:-25:-20:-15:-10:-5:0:5:10:15:20:25:30:35:40:45:50:55:60:65:70:75:80:85:90:95:100:105:110:115:120,,,,29.222710904901284,-98.26713750422572,32.618921496774426,-94.1803208663298,+proj=laea +lat_0=38 +lon_0=-98 +units=m +a=6370997.0 +ellps=sphere ,192.0,192.0,384000.0,384000.0,-72.40326690673828,26.68556404113769,0.0
R19040818137722,ir107/2019/SEVIR_IR107_RANDOMEVENTS_2019_0101_0430.h5,1768,ir107,2019-04-08 18:09:00,-120:-115:-110:-105:-100:-95:-90:-85:-80:-75:-70:-65:-60:-55:-50:-45:-40:-35:-30:-25:-20:-15:-10:-5:0:5:10:15:20:25:30:35:40:45:50:55:60:65:70:75:80:85:90:95:100:105:110:115:120,,,,33.94261251133671,-89.0218378843354,36.94770965340329,-84.30428616105104,+proj=laea +lat_0=38 +lon_0=-98 +units=m +a=6370997.0 +ellps=sphere ,192.0,192.0,384000.0,384000.0,-62.54070663452149,18.77410697937012,0.0
R19040818138514,ir107/2019/SEVIR_IR107_RANDOMEVENTS_2019_0101_0430.h5,1769,ir107,2019-04-08 18:09:00,-120:-115:-110:-105:-100:-95:-90:-85:-80:-75:-70:-65:-60:-55:-50:-45:-40:-35:-30:-25:-20:-15:-10:-5:0:5:10:15:20:25:30:35:40:45:50:55:60:65:70:75:80:85:90:95:100:105:110:115:120,,,,44.61052353613607,-70.78254932173256,46.61109829493125,-64.26867999694726,+proj=laea +lat_0=38 +lon_0=-98 +units=m +a=6370997.0 +ellps=sphere ,192.0,192.0,384000.0,384000.0,-55.13856506347656,-1.3728629350662231,0.0
R19032420117565,ir107/2019/SEVIR_IR107_RANDOMEVENTS_2019_0101_0430.h5,1775,ir107,2019-03-24 20:10:00,-120:-115:-110:-105:-100:-95:-90:-85:-80:-75:-70:-65:-60:-55:-50:-45:-40:-35:-30:-25:-20:-15:-10:-5:0:5:10:15:20:25:30:35:40:45:50:55:60:65:70:75:80:85:90:95:100:105:110:115:120,,,,32.050940120478394,-106.3539609371467,35.72859698839755,-102.4660017046706,+proj=laea +lat_0=38 +lon_0=-98 +units=m +a=6370997.0 +ellps=sphere ,192.0,192.0,384000.0,384000.0,-46.96279525756836,40.33504867553711,0.0
R19042820427565,ir107/2019/SEVIR_IR107_RANDOMEVENTS_2019_0101_0430.h5,1791,ir107,2019-04-28 20:39:00,-120:-115:-110:-105:-100:-95:-90:-85:-80:-75:-70:-65:-60:-55:-50:-45:-40:-35:-30:-25:-20:-15:-10:-5:0:5:10:15:20:25:30:35:40:45:50:55:60:65:70:75:80:85:90:95:100:105:110:115:120,,,,31.323140734265884,-102.27943934642558,34.86069832478313,-98.25198741161394,+proj=laea +lat_0=38 +lon_0=-98 +units=m +a=6370997.0 +ellps=sphere ,192.0,192.0,384000.0,384000.0,-37.48946380615234,39.80805587768555,0.0
R19042820427732,ir107/2019/SEVIR_IR107_RANDOMEVENTS_2019_0101_0430.h5,1793,ir107,2019-04-28 20:39:00,-120:-115:-110:-105:-100:-95:-90:-85:-80:-75:-70:-65:-60:-55:-50:-45:-40:-35:-30:-25:-20:-15:-10:-5:0:5:10:15:20:25:30:35:40:45:50:55:60:65:70:75:80:85:90:95:100:105:110:115:120,,,,37.07293704670585,-110.41589307562244,40.885943419201006,-106.49607680825052,+proj=laea +lat_0=38 +lon_0=-98 +units=m +a=6370997.0 +ellps=sphere ,192.0,192.0,384000.0,384000.0,-58.44692611694336,35.89187240600586,0.0
R19042820427815,ir107/2019/SEVIR_IR107_RANDOMEVENTS_2019_0101_0430.h5,1797,ir107,2019-04-28 20:39:00,-120:-115:-110:-105:-100:-95:-90:-85:-80:-75:-70:-65:-60:-55:-50:-45:-40:-35:-30:-25:-20:-15:-10:-5:0:5:10:15:20:25:30:35:40:45:50:55:60:65:70:75:80:85:90:95:100:105:110:115:120,,,,37.13287464151354,-106.01143910411724,40.79851410889725,-101.8614280565693,+proj=laea +lat_0=38 +lon_0=-98 +units=m +a=6370997.0 +ellps=sphere ,192.0,192.0,384000.0,384000.0,-70.05506134033203,40.502742767333984,0.0
R19041123167525,ir107/2019/SEVIR_IR107_RANDOMEVENTS_2019_0101_0430.h5,1857,ir107,2019-04-11 23:14:00,-120:-115:-110:-105:-100:-95:-90:-85:-80:-75:-70:-65:-60:-55:-50:-45:-40:-35:-30:-25:-20:-15:-10:-5:0:5:10:15:20:25:30:35:40:45:50:55:60:65:70:75:80:85:90:95:100:105:110:115:120,,,,30.758693608613616,-104.77578687099148,34.384145220395695,-100.87607572144309,+proj=laea +lat_0=38 +lon_0=-98 +units=m +a=6370997.0 +ellps=sphere ,192.0,192.0,384000.0,384000.0,-47.47337341308594,32.55799102783203,0.0
R19041123168697,ir107/2019/SEVIR_IR107_RANDOMEVENTS_2019_0101_0430.h5,1858,ir107,2019-04-11 23:14:00,-120:-115:-110:-105:-100:-95:-90:-85:-80:-75:-70:-65:-60:-55:-50:-45:-40:-35:-30:-25:-20:-15:-10:-5:0:5:10:15:20:25:30:35:40:45:50:55:60:65:70:75:80:85:90:95:100:105:110:115:120,,,,45.5680340693131,-91.3899953945695,48.6373616793711,-85.7616252544116,+proj=laea +lat_0=38 +lon_0=-98 +units=m +a=6370997.0 +ellps=sphere ,192.0,192.0,384000.0,384000.0,-65.94322967529297,-1.17355215549469,0.0
R19043015328091,ir107/2019/SEVIR_IR107_RANDOMEVENTS_2019_0101_0430.h5,1880,ir107,2019-04-30 15:29:00,-120:-115:-110:-105:-100:-95:-90:-85:-80:-75:-70:-65:-60:-55:-50:-45:-40:-35:-30:-25:-20:-15:-10:-5:0:5:10:15:20:25:30:35:40:45:50:55:60:65:70:75:80:85:90:95:100:105:110:115:120,,,,39.050624279891245,-87.7336133335278,41.97452938462142,-82.56586689065033,+proj=laea +lat_0=38 +lon_0=-98 +units=m +a=6370997.0 +ellps=sphere ,192.0,192.0,384000.0,384000.0,-59.8330078125,16.836959838867188,0.0
R19043015327914,ir107/2019/SEVIR_IR107_RANDOMEVENTS_2019_0101_0430.h5,1881,ir107,2019-04-30 15:29:00,-120:-115:-110:-105:-100:-95:-90:-85:-80:-75:-70:-65:-60:-55:-50:-45:-40:-35:-30:-25:-20:-15:-10:-5:0:5:10:15:20:25:30:35:40:45:50:55:60:65:70:75:80:85:90:95:100:105:110:115:120,,,,37.008659772403256,-96.3894801904876,40.31268319627058,-91.77911476672573,+proj=laea +lat_0=38 +lon_0=-98 +units=m +a=6370997.0 +ellps=sphere ,192.0,192.0,384000.0,384000.0,-74.33293914794922,14.656160354614258,0.0
R19032013277317,ir107/2019/SEVIR_IR107_RANDOMEVENTS_2019_0101_0430.h5,1892,ir107,2019-03-20 13:25:00,-120:-115:-110:-105:-100:-95:-90:-85:-80:-75:-70:-65:-60:-55:-50:-45:-40:-35:-30:-25:-20:-15:-10:-5:0:5:10:15:20:25:30:35:40:45:50:55:60:65:70:75:80:85:90:95:100:105:110:115:120,,,,32.696125911557886,-122.09939260236668,36.83304466759246,-118.91902324705596,+proj=laea +lat_0=38 +lon_0=-98 +units=m +a=6370997.0 +ellps=sphere ,192.0,192.0,384000.0,384000.0,-43.8859977722168,10.273701667785645,0.0005967881944444
R19042802327827,ir107/2019/SEVIR_IR107_RANDOMEVENTS_2019_0101_0430.h5,1902,ir107,2019-04-28 02:29:00,-120:-115:-110:-105:-100:-95:-90:-85:-80:-75:-70:-65:-60:-55:-50:-45:-40:-35:-30:-25:-20:-15:-10:-5:0:5:10:15:20:25:30:35:40:45:50:55:60:65:70:75:80:85:90:95:100:105:110:115:120,,,,35.83411719047896,-84.22233765414184,38.61218743009526,-79.17241160677328,+proj=laea +lat_0=38 +lon_0=-98 +units=m +a=6370997.0 +ellps=sphere ,192.0,192.0,384000.0,384000.0,-60.68006134033203,16.012933731079098,0.0
R19031121407622,ir107/2019/SEVIR_IR107_RANDOMEVENTS_2019_0101_0430.h5,1903,ir107,2019-03-11 21:40:00,-120:-115:-110:-105:-100:-95:-90:-85:-80:-75:-70:-65:-60:-55:-50:-45:-40:-35:-30:-25:-20:-15:-10:-5:0:5:10:15:20:25:30:35:40:45:50:55:60:65:70:75:80:85:90:95:100:105:110:115:120,,,,32.29558151304021,-89.1844073520376,35.31568538904509,-84.58219937177418,+proj=laea +lat_0=38 +lon_0=-98 +units=m +a=6370997.0 +ellps=sphere ,192.0,192.0,384000.0,384000.0,-57.77941513061523,17.728015899658203,0.0
R19040219207791,ir107/2019/SEVIR_IR107_RANDOMEVENTS_2019_0101_0430.h5,1917,ir107,2019-04-02 19:19:00,-120:-115:-110:-105:-100:-95:-90:-85:-80:-75:-70:-65:-60:-55:-50:-45:-40:-35:-30:-25:-20:-15:-10:-5:0:5:10:15:20:25:30:35:40:45:50:55:60:65:70:75:80:85:90:95:100:105:110:115:120,,,,35.845009653617225,-79.96337980564344,38.41857908218721,-74.74519033950386,+proj=laea +lat_0=38 +lon_0=-98 +units=m +a=6370997.0 +ellps=sphere ,192.0,192.0,384000.0,384000.0,-61.36786270141602,9.639240264892578,0.0
R19041123168211,ir107/2019/SEVIR_IR107_RANDOMEVENTS_2019_0101_0430.h5,1944,ir107,2019-04-11 23:14:00,-120:-115:-110:-105:-100:-95:-90:-85:-80:-75:-70:-65:-60:-55:-50:-45:-40:-35:-30:-25:-20:-15:-10:-5:0:5:10:15:20:25:30:35:40:45:50:55:60:65:70:75:80:85:90:95:100:105:110:115:120,,,,40.59789421330788,-91.89545533604704,43.70355829397458,-86.78931222392667,+proj=laea +lat_0=38 +lon_0=-98 +units=m +a=6370997.0 +ellps=sphere ,192.0,192.0,384000.0,384000.0,-57.00911331176758,10.860466957092283,0.0
R19011917457834,ir107/2019/SEVIR_IR107_RANDOMEVENTS_2019_0101_0430.h5,1982,ir107,2019-01-19 17:45:00,-120:-115:-110:-105:-100:-95:-90:-85:-80:-75:-70:-65:-60:-55:-50:-45:-40:-35:-30:-25:-20:-15:-10:-5:0:5:10:15:20:25:30:35:40:45:50:55:60:65:70:75:80:85:90:95:100:105:110:115:120,,,,35.59022580806685,-92.23445579102274,38.72642022242676,-87.53629838388143,+proj=laea +lat_0=38 +lon_0=-98 +units=m +a=6370997.0 +ellps=sphere ,192.0,192.0,384000.0,384000.0,-56.56028366088867,13.59470272064209,0.0
R19020108147677,ir107/2019/SEVIR_IR107_RANDOMEVENTS_2019_0101_0430.h5,1990,ir107,2019-02-01 08:10:00,-120:-115:-110:-105:-100:-95:-90:-85:-80:-75:-70:-65:-60:-55:-50:-45:-40:-35:-30:-25:-20:-15:-10:-5:0:5:10:15:20:25:30:35:40:45:50:55:60:65:70:75:80:85:90:95:100:105:110:115:120,,,,33.06224782447092,-93.9780349125238,36.279346045926594,-89.5174116611542,+proj=laea +lat_0=38 +lon_0=-98 +units=m +a=6370997.0 +ellps=sphere ,192.0,192.0,384000.0,384000.0,-46.59579086303711,6.48021936416626,0.0
R19040611407581,ir107/2019/SEVIR_IR107_RANDOMEVENTS_2019_0101_0430.h5,1997,ir107,2019-04-06 11:39:00,-120:-115:-110:-105:-100:-95:-90:-85:-80:-75:-70:-65:-60:-55:-50:-45:-40:-35:-30:-25:-20:-15:-10:-5:0:5:10:15:20:25:30:35:40:45:50:55:60:65:70:75:80:85:90:95:100:105:110:115:120,,,,45.61177952067308,-125.20550464326368,49.86766768451394,-121.87979549330636,+proj=laea +lat_0=38 +lon_0=-98 +units=m +a=6370997.0 +ellps=sphere ,192.0,192.0,384000.0,384000.0,-54.9320182800293,2.0833170413970947,0.0
R18111717137358,vis/2018/SEVIR_VIS_RANDOMEVENTS_2018_1111_1120.h5,42,vis,2018-11-17 17:10:00,-120:-115:-110:-105:-100:-95:-90:-85:-80:-75:-70:-65:-60:-55:-50:-45:-40:-35:-30:-25:-20:-15:-10:-5:0:5:10:15:20:25:30:35:40:45:50:55:60:65:70:75:80:85:90:95:100:105:110:115:120,,,,33.85225788645202,-121.517721097595,37.97675109336207,-118.28388705094434,+proj=laea +lat_0=38 +lon_0=-98 +units=m +a=6370997.0 +ellps=sphere ,768.0,768.0,384000.0,384000.0,0.0136132594197988,0.4313651621341705,0.0
R18111600267840,vis/2018/SEVIR_VIS_RANDOMEVENTS_2018_1111_1120.h5,119,vis,2018-11-16 00:25:00,-120:-115:-110:-105:-100:-95:-90:-85:-80:-75:-70:-65:-60:-55:-50:-45:-40:-35:-30:-25:-20:-15:-10:-5:0:5:10:15:20:25:30:35:40:45:50:55:60:65:70:75:80:85:90:95:100:105:110:115:120,,,,36.78339316505637,-77.82739490200491,39.24277226623342,-72.44641986226114,+proj=laea +lat_0=38 +lon_0=-98 +units=m +a=6370997.0 +ellps=sphere ,768.0,768.0,384000.0,384000.0,-0.0033514178358018,0.0090069100260734,0.0
R18111815337447,vis/2018/SEVIR_VIS_RANDOMEVENTS_2018_1111_1120.h5,128,vis,2018-11-18 15:30:00,-120:-115:-110:-105:-100:-95:-90:-85:-80:-75:-70:-65:-60:-55:-50:-45:-40:-35:-30:-25:-20:-15:-10:-5:0:5:10:15:20:25:30:35:40:45:50:55:60:65:70:75:80:85:90:95:100:105:110:115:120,,,,28.40173948300409,-97.75548822798484,31.781482516173984,-93.68790823946188,+proj=laea +lat_0=38 +lon_0=-98 +units=m +a=6370997.0 +ellps=sphere ,768.0,768.0,384000.0,384000.0,0.0127554768696427,1.177604079246521,0.0
R18111904328331,vis/2018/SEVIR_VIS_RANDOMEVENTS_2018_1111_1120.h5,133,vis,2018-11-19 04:30:00,-120:-115:-110:-105:-100:-95:-90:-85:-80:-75:-70:-65:-60:-55:-50:-45:-40:-35:-30:-25:-20:-15:-10:-5:0:5:10:15:20:25:30:35:40:45:50:55:60:65:70:75:80:85:90:95:100:105:110:115:120,,,,41.78443686783371,-88.47675372454835,44.731080747301576,-83.09169828297436,+proj=laea +lat_0=38 +lon_0=-98 +units=m +a=6370997.0 +ellps=sphere ,768.0,768.0,384000.0,384000.0,-0.0035610466729849,0.0036728992126882,0.0
R18111717137366,vis/2018/SEVIR_VIS_RANDOMEVENTS_2018_1111_1120.h5,164,vis,2018-11-17 17:10:00,-120:-115:-110:-105:-100:-95:-90:-85:-80:-75:-70:-65:-60:-55:-50:-45:-40:-35:-30:-25:-20:-15:-10:-5:0:5:10:15:20:25:30:35:40:45:50:55:60:65:70:75:80:85:90:95:100:105:110:115:120,,,,32.11329952590664,-119.3483584816456,36.17950313729954,-116.04763251471417,+proj=laea +lat_0=38 +lon_0=-98 +units=m +a=6370997.0 +ellps=sphere ,768.0,768.0,384000.0,384000.0,0.0176954865455627,0.557236909866333,0.0
R18111815287570,vis/2018/SEVIR_VIS_RANDOMEVENTS_2018_1111_1120.h5,182,vis,2018-11-18 15:25:00,-120:-115:-110:-105:-100:-95:-90:-85:-80:-75:-70:-65:-60:-55:-50:-45:-40:-35:-30:-25:-20:-15:-10:-5:0:5:10:15:20:25:30:35:40:45:50:55:60:65:70:75:80:85:90:95:100:105:110:115:120,,,,31.068790003201023,-95.06492021176209,34.33620874428344,-90.76217060343444,+proj=laea +lat_0=38 +lon_0=-98 +units=m +a=6370997.0 +ellps=sphere ,768.0,768.0,384000.0,384000.0,0.0097545078024268,0.9938966035842896,0.0
S779286,vis/2018/SEVIR_VIS_STORMEVENTS_2018_0801_0831.h5,3,vis,2018-08-14 23:20:00,-120:-115:-110:-105:-100:-95:-90:-85:-80:-75:-70:-65:-60:-55:-50:-45:-40:-35:-30:-25:-20:-15:-10:-5:0:5:10:15:20:25:30:35:40:45:50:55:60:65:70:75:80:85:90:95:100:105:110:115:120,130134.0,779286.0,Hail,33.40613884913471,-103.10574058719465,36.970378889971606,-99.01305829434791,+proj=laea +lat_0=38 +lon_0=-98 +units=m +a=6370997.0 +ellps=sphere ,768.0,768.0,384000.0,384000.0,0.0018815083894878,1.0807763338088991,0.0
S779151,vis/2018/SEVIR_VIS_STORMEVENTS_2018_0801_0831.h5,12,vis,2018-08-16 20:30:00,-120:-115:-110:-105:-100:-95:-90:-85:-80:-75:-70:-65:-60:-55:-50:-45:-40:-35:-30:-25:-20:-15:-10:-5:0:5:10:15:20:25:30:35:40:45:50:55:60:65:70:75:80:85:90:95:100:105:110:115:120,130102.0,779151.0,Flash Flood,33.009398030174424,-117.36447533223642,37.02355352031879,-113.94582863996511,+proj=laea +lat_0=38 +lon_0=-98 +units=m +a=6370997.0 +ellps=sphere ,768.0,768.0,384000.0,384000.0,0.0245906747877597,1.2393593788146973,0.0
S780101,vis/2018/SEVIR_VIS_STORMEVENTS_2018_0801_0831.h5,18,vis,2018-08-19 03:00:00,-120:-115:-110:-105:-100:-95:-90:-85:-80:-75:-70:-65:-60:-55:-50:-45:-40:-35:-30:-25:-20:-15:-10:-5:0:5:10:15:20:25:30:35:40:45:50:55:60:65:70:75:80:85:90:95:100:105:110:115:120,130303.0,780101.0,Thunderstorm Wind,33.97082573723801,-82.0064570296758,36.65680437469608,-77.0148248227283,+proj=laea +lat_0=38 +lon_0=-98 +units=m +a=6370997.0 +ellps=sphere ,768.0,768.0,384000.0,384000.0,-0.0031671617180109,0.0060460357926785,0.0
S774560,vis/2018/SEVIR_VIS_STORMEVENTS_2018_0801_0831.h5,19,vis,2018-08-15 12:00:00,-120:-115:-110:-105:-100:-95:-90:-85:-80:-75:-70:-65:-60:-55:-50:-45:-40:-35:-30:-25:-20:-15:-10:-5:0:5:10:15:20:25:30:35:40:45:50:55:60:65:70:75:80:85:90:95:100:105:110:115:120,129256.0,774560.0,Heavy Rain,35.51762441594098,-97.88953549563324,38.88409950109122,-93.44558039193184,+proj=laea +lat_0=38 +lon_0=-98 +units=m +a=6370997.0 +ellps=sphere ,768.0,768.0,384000.0,384000.0,-0.0031616864725947,0.8548690676689148,0.0
S780339,vis/2018/SEVIR_VIS_STORMEVENTS_2018_0801_0831.h5,20,vis,2018-08-22 01:50:00,-120:-115:-110:-105:-100:-95:-90:-85:-80:-75:-70:-65:-60:-55:-50:-45:-40:-35:-30:-25:-20:-15:-10:-5:0:5:10:15:20:25:30:35:40:45:50:55:60:65:70:75:80:85:90:95:100:105:110:115:120,130340.0,780339.0,Thunderstorm Wind,34.84797861961717,-104.51403592845656,38.46109222276456,-100.4122435337762,+proj=laea +lat_0=38 +lon_0=-98 +units=m +a=6370997.0 +ellps=sphere ,768.0,768.0,384000.0,384000.0,-0.0037244549021124,0.6845034956932068,0.0
S779032,vis/2018/SEVIR_VIS_STORMEVENTS_2018_0801_0831.h5,30,vis,2018-08-12 21:05:00,-120:-115:-110:-105:-100:-95:-90:-85:-80:-75:-70:-65:-60:-55:-50:-45:-40:-35:-30:-25:-20:-15:-10:-5:0:5:10:15:20:25:30:35:40:45:50:55:60:65:70:75:80:85:90:95:100:105:110:115:120,130077.0,779032.0,Thunderstorm Wind,40.874518700100175,-110.73249865562563,44.70481423511124,-106.63370193208053,+proj=laea +lat_0=38 +lon_0=-98 +units=m +a=6370997.0 +ellps=sphere ,768.0,768.0,384000.0,384000.0,0.0277986973524093,1.1378812789916992,0.0
S786069,vis/2018/SEVIR_VIS_STORMEVENTS_2018_0801_0831.h5,36,vis,2018-08-04 21:38:00,-118:-113:-108:-103:-98:-93:-88:-83:-78:-73:-68:-63:-58:-53:-48:-43:-38:-33:-28:-23:-18:-13:-8:-3:2:7:12:17:22:27:32:37:42:47:52:57:62:67:72:77:82:87:92:97:102:107:112:117:122,131366.0,786069.0,Hail,39.31917179623249,-105.07713838746508,42.95318861080536,-100.75038735310412,+proj=laea +lat_0=38 +lon_0=-98 +units=m +a=6370997.0 +ellps=sphere ,768.0,768.0,384000.0,384000.0,0.0241149459034204,1.1027048826217651,0.0
S780744,vis/2018/SEVIR_VIS_STORMEVENTS_2018_0801_0831.h5,39,vis,2018-08-19 21:47:00,-122:-117:-112:-107:-102:-97:-92:-87:-82:-77:-72:-67:-62:-57:-52:-47:-42:-37:-32:-27:-22:-17:-12:-7:-2:3:8:13:18:23:28:33:38:43:48:53:58:63:68:73:78:83:88:93:98:103:108:113:118,129421.0,780744.0,Thunderstorm Wind,35.45310033176925,-96.43258140931252,38.76217668052662,-91.92741109903076,+proj=laea +lat_0=38 +lon_0=-98 +units=m +a=6370997.0 +ellps=sphere ,768.0,768.0,384000.0,384000.0,0.0061394185759127,1.1976919174194336,0.0
S767595,vis/2018/SEVIR_VIS_STORMEVENTS_2018_0801_0831.h5,42,vis,2018-08-11 20:05:00,-120:-115:-110:-105:-100:-95:-90:-85:-80:-75:-70:-65:-60:-55:-50:-45:-40:-35:-30:-25:-20:-15:-10:-5:0:5:10:15:20:25:30:35:40:45:50:55:60:65:70:75:80:85:90:95:100:105:110:115:120,127607.0,767595.0,Flash Flood,39.6149106484059,-77.42392895308164,42.02980925294864,-71.75955197981848,+proj=laea +lat_0=38 +lon_0=-98 +units=m +a=6370997.0 +ellps=sphere ,768.0,768.0,384000.0,384000.0,0.0139845963567495,1.2441997528076172,0.0
S779212,vis/2018/SEVIR_VIS_STORMEVENTS_2018_0801_0831.h5,52,vis,2018-08-07 01:05:00,-120:-115:-110:-105:-100:-95:-90:-85:-80:-75:-70:-65:-60:-55:-50:-45:-40:-35:-30:-25:-20:-15:-10:-5:0:5:10:15:20:25:30:35:40:45:50:55:60:65:70:75:80:85:90:95:100:105:110:115:120,130124.0,779212.0,Thunderstorm Wind,38.08657159988667,-97.10874821362204,41.41764239846478,-92.4571447373174,+proj=laea +lat_0=38 +lon_0=-98 +units=m +a=6370997.0 +ellps=sphere ,768.0,768.0,384000.0,384000.0,-0.0034350464120507,0.8924352526664734,0.0
S774573,vis/2018/SEVIR_VIS_STORMEVENTS_2018_0801_0831.h5,58,vis,2018-08-16 23:26:00,-121:-116:-111:-106:-101:-96:-91:-86:-81:-76:-71:-66:-61:-56:-51:-46:-41:-36:-31:-26:-21:-16:-11:-6:-1:4:9:14:19:24:29:34:39:44:49:54:59:64:69:74:79:84:89:94:99:104:109:114:119,129260.0,774573.0,Thunderstorm Wind,36.21759844832335,-97.37583315064694,39.56256935624436,-92.863945620163,+proj=laea +lat_0=38 +lon_0=-98 +units=m +a=6370997.0 +ellps=sphere ,768.0,768.0,384000.0,384000.0,-0.0033392845652997,1.0641443729400637,0.0
S766248,vis/2018/SEVIR_VIS_STORMEVENTS_2018_0801_0831.h5,62,vis,2018-08-19 09:35:00,-120:-115:-110:-105:-100:-95:-90:-85:-80:-75:-70:-65:-60:-55:-50:-45:-40:-35:-30:-25:-20:-15:-10:-5:0:5:10:15:20:25:30:35:40:45:50:55:60:65:70:75:80:85:90:95:100:105:110:115:120,127792.0,766248.0,Thunderstorm Wind,45.59426007046303,-100.23172525579275,49.04785116214448,-95.13121358990672,+proj=laea +lat_0=38 +lon_0=-98 +units=m +a=6370997.0 +ellps=sphere ,768.0,768.0,384000.0,384000.0,-0.00318683241494,0.0502039492130279,0.0
S782133,vis/2018/SEVIR_VIS_STORMEVENTS_2018_0801_0831.h5,70,vis,2018-08-15 23:01:00,-121:-116:-111:-106:-101:-96:-91:-86:-81:-76:-71:-66:-61:-56:-51:-46:-41:-36:-31:-26:-21:-16:-11:-6:-1:4:9:14:19:24:29:34:39:44:49:54:59:64:69:74:79:84:89:94:99:104:109:114:119,130703.0,782133.0,Flash Flood,35.7917830098031,-107.08734780599964,39.4937535477074,-103.06092933465212,+proj=laea +lat_0=38 +lon_0=-98 +units=m +a=6370997.0 +ellps=sphere ,768.0,768.0,384000.0,384000.0,0.0151674253866076,1.178379774093628,0.0
S769249,vis/2018/SEVIR_VIS_STORMEVENTS_2018_0801_0831.h5,81,vis,2018-08-22 20:25:00,-120:-115:-110:-105:-100:-95:-90:-85:-80:-75:-70:-65:-60:-55:-50:-45:-40:-35:-30:-25:-20:-15:-10:-5:0:5:10:15:20:25:30:35:40:45:50:55:60:65:70:75:80:85:90:95:100:105:110:115:120,128250.0,769249.0,Funnel Cloud,25.64950637177566,-82.66085720369334,28.42785856394981,-78.22582642129939,+proj=laea +lat_0=38 +lon_0=-98 +units=m +a=6370997.0 +ellps=sphere ,768.0,768.0,384000.0,384000.0,0.0065230149775743,1.2199033498764038,0.0042599009818771
S781731,vis/2018/SEVIR_VIS_STORMEVENTS_2018_0801_0831.h5,91,vis,2018-08-13 18:59:00,-119:-114:-109:-104:-99:-94:-89:-84:-79:-74:-69:-64:-59:-54:-49:-44:-39:-34:-29:-24:-19:-14:-9:-4:1:6:11:16:21:26:31:36:41:46:51:56:61:66:71:76:81:86:91:96:101:106:111:116:121,130273.0,781731.0,Lightning,39.0602889809344,-82.63580750867231,41.74232466560365,-77.2426071634211,+proj=laea +lat_0=38 +lon_0=-98 +units=m +a=6370997.0 +ellps=sphere ,768.0,768.0,384000.0,384000.0,0.0232778862118721,1.2433191537857056,0.0
S782131,vis/2018/SEVIR_VIS_STORMEVENTS_2018_0801_0831.h5,92,vis,2018-08-11 21:11:00,-121:-116:-111:-106:-101:-96:-91:-86:-81:-76:-71:-66:-61:-56:-51:-46:-41:-36:-31:-26:-21:-16:-11:-6:-1:4:9:14:19:24:29:34:39:44:49:54:59:64:69:74:79:84:89:94:99:104:109:114:119,130700.0,782131.0,Thunderstorm Wind,35.597109285641025,-78.77093030092973,38.11364723254743,-73.52806425009497,+proj=laea +lat_0=38 +lon_0=-98 +units=m +a=6370997.0 +ellps=sphere ,768.0,768.0,384000.0,384000.0,0.0089197428897023,1.2441366910934448,0.0
S779960,vis/2018/SEVIR_VIS_STORMEVENTS_2018_0801_0831.h5,96,vis,2018-08-12 22:45:00,-120:-115:-110:-105:-100:-95:-90:-85:-80:-75:-70:-65:-60:-55:-50:-45:-40:-35:-30:-25:-20:-15:-10:-5:0:5:10:15:20:25:30:35:40:45:50:55:60:65:70:75:80:85:90:95:100:105:110:115:120,130272.0,779960.0,Hail,38.5499927624208,-84.3849489192552,41.3196121012385,-79.11333268845502,+proj=laea +lat_0=38 +lon_0=-98 +units=m +a=6370997.0 +ellps=sphere ,768.0,768.0,384000.0,384000.0,-0.002571707824245,1.0023115873336792,0.0025255544926303
S778888,vis/2018/SEVIR_VIS_STORMEVENTS_2018_0801_0831.h5,97,vis,2018-08-15 01:15:00,-120:-115:-110:-105:-100:-95:-90:-85:-80:-75:-70:-65:-60:-55:-50:-45:-40:-35:-30:-25:-20:-15:-10:-5:0:5:10:15:20:25:30:35:40:45:50:55:60:65:70:75:80:85:90:95:100:105:110:115:120,130043.0,778888.0,Hail,35.555243099729225,-106.88194053734355,39.25016360299482,-102.85721899933108,+proj=laea +lat_0=38 +lon_0=-98 +units=m +a=6370997.0 +ellps=sphere ,768.0,768.0,384000.0,384000.0,-0.003709526034072,0.8624908328056335,0.0
S766932,vis/2018/SEVIR_VIS_STORMEVENTS_2018_0801_0831.h5,99,vis,2018-08-07 00:43:00,-118:-113:-108:-103:-98:-93:-88:-83:-78:-73:-68:-63:-58:-53:-48:-43:-38:-33:-28:-23:-18:-13:-8:-3:2:7:12:17:22:27:32:37:42:47:52:57:62:67:72:77:82:87:92:97:102:107:112:117:122,127863.0,766932.0,Tornado,39.24196799807647,-100.02058364310628,42.68701483513878,-95.43241054247628,+proj=laea +lat_0=38 +lon_0=-98 +units=m +a=6370997.0 +ellps=sphere ,768.0,768.0,384000.0,384000.0,-0.003142169676721,0.9138206839561462,0.0
S779950,vis/2018/SEVIR_VIS_STORMEVENTS_2018_0801_0831.h5,100,vis,2018-08-12 04:53:00,-118:-113:-108:-103:-98:-93:-88:-83:-78:-73:-68:-63:-58:-53:-48:-43:-38:-33:-28:-23:-18:-13:-8:-3:2:7:12:17:22:27:32:37:42:47:52:57:62:67:72:77:82:87:92:97:102:107:112:117:122,130269.0,779950.0,Hail,40.98500902453975,-86.74121962128538,43.853730082800304,-81.35014647769789,+proj=laea +lat_0=38 +lon_0=-98 +units=m +a=6370997.0 +ellps=sphere ,768.0,768.0,384000.0,384000.0,-0.0034207236021757,0.0311549771577119,0.0
S777446,vis/2018/SEVIR_VIS_STORMEVENTS_2018_0801_0831.h5,101,vis,2018-08-06 05:05:00,-120:-115:-110:-105:-100:-95:-90:-85:-80:-75:-70:-65:-60:-55:-50:-45:-40:-35:-30:-25:-20:-15:-10:-5:0:5:10:15:20:25:30:35:40:45:50:55:60:65:70:75:80:85:90:95:100:105:110:115:120,129785.0,777446.0,Thunderstorm Wind,40.37186258281253,-97.2210666410182,43.70430293735578,-92.40375054213244,+proj=laea +lat_0=38 +lon_0=-98 +units=m +a=6370997.0 +ellps=sphere ,768.0,768.0,384000.0,384000.0,-0.0033483230508863,0.0101075414568185,0.0
S777954,vis/2018/SEVIR_VIS_STORMEVENTS_2018_0801_0831.h5,103,vis,2018-08-09 21:03:00,-118:-113:-108:-103:-98:-93:-88:-83:-78:-73:-68:-63:-58:-53:-48:-43:-38:-33:-28:-23:-18:-13:-8:-3:2:7:12:17:22:27:32:37:42:47:52:57:62:67:72:77:82:87:92:97:102:107:112:117:122,129822.0,777954.0,Thunderstorm Wind,32.77410063503535,-86.83093042883014,35.688946915596844,-82.10738650353541,+proj=laea +lat_0=38 +lon_0=-98 +units=m +a=6370997.0 +ellps=sphere ,768.0,768.0,384000.0,384000.0,0.0106136016547679,1.2449544668197632,0.0
S786320,vis/2018/SEVIR_VIS_STORMEVENTS_2018_0801_0831.h5,104,vis,2018-08-18 23:58:00,-118:-113:-108:-103:-98:-93:-88:-83:-78:-73:-68:-63:-58:-53:-48:-43:-38:-33:-28:-23:-18:-13:-8:-3:2:7:12:17:22:27:32:37:42:47:52:57:62:67:72:77:82:87:92:97:102:107:112:117:122,131402.0,786320.0,Thunderstorm Wind,32.60865321989412,-113.6243790008988,36.51581567911134,-110.041115629206,+proj=laea +lat_0=38 +lon_0=-98 +units=m +a=6370997.0 +ellps=sphere ,768.0,768.0,384000.0,384000.0,0.002677789889276,0.9777236580848694,0.0
S770301,vis/2018/SEVIR_VIS_STORMEVENTS_2018_0801_0831.h5,113,vis,2018-08-14 22:54:00,-119:-114:-109:-104:-99:-94:-89:-84:-79:-74:-69:-64:-59:-54:-49:-44:-39:-34:-29:-24:-19:-14:-9:-4:1:6:11:16:21:26:31:36:41:46:51:56:61:66:71:76:81:86:91:96:101:106:111:116:121,128401.0,770301.0,Hail,38.39998366173817,-107.17842212998691,42.106941461386334,-103.01887167783252,+proj=laea +lat_0=38 +lon_0=-98 +units=m +a=6370997.0 +ellps=sphere ,768.0,768.0,384000.0,384000.0,0.0147668793797492,1.0812488794326782,0.0
S780148,vis/2018/SEVIR_VIS_STORMEVENTS_2018_0801_0831.h5,124,vis,2018-08-06 21:15:00,-120:-115:-110:-105:-100:-95:-90:-85:-80:-75:-70:-70:-70:-55:-50:-45:-40:-35:-30:-25:-20:-15:-10:-5:0:5:10:15:20:25:30:35:40:45:50:55:60:65:70:75:80:85:90:95:100:105:110:115:120,130310.0,780148.0,Thunderstorm Wind,34.17639942391229,-81.92145269681849,36.85688927615511,-76.91101844404595,+proj=laea +lat_0=38 +lon_0=-98 +units=m +a=6370997.0 +ellps=sphere ,768.0,768.0,384000.0,384000.0,0.0074313036166131,1.2459158897399902,0.0
S767497,vis/2018/SEVIR_VIS_STORMEVENTS_2018_0801_0831.h5,126,vis,2018-08-09 21:42:00,-122:-117:-112:-107:-102:-97:-92:-87:-82:-77:-72:-67:-62:-57:-52:-47:-42:-37:-32:-27:-22:-17:-12:-7:-2:3:8:13:18:23:28:33:38:43:48:53:58:63:68:73:78:83:88:93:98:103:108:113:118,127961.0,767497.0,Thunderstorm Wind,32.03208857346073,-84.2038149594904,34.83335938588288,-79.43259153918571,+proj=laea +lat_0=38 +lon_0=-98 +units=m +a=6370997.0 +ellps=sphere ,768.0,768.0,384000.0,384000.0,0.0027238160837441,1.212602972984314,0.0
S768594,vis/2018/SEVIR_VIS_STORMEVENTS_2018_0801_0831.h5,129,vis,2018-08-13 21:42:00,-122:-117:-112:-107:-102:-97:-92:-87:-82:-77:-72:-67:-62:-57:-52:-47:-42:-37:-32:-27:-22:-17:-12:-7:-2:3:8:13:18:23:28:33:38:43:48:53:58:63:68:73:78:83:88:93:98:103:108:113:118,128152.0,768594.0,Hail,35.956396054763275,-82.0746218739806,38.631797345871135,-76.92937924208834,+proj=laea +lat_0=38 +lon_0=-98 +units=m +a=6370997.0 +ellps=sphere ,768.0,768.0,384000.0,384000.0,-9.673665772425012e-05,1.2226300239562988,0.0
S782038,vis/2018/SEVIR_VIS_STORMEVENTS_2018_0801_0831.h5,138,vis,2018-08-10 01:15:00,-120:-115:-110:-105:-100:-95:-90:-85:-80:-75:-70:-65:-60:-55:-50:-45:-40:-35:-30:-25:-20:-15:-10:-5:0:5:10:15:20:25:30:35:40:45:50:55:60:65:70:75:80:85:90:95:100:105:110:115:120,130660.0,782038.0,Thunderstorm Wind,31.329654344011328,-99.6187279830349,34.770509661217126,-95.48252553230172,+proj=laea +lat_0=38 +lon_0=-98 +units=m +a=6370997.0 +ellps=sphere ,768.0,768.0,384000.0,384000.0,-0.0031151624862104,0.7778953313827515,0.0
S780084,vis/2018/SEVIR_VIS_STORMEVENTS_2018_0801_0831.h5,140,vis,2018-08-14 18:35:00,-120:-115:-110:-105:-100:-95:-90:-85:-80:-75:-70:-65:-60:-55:-50:-45:-40:-35:-30:-25:-20:-15:-10:-5:0:5:10:15:20:25:30:35:40:45:50:55:60:65:70:75:80:85:90:95:100:105:110:115:120,130302.0,780084.0,Thunderstorm Wind,34.7144911491529,-80.40343523310645,37.31815310510815,-75.29398538964176,+proj=laea +lat_0=38 +lon_0=-98 +units=m +a=6370997.0 +ellps=sphere ,768.0,768.0,384000.0,384000.0,0.0233262963593006,1.242878794670105,0.0
S779146,vis/2018/SEVIR_VIS_STORMEVENTS_2018_0801_0831.h5,141,vis,2018-08-17 23:35:00,-120:-115:-110:-105:-100:-95:-90:-85:-80:-75:-70:-65:-60:-55:-50:-45:-40:-35:-30:-25:-20:-15:-10:-5:0:5:10:15:20:25:30:35:40:45:50:55:60:65:70:75:80:85:90:95:100:105:110:115:120,130101.0,779146.0,Flash Flood,32.48014594977145,-115.25344553167524,36.434566853844586,-111.75008889110964,+proj=laea +lat_0=38 +lon_0=-98 +units=m +a=6370997.0 +ellps=sphere ,768.0,768.0,384000.0,384000.0,0.0131254252046346,1.241369128227234,0.0
S763388,vis/2018/SEVIR_VIS_STORMEVENTS_2018_0801_0831.h5,144,vis,2018-08-04 21:30:00,-120:-115:-110:-105:-100:-95:-90:-85:-80:-75:-70:-65:-60:-55:-50:-45:-40:-35:-30:-25:-20:-15:-10:-5:0:5:10:15:20:25:30:35:40:45:50:55:60:65:70:75:80:85:90:95:100:105:110:115:120,127344.0,763388.0,Thunderstorm Wind,37.62117976544665,-86.90418997034645,40.51374931838957,-81.82112892857329,+proj=laea +lat_0=38 +lon_0=-98 +units=m +a=6370997.0 +ellps=sphere ,768.0,768.0,384000.0,384000.0,0.0092269256711006,1.1309280395507812,0.0
S780225,vis/2018/SEVIR_VIS_STORMEVENTS_2018_0801_0831.h5,152,vis,2018-08-04 22:17:00,-122:-117:-112:-107:-102:-97:-92:-87:-82:-77:-72:-67:-62:-57:-52:-47:-42:-37:-32:-27:-22:-17:-12:-7:-2:3:8:13:18:23:28:33:38:43:48:53:58:63:68:73:78:83:88:93:98:103:108:113:118,130322.0,780225.0,Thunderstorm Wind,41.69136374868008,-76.43330208801244,44.03612656278332,-70.50837405388376,+proj=laea +lat_0=38 +lon_0=-98 +units=m +a=6370997.0 +ellps=sphere ,768.0,768.0,384000.0,384000.0,-0.0269023869186639,1.1084306240081787,0.0
S779990,vis/2018/SEVIR_VIS_STORMEVENTS_2018_0801_0831.h5,153,vis,2018-08-31 00:30:00,-120:-115:-110:-105:-100:-95:-90:-85:-80:-75:-70:-65:-60:-55:-50:-45:-40:-35:-30:-25:-20:-15:-10:-5:0:5:10:15:20:25:30:35:40:45:50:55:60:65:70:75:80:85:90:95:100:105:110:115:120,130282.0,779990.0,Thunderstorm Wind,33.21861890484884,-96.23841061445056,36.52559900083706,-91.86151385367592,+proj=laea +lat_0=38 +lon_0=-98 +units=m +a=6370997.0 +ellps=sphere ,768.0,768.0,384000.0,384000.0,-0.0038173000793904,0.8219769597053528,0.0
S780823,vis/2018/SEVIR_VIS_STORMEVENTS_2018_0801_0831.h5,158,vis,2018-08-31 13:50:00,-120:-115:-110:-105:-100:-95:-90:-85:-80:-75:-70:-65:-60:-55:-50:-45:-40:-35:-30:-25:-20:-15:-10:-5:0:5:10:15:20:25:30:35:40:45:50:55:60:65:70:75:80:85:90:95:100:105:110:115:120,130309.0,780823.0,Heavy Rain,35.94357334458325,-95.6450762744292,39.219860220294784,-91.07271218433831,+proj=laea +lat_0=38 +lon_0=-98 +units=m +a=6370997.0 +ellps=sphere ,768.0,768.0,384000.0,384000.0,-0.0007969382568262,1.1975520849227903,0.0
S772068,vis/2018/SEVIR_VIS_STORMEVENTS_2018_0801_0831.h5,166,vis,2018-08-05 00:47:00,-122:-117:-112:-107:-102:-97:-92:-87:-82:-77:-72:-67:-62:-57:-52:-47:-42:-37:-32:-27:-22:-17:-12:-7:-2:3:8:13:18:23:28:33:38:43:48:53:58:63:68:73:78:83:88:93:98:103:108:113:118,128731.0,772068.0,Hail,46.00077453554303,-100.66102880022122,49.472058997215605,-95.54843124324528,+proj=laea +lat_0=38 +lon_0=-98 +units=m +a=6370997.0 +ellps=sphere ,768.0,768.0,384000.0,384000.0,-0.0030369942542165,0.8019306063652039,0.0
S773841,vis/2018/SEVIR_VIS_STORMEVENTS_2018_0801_0831.h5,170,vis,2018-08-07 23:00:00,-120:-115:-110:-105:-100:-95:-90:-85:-80:-75:-70:-65:-60:-55:-50:-45:-40:-35:-30:-25:-20:-15:-10:-5:0:5:10:15:20:25:30:35:40:45:50:55:60:65:70:75:80:85:90:95:100:105:110:115:120,129109.0,773841.0,Hail,39.29163039076104,-106.59261516097222,42.97924811576432,-102.34981546091517,+proj=laea +lat_0=38 +lon_0=-98 +units=m +a=6370997.0 +ellps=sphere ,768.0,768.0,384000.0,384000.0,0.0132243335247039,0.9789316654205322,0.0
S777840,vis/2018/SEVIR_VIS_STORMEVENTS_2018_0801_0831.h5,171,vis,2018-08-31 21:57:00,-122:-117:-112:-107:-102:-97:-92:-87:-82:-77:-72:-67:-62:-57:-52:-47:-42:-37:-32:-27:-22:-17:-12:-7:-2:3:8:13:18:23:28:33:38:43:48:53:58:63:68:73:78:83:88:93:98:103:108:113:118,129841.0,777840.0,Thunderstorm Wind,29.638096162549303,-86.38308746303684,32.55179100053444,-81.84273670294104,+proj=laea +lat_0=38 +lon_0=-98 +units=m +a=6370997.0 +ellps=sphere ,768.0,768.0,384000.0,384000.0,-0.0011749034747481,1.20270574092865,0.0
S770056,vis/2018/SEVIR_VIS_STORMEVENTS_2018_0801_0831.h5,180,vis,2018-08-26 11:40:00,-120:-115:-110:-105:-100:-95:-90:-85:-80:-75:-70:-65:-60:-55:-50:-45:-40:-35:-30:-25:-20:-15:-10:-5:0:5:10:15:20:25:30:35:40:45:50:55:60:65:70:75:80:85:90:95:100:105:110:115:120,128363.0,770056.0,Lightning,43.64613930925695,-95.66597237831768,46.90958046832079,-90.47993892443527,+proj=laea +lat_0=38 +lon_0=-98 +units=m +a=6370997.0 +ellps=sphere ,768.0,768.0,384000.0,384000.0,-0.0032780014444142,0.8025109171867371,0.0
S781936,vis/2018/SEVIR_VIS_STORMEVENTS_2018_0801_0831.h5,190,vis,2018-08-11 15:30:00,-120:-115:-110:-105:-100:-95:-90:-85:-80:-75:-70:-65:-60:-55:-50:-45:-40:-35:-30:-25:-20:-15:-10:-5:0:5:10:15:20:25:30:35:40:45:50:55:60:65:70:75:80:85:90:95:100:105:110:115:120,130635.0,781936.0,Flash Flood,32.51854038838993,-111.960971911416,36.37571637256217,-108.30421095376845,+proj=laea +lat_0=38 +lon_0=-98 +units=m +a=6370997.0 +ellps=sphere ,768.0,768.0,384000.0,384000.0,0.0113662229850888,1.0349843502044678,0.0
S779250,vis/2018/SEVIR_VIS_STORMEVENTS_2018_0801_0831.h5,194,vis,2018-08-28 23:30:00,-120:-115:-110:-105:-100:-95:-90:-85:-80:-75:-70:-65:-60:-55:-50:-45:-40:-35:-30:-25:-20:-15:-10:-5:0:5:10:15:20:25:30:35:40:45:50:55:60:65:70:75:80:85:90:95:100:105:110:115:120,130128.0,779250.0,Thunderstorm Wind,38.3409326516714,-95.88999690922203,41.62201182467418,-91.16110150527358,+proj=laea +lat_0=38 +lon_0=-98 +units=m +a=6370997.0 +ellps=sphere ,768.0,768.0,384000.0,384000.0,-0.0031936184968799,1.0356051921844482,0.0
S771106,vis/2018/SEVIR_VIS_STORMEVENTS_2018_0801_0831.h5,201,vis,2018-08-13 01:13:00,-118:-113:-108:-103:-98:-93:-88:-83:-78:-73:-68:-63:-58:-53:-48:-43:-38:-33:-28:-23:-18:-13:-8:-3:2:7:12:17:22:27:32:37:42:47:52:57:62:67:72:77:82:87:92:97:102:107:112:117:122,128526.0,771106.0,Thunderstorm Wind,31.38029476660371,-113.59654839889777,35.285936282853434,-110.05154157211794,+proj=laea +lat_0=38 +lon_0=-98 +units=m +a=6370997.0 +ellps=sphere ,768.0,768.0,384000.0,384000.0,-0.0031972441356629,1.2436964511871338,0.0
S781027,vis/2018/SEVIR_VIS_STORMEVENTS_2018_0801_0831.h5,207,vis,2018-08-17 22:10:00,-120:-115:-110:-105:-100:-95:-90:-85:-80:-75:-70:-65:-60:-55:-50:-45:-40:-35:-30:-25:-20:-15:-10:-5:0:5:10:15:20:25:30:35:40:45:50:55:60:65:70:75:80:85:90:95:100:105:110:115:120,130255.0,781027.0,Thunderstorm Wind,32.86871955890929,-101.61664069265758,36.38003476900585,-97.48621360206552,+proj=laea +lat_0=38 +lon_0=-98 +units=m +a=6370997.0 +ellps=sphere ,768.0,768.0,384000.0,384000.0,0.010956197977066,1.118982434272766,0.0
S772953,vis/2018/SEVIR_VIS_STORMEVENTS_2018_0801_0831.h5,209,vis,2018-09-01 03:15:00,-120:-115:-110:-105:-100:-95:-90:-85:-80:-75:-70:-65:-60:-55:-50:-45:-40:-35:-30:-25:-20:-15:-10:-5:0:5:10:15:20:25:30:35:40:45:50:55:60:65:70:75:80:85:90:95:100:105:110:115:120,128900.0,772953.0,Thunderstorm Wind,38.94219770630479,-103.32278684287265,42.51227440056154,-98.92652490296145,+proj=laea +lat_0=38 +lon_0=-98 +units=m +a=6370997.0 +ellps=sphere ,768.0,768.0,384000.0,384000.0,-0.0276042837649583,0.2103413641452789,0.0741273356673398
S768252,vis/2018/SEVIR_VIS_STORMEVENTS_2018_0801_0831.h5,214,vis,2018-08-09 03:18:00,-118:-113:-108:-103:-98:-93:-88:-83:-78:-73:-68:-63:-58:-53:-48:-43:-38:-33:-28:-23:-18:-13:-8:-3:2:7:12:17:22:27:32:37:42:47:52:57:62:67:72:77:82:87:92:97:102:107:112:117:122,127973.0,768252.0,Thunderstorm Wind,31.41275481451489,-113.62374006069084,35.31920899315384,-110.07893223738908,+proj=laea +lat_0=38 +lon_0=-98 +units=m +a=6370997.0 +ellps=sphere ,768.0,768.0,384000.0,384000.0,-0.0030706557445228,0.6089766025543213,0.0
S762886,vis/2018/SEVIR_VIS_STORMEVENTS_2018_0801_0831.h5,223,vis,2018-08-02 01:14:00,-119:-114:-109:-104:-99:-94:-89:-84:-79:-74:-69:-64:-59:-54:-49:-44:-39:-34:-29:-24:-19:-14:-9:-4:1:6:11:16:21:26:31:36:41:46:51:56:61:66:71:76:81:86:91:96:101:106:111:116:121,127272.0,762886.0,Hail,33.03458125222226,-105.2977205697044,36.675791060287104,-101.31983273337907,+proj=laea +lat_0=38 +lon_0=-98 +units=m +a=6370997.0 +ellps=sphere ,768.0,768.0,384000.0,384000.0,-0.0035601160489022,0.8495856523513794,0.0
S768497,vis/2018/SEVIR_VIS_STORMEVENTS_2018_0801_0831.h5,226,vis,2018-08-12 18:20:00,-120:-115:-110:-105:-100:-95:-90:-85:-80:-75:-70:-65:-60:-55:-50:-45:-40:-35:-30:-25:-20:-15:-10:-5:0:5:10:15:20:25:30:35:40:45:50:55:60:65:70:75:80:85:90:95:100:105:110:115:120,128145.0,768497.0,Thunderstorm Wind,35.822274967717206,-82.55487283174733,38.52158656040653,-77.43949888181741,+proj=laea +lat_0=38 +lon_0=-98 +units=m +a=6370997.0 +ellps=sphere ,768.0,768.0,384000.0,384000.0,0.0230063572525978,1.243759274482727,0.0
S771220,vis/2018/SEVIR_VIS_STORMEVENTS_2018_0801_0831.h5,229,vis,2018-08-30 23:35:00,-120:-115:-110:-105:-100:-95:-90:-85:-80:-75:-70:-65:-60:-55:-50:-45:-40:-35:-30:-25:-20:-15:-10:-5:0:5:10:15:20:25:30:35:40:45:50:55:60:65:70:75:80:85:90:95:100:105:110:115:120,128558.0,771220.0,Lightning,35.563263100823114,-82.38125230277514,38.25603210709604,-77.2799452259417,+proj=laea +lat_0=38 +lon_0=-98 +units=m +a=6370997.0 +ellps=sphere ,768.0,768.0,384000.0,384000.0,-0.0032472296152263,1.014337182044983,0.0
S772429,vis/2018/SEVIR_VIS_STORMEVENTS_2018_0801_0831.h5,233,vis,2018-08-27 23:50:00,-120:-115:-110:-105:-100:-95:-90:-85:-80:-75:-70:-65:-60:-55:-50:-45:-40:-35:-30:-25:-20:-15:-10:-5:0:5:10:15:20:25:30:35:40:45:50:55:60:65:70:75:80:85:90:95:100:105:110:115:120,128372.0,772429.0,Thunderstorm Wind,43.76613166095376,-94.6159279933416,46.98401224897937,-89.35928640606139,+proj=laea +lat_0=38 +lon_0=-98 +units=m +a=6370997.0 +ellps=sphere ,768.0,768.0,384000.0,384000.0,-0.0032262590248137,0.9697829484939576,0.0
S772930,vis/2018/SEVIR_VIS_STORMEVENTS_2018_0801_0831.h5,239,vis,2018-08-15 22:34:00,-119:-114:-109:-104:-99:-94:-89:-84:-79:-74:-69:-64:-59:-54:-49:-44:-39:-34:-29:-24:-19:-14:-9:-4:1:6:11:16:21:26:31:36:41:46:51:56:61:66:71:76:81:86:91:96:101:106:111:116:121,128898.0,772930.0,Hail,39.73345230352981,-103.73477099714889,43.31899275219804,-99.30892417822405,+proj=laea +lat_0=38 +lon_0=-98 +units=m +a=6370997.0 +ellps=sphere ,768.0,768.0,384000.0,384000.0,0.0127099435776472,1.219534397125244,0.0
S782580,vis/2018/SEVIR_VIS_STORMEVENTS_2018_0801_0831.h5,240,vis,2018-08-08 18:06:00,-121:-116:-111:-106:-101:-96:-91:-86:-81:-76:-71:-66:-61:-56:-51:-46:-41:-36:-31:-26:-21:-16:-11:-6:-1:4:9:14:19:24:29:34:39:44:49:54:59:64:69:74:79:84:89:94:99:104:109:114:119,128098.0,782580.0,Thunderstorm Wind,34.97116000908429,-82.9684929251319,37.695780064027375,-77.93689032278797,+proj=laea +lat_0=38 +lon_0=-98 +units=m +a=6370997.0 +ellps=sphere ,768.0,768.0,384000.0,384000.0,0.0144433407112956,1.2453947067260742,0.0
S782195,vis/2018/SEVIR_VIS_STORMEVENTS_2018_0801_0831.h5,242,vis,2018-08-07 10:40:00,-120:-115:-110:-105:-100:-95:-90:-85:-80:-75:-70:-65:-60:-55:-50:-45:-40:-35:-30:-25:-20:-15:-10:-5:0:5:10:15:20:25:30:35:40:45:50:55:60:65:70:75:80:85:90:95:100:105:110:115:120,130715.0,782195.0,Thunderstorm Wind,45.99208150750693,-72.31248413284483,48.06568123117933,-65.67396256948054,+proj=laea +lat_0=38 +lon_0=-98 +units=m +a=6370997.0 +ellps=sphere ,768.0,768.0,384000.0,384000.0,-0.0034485452342778,0.8511009812355042,0.0
S772551,vis/2018/SEVIR_VIS_STORMEVENTS_2018_0801_0831.h5,243,vis,2018-08-17 00:52:00,-122:-117:-112:-107:-102:-97:-92:-87:-82:-77:-72:-67:-62:-57:-52:-47:-42:-37:-32:-27:-22:-17:-12:-7:-2:3:8:13:18:23:28:33:38:43:48:53:58:63:68:73:78:83:88:93:98:103:108:113:118,128816.0,772551.0,Hail,42.12169323071706,-123.12361724253842,46.3113013389342,-119.761254345468,+proj=laea +lat_0=38 +lon_0=-98 +units=m +a=6370997.0 +ellps=sphere ,768.0,768.0,384000.0,384000.0,0.0110039487481117,0.8967986702919006,0.0
S779366,vis/2018/SEVIR_VIS_STORMEVENTS_2018_0801_0831.h5,244,vis,2018-08-02 02:45:00,-120:-115:-110:-105:-100:-95:-90:-85:-80:-75:-70:-65:-60:-55:-50:-45:-40:-35:-30:-25:-20:-15:-10:-5:0:5:10:15:20:25:30:35:40:45:50:55:60:65:70:75:80:85:90:95:100:105:110:115:120,130144.0,779366.0,Thunderstorm Wind,40.35730823854881,-113.2975182244827,44.26783657187512,-109.3793336885128,+proj=laea +lat_0=38 +lon_0=-98 +units=m +a=6370997.0 +ellps=sphere ,768.0,768.0,384000.0,384000.0,-0.0034863576292991,0.696324348449707,0.0
S775068,vis/2018/SEVIR_VIS_STORMEVENTS_2018_0801_0831.h5,251,vis,2018-08-12 18:40:00,-120:-115:-110:-105:-100:-95:-90:-85:-80:-75:-70:-65:-60:-55:-50:-45:-40:-35:-30:-25:-20:-15:-10:-5:0:5:10:15:20:25:30:35:40:45:50:55:60:65:70:75:80:85:90:95:100:105:110:115:120,129353.0,775068.0,Thunderstorm Wind,37.177284907089245,-80.4733762453243,39.7660080544028,-75.16106353717,+proj=laea +lat_0=38 +lon_0=-98 +units=m +a=6370997.0 +ellps=sphere ,768.0,768.0,384000.0,384000.0,0.0235012918710708,1.243759274482727,0.0
S775120,vis/2018/SEVIR_VIS_STORMEVENTS_2018_0801_0831.h5,258,vis,2018-08-17 19:17:00,-122:-117:-112:-107:-102:-97:-92:-87:-82:-77:-72:-67:-62:-57:-52:-47:-42:-37:-32:-27:-22:-17:-12:-7:-2:3:8:13:18:23:28:33:38:43:48:53:58:63:68:73:78:83:88:93:98:103:108:113:118,129357.0,775120.0,Thunderstorm Wind,37.54325886228846,-81.1058983081945,40.1605133644854,-75.78672375239721,+proj=laea +lat_0=38 +lon_0=-98 +units=m +a=6370997.0 +ellps=sphere ,768.0,768.0,384000.0,384000.0,0.0194868687540292,1.2386915683746338,0.0
R18040619257462,vis/2018/SEVIR_VIS_RANDOMEVENTS_2018_0401_0410.h5,22,vis,2018-04-06 19:25:00,-120:-115:-110:-105:-105:-95:-90:-85:-80:-75:-70:-65:-60:-55:-50:-45:-40:-35:-30:-25:-20:-15:-10:-5:0:5:10:15:20:25:30:35:40:45:50:55:60:65:70:75:80:85:90:95:100:105:110:115:120,,,,37.642953942820405,-121.51016213451874,41.77634060213185,-118.18104250587275,+proj=laea +lat_0=38 +lon_0=-98 +units=m +a=6370997.0 +ellps=sphere ,768.0,768.0,384000.0,384000.0,0.0887165889143943,0.8329032063484192,0.0
R18040619257612,vis/2018/SEVIR_VIS_RANDOMEVENTS_2018_0401_0410.h5,24,vis,2018-04-06 19:25:00,-120:-115:-110:-105:-105:-95:-90:-85:-80:-75:-70:-65:-60:-55:-50:-45:-40:-35:-30:-25:-20:-15:-10:-5:0:5:10:15:20:25:30:35:40:45:50:55:60:65:70:75:80:85:90:95:100:105:110:115:120,,,,32.10577040414681,-89.53419055168267,35.14178334360492,-84.95741453729198,+proj=laea +lat_0=38 +lon_0=-98 +units=m +a=6370997.0 +ellps=sphere ,768.0,768.0,384000.0,384000.0,0.0269800126552581,1.169825792312622,0.0
R18040309058342,vis/2018/SEVIR_VIS_RANDOMEVENTS_2018_0401_0410.h5,30,vis,2018-04-03 09:05:00,-120:-115:-110:-105:-100:-95:-90:-85:-80:-75:-70:-65:-60:-55:-50:-45:-40:-35:-30:-25:-20:-15:-10:-5:0:5:10:15:20:25:30:35:40:45:50:55:60:65:70:75:80:85:90:95:100:105:110:115:120,,,,42.37908127946027,-94.95782674860092,45.613950198765146,-89.8506787922522,+proj=laea +lat_0=38 +lon_0=-98 +units=m +a=6370997.0 +ellps=sphere ,768.0,768.0,384000.0,384000.0,-0.0035253488458693,0.0052302670665085,0.0
R18041002458486,vis/2018/SEVIR_VIS_RANDOMEVENTS_2018_0401_0410.h5,37,vis,2018-04-10 02:45:00,-120:-115:-110:-105:-100:-95:-90:-85:-80:-75:-70:-65:-60:-55:-50:-45:-40:-35:-30:-25:-20:-15:-10:-5:0:5:10:15:20:25:30:35:40:45:50:55:60:65:70:75:80:85:90:95:100:105:110:115:120,,,,44.07404177982889,-95.92472314948245,47.34808784083786,-90.71223515663776,+proj=laea +lat_0=38 +lon_0=-98 +units=m +a=6370997.0 +ellps=sphere ,768.0,768.0,384000.0,384000.0,-0.0035503953695297,0.0530854202806949,0.0204081632653061
R18040316407913,vis/2018/SEVIR_VIS_RANDOMEVENTS_2018_0401_0410.h5,44,vis,2018-04-03 16:40:00,-120:-115:-110:-105:-100:-95:-90:-85:-80:-75:-70:-65:-60:-55:-50:-45:-40:-35:-30:-25:-20:-15:-10:-5:0:5:10:15:20:25:30:35:40:45:50:55:60:65:70:75:80:85:90:95:100:105:110:115:120,,,,36.90869094579903,-95.3452709098204,40.1704910802104,-90.69351131985994,+proj=laea +lat_0=38 +lon_0=-98 +units=m +a=6370997.0 +ellps=sphere ,768.0,768.0,384000.0,384000.0,0.0505017787218093,1.2111148834228516,0.0
R18040316407695,vis/2018/SEVIR_VIS_RANDOMEVENTS_2018_0401_0410.h5,45,vis,2018-04-03 16:40:00,-120:-115:-110:-105:-100:-95:-90:-85:-80:-75:-70:-65:-60:-55:-50:-45:-40:-35:-30:-25:-20:-15:-10:-5:0:5:10:15:20:25:30:35:40:45:50:55:60:65:70:75:80:85:90:95:100:105:110:115:120,,,,33.568362424478714,-88.09576214088615,36.53479631370111,-83.3671331777038,+proj=laea +lat_0=38 +lon_0=-98 +units=m +a=6370997.0 +ellps=sphere ,768.0,768.0,384000.0,384000.0,0.045232243835926,1.0492789745330808,0.0
R18040808207623,vis/2018/SEVIR_VIS_RANDOMEVENTS_2018_0401_0410.h5,65,vis,2018-04-08 08:20:00,-120:-115:-110:-105:-100:-95:-90:-85:-80:-75:-70:-65:-60:-55:-50:-45:-40:-35:-30:-25:-20:-15:-10:-5:0:5:10:15:20:25:30:35:40:45:50:55:60:65:70:75:80:85:90:95:100:105:110:115:120,,,,33.39409974860923,-80.61184024001358,36.01784581826668,-75.61197669007419,+proj=laea +lat_0=38 +lon_0=-98 +units=m +a=6370997.0 +ellps=sphere ,768.0,768.0,384000.0,384000.0,-0.0033917075488716,0.0038056958001106,0.0
R18040706057687,vis/2018/SEVIR_VIS_RANDOMEVENTS_2018_0401_0410.h5,77,vis,2018-04-07 06:05:00,-120:-115:-110:-105:-100:-95:-90:-85:-80:-75:-70:-65:-60:-55:-50:-45:-40:-35:-30:-25:-20:-15:-10:-5:0:5:10:15:20:25:30:35:40:45:50:55:60:65:70:75:80:85:90:95:100:105:110:115:120,,,,45.61629149432232,-123.25256988826592,49.82563932085817,-119.77401187735856,+proj=laea +lat_0=38 +lon_0=-98 +units=m +a=6370997.0 +ellps=sphere ,768.0,768.0,384000.0,384000.0,-0.003040671814233,0.0686880871653556,0.0601385899411848
R18040120177909,vis/2018/SEVIR_VIS_RANDOMEVENTS_2018_0401_0410.h5,94,vis,2018-04-01 20:15:00,-120:-115:-110:-105:-100:-95:-90:-85:-80:-75:-70:-65:-60:-55:-50:-45:-40:-35:-30:-25:-20:-15:-10:-5:0:5:10:15:20:25:30:35:40:45:50:55:60:65:70:75:80:85:90:95:100:105:110:115:120,,,,36.74845065920364,-93.60952992772177,39.9388141133302,-88.8900875245334,+proj=laea +lat_0=38 +lon_0=-98 +units=m +a=6370997.0 +ellps=sphere ,768.0,768.0,384000.0,384000.0,0.1314543038606643,1.207871913909912,0.0
R18040509407356,vis/2018/SEVIR_VIS_RANDOMEVENTS_2018_0401_0410.h5,100,vis,2018-04-05 09:40:00,-120:-115:-110:-105:-100:-95:-90:-85:-80:-75:-70:-65:-60:-55:-50:-45:-40:-35:-30:-25:-20:-15:-10:-5:0:5:10:15:20:25:30:35:40:45:50:55:55:65:70:75:80:85:90:95:100:105:110:115:120,,,,36.034024251622206,-123.42273028182078,40.2100739203398,-120.2422623147552,+proj=laea +lat_0=38 +lon_0=-98 +units=m +a=6370997.0 +ellps=sphere ,768.0,768.0,384000.0,384000.0,-0.0035436681937426,0.0038322506006807,0.0
R18040320157810,vis/2018/SEVIR_VIS_RANDOMEVENTS_2018_0401_0410.h5,113,vis,2018-04-03 20:15:00,-120:-115:-110:-105:-100:-95:-90:-85:-80:-75:-70:-70:-60:-55:-50:-45:-40:-35:-30:-25:-20:-15:-10:-5:0:5:10:15:20:25:30:35:40:45:50:55:60:65:70:75:80:85:90:95:100:105:110:115:120,,,,37.41940616470208,-107.261265141088,41.1282903855259,-103.1597679347592,+proj=laea +lat_0=38 +lon_0=-98 +units=m +a=6370997.0 +ellps=sphere ,768.0,768.0,384000.0,384000.0,0.0284683629870414,0.8266113996505737,0.0
R19020108147677,vis/2019/SEVIR_VIS_RANDOMEVENTS_2019_0201_0210.h5,23,vis,2019-02-01 08:10:00,-120:-115:-110:-105:-100:-95:-90:-85:-80:-75:-70:-65:-60:-55:-50:-45:-40:-35:-30:-25:-20:-15:-10:-5:0:5:10:15:20:25:30:35:40:45:50:55:60:65:70:75:80:85:90:95:100:105:110:115:120,,,,33.06224782447092,-93.9780349125238,36.279346045926594,-89.5174116611542,+proj=laea +lat_0=38 +lon_0=-98 +units=m +a=6370997.0 +ellps=sphere ,768.0,768.0,384000.0,384000.0,-0.0031556899193674,0.0037340153940021,0.0
S762846,vil/2018/SEVIR_VIL_STORMEVENTS_2018_0701_1231.h5,1,vil,2018-08-01 02:41:00,-121:-116:-111:-106:-101:-96:-91:-86:-81:-76:-71:-66:-61:-56:-51:-46:-41:-36:-31:-26:-21:-16:-11:-6:-1:4:9:14:19:24:29:34:39:44:49:54:59:64:69:74:79:84:89:94:99:104:109:114:119,127107.0,762846.0,Hail,33.376661227651326,-108.5323953035964,37.12599943312291,-104.68526390219748,+proj=laea +lat_0=38 +lon_0=-98 +units=m +a=6370997.0 +ellps=sphere ,384.0,384.0,384000.0,384000.0,0.0,254.0,0.0
S769502,vil/2018/SEVIR_VIL_STORMEVENTS_2018_0701_1231.h5,3,vil,2018-07-17 18:02:00,-122:-117:-112:-107:-102:-97:-92:-87:-82:-77:-72:-67:-62:-57:-52:-47:-42:-37:-32:-27:-22:-17:-12:-7:-2:3:8:13:18:23:28:33:38:43:48:53:58:63:68:73:78:83:88:93:98:103:108:113:118,128298.0,769502.0,Thunderstorm Wind,30.97101565293141,-84.70868476766039,33.8020783419911,-80.02607668892287,+proj=laea +lat_0=38 +lon_0=-98 +units=m +a=6370997.0 +ellps=sphere ,384.0,384.0,384000.0,384000.0,0.0,254.0,0.0
S773841,vil/2018/SEVIR_VIL_STORMEVENTS_2018_0701_1231.h5,20,vil,2018-08-07 23:00:00,-120:-115:-110:-105:-100:-95:-90:-85:-80:-75:-70:-65:-60:-55:-50:-45:-40:-35:-30:-25:-20:-15:-10:-5:0:5:10:15:20:25:30:35:40:45:50:55:60:65:70:75:80:85:90:95:100:105:110:115:120,129109.0,773841.0,Hail,39.29163039076104,-106.59261516097222,42.97924811576432,-102.34981546091517,+proj=laea +lat_0=38 +lon_0=-98 +units=m +a=6370997.0 +ellps=sphere ,384.0,384.0,384000.0,384000.0,0.0,254.0,0.0
S777840,vil/2018/SEVIR_VIL_STORMEVENTS_2018_0701_1231.h5,21,vil,2018-08-31 21:57:00,-122:-117:-112:-107:-102:-97:-92:-87:-82:-77:-72:-67:-62:-57:-52:-47:-42:-37:-32:-27:-22:-17:-12:-7:-2:3:8:13:18:23:28:33:38:43:48:53:58:63:68:73:78:83:88:93:98:103:108:113:118,129841.0,777840.0,Thunderstorm Wind,29.638096162549303,-86.38308746303684,32.55179100053444,-81.84273670294104,+proj=laea +lat_0=38 +lon_0=-98 +units=m +a=6370997.0 +ellps=sphere ,384.0,384.0,384000.0,384000.0,0.0,254.0,0.0
S773812,vil/2018/SEVIR_VIL_STORMEVENTS_2018_0701_1231.h5,23,vil,2018-07-15 18:02:00,-122:-117:-112:-107:-102:-97:-92:-87:-82:-77:-72:-67:-62:-57:-52:-47:-42:-37:-32:-27:-22:-17:-12:-7:-2:3:8:13:18:23:28:33:38:43:48:53:58:63:68:73:78:83:88:93:98:103:108:113:118,129100.0,773812.0,Thunderstorm Wind,38.363461738897655,-82.8571674927948,41.06072573014505,-77.53712667713226,+proj=laea +lat_0=38 +lon_0=-98 +units=m +a=6370997.0 +ellps=sphere ,384.0,384.0,384000.0,384000.0,0.0,254.0,0.0
S788921,vil/2018/SEVIR_VIL_STORMEVENTS_2018_0701_1231.h5,28,vil,2018-10-09 17:10:00,-120:-115:-110:-105:-100:-95:-90:-85:-80:-75:-70:-65:-60:-55:-50:-45:-40:-35:-30:-25:-20:-15:-10:-5:0:5:10:15:20:25:30:35:40:45:50:55:60:65:70:75:80:85:90:95:100:105:110:115:120,131601.0,788921.0,Thunderstorm Wind,34.47327457456589,-97.56384707664404,37.82912436657684,-93.1692549903219,+proj=laea +lat_0=38 +lon_0=-98 +units=m +a=6370997.0 +ellps=sphere ,384.0,384.0,384000.0,384000.0,0.0,245.0,0.0
S770190,vil/2018/SEVIR_VIL_STORMEVENTS_2018_0701_1231.h5,29,vil,2018-07-29 21:40:00,-120:-115:-110:-105:-100:-95:-90:-85:-80:-75:-70:-65:-60:-55:-50:-45:-40:-35:-30:-25:-20:-15:-10:-5:0:5:10:15:20:25:30:35:40:45:50:55:60:65:70:75:80:85:90:95:100:105:110:115:120,128386.0,770190.0,Hail,42.22109226181513,-105.68264687425771,45.88023357991612,-101.1971430107635,+proj=laea +lat_0=38 +lon_0=-98 +units=m +a=6370997.0 +ellps=sphere ,384.0,384.0,384000.0,384000.0,0.0,254.0,0.0
S774267,vil/2018/SEVIR_VIL_STORMEVENTS_2018_0701_1231.h5,33,vil,2018-09-17 20:58:00,-118:-113:-108:-103:-98:-93:-88:-83:-78:-73:-68:-63:-58:-53:-48:-43:-38:-33:-28:-23:-18:-13:-8:-3:2:7:12:17:22:27:32:37:42:47:52:57:62:67:72:77:82:87:92:97:102:107:112:117:122,129199.0,774267.0,Hail,27.839370442158927,-92.64747512096784,31.024238540729595,-88.42485268315625,+proj=laea +lat_0=38 +lon_0=-98 +units=m +a=6370997.0 +ellps=sphere ,384.0,384.0,384000.0,384000.0,0.0,254.0,0.0
S785304,vil/2018/SEVIR_VIL_STORMEVENTS_2018_0701_1231.h5,35,vil,2018-09-01 23:05:00,-120:-115:-110:-105:-100:-95:-90:-85:-80:-75:-70:-65:-60:-55:-50:-45:-40:-35:-30:-25:-20:-15:-10:-5:0:5:10:15:20:25:30:35:40:45:50:55:60:65:70:75:80:85:90:95:100:105:110:115:120,131250.0,785304.0,Thunderstorm Wind,33.13436773024465,-103.88519975336072,36.72644343670497,-99.8402133103246,+proj=laea +lat_0=38 +lon_0=-98 +units=m +a=6370997.0 +ellps=sphere ,384.0,384.0,384000.0,384000.0,0.0,254.0,0.0
S773138,vil/2018/SEVIR_VIL_STORMEVENTS_2018_0701_1231.h5,45,vil,2018-07-10 16:13:00,-118:-113:-108:-103:-98:-93:-88:-83:-78:-73:-68:-63:-58:-53:-48:-43:-38:-33:-28:-23:-18:-13:-8:-3:2:7:12:17:22:27:32:37:42:47:52:57:62:67:72:77:82:87:92:97:102:107:112:117:122,128937.0,773138.0,Hail,41.4344481546619,-97.40048600424048,44.77310086845215,-92.506700393352,+proj=laea +lat_0=38 +lon_0=-98 +units=m +a=6370997.0 +ellps=sphere ,384.0,384.0,384000.0,384000.0,0.0,254.0,0.0
S774130,vil/2018/SEVIR_VIL_STORMEVENTS_2018_0701_1231.h5,47,vil,2018-07-30 01:20:00,-120:-115:-110:-105:-100:-95:-90:-85:-80:-75:-70:-65:-60:-55:-50:-45:-40:-35:-30:-25:-20:-15:-10:-5:0:5:10:15:20:25:30:35:40:45:50:55:60:65:70:75:80:85:90:95:100:105:110:115:120,129169.0,774130.0,Thunderstorm Wind,33.14232614020903,-102.96080000141488,36.70167513549979,-98.87487789327842,+proj=laea +lat_0=38 +lon_0=-98 +units=m +a=6370997.0 +ellps=sphere ,384.0,384.0,384000.0,384000.0,0.0,254.0,0.0
S798658,vil/2018/SEVIR_VIL_STORMEVENTS_2018_0701_1231.h5,50,vil,2018-12-18 21:50:00,-120:-115:-110:-105:-100:-95:-90:-85:-80:-75:-70:-65:-60:-55:-50:-45:-40:-35:-30:-25:-20:-15:-10:-5:0:5:10:15:20:25:30:35:40:45:50:55:60:65:70:75:80:85:90:95:100:105:110:115:120,133456.0,798658.0,Tornado,45.37943397085625,-124.29876191015016,49.612842944702,-120.91036761288254,+proj=laea +lat_0=38 +lon_0=-98 +units=m +a=6370997.0 +ellps=sphere ,384.0,384.0,384000.0,384000.0,0.0,199.0,0.0
S772930,vil/2018/SEVIR_VIL_STORMEVENTS_2018_0701_1231.h5,65,vil,2018-08-15 22:34:00,-119:-114:-109:-104:-99:-94:-89:-84:-79:-74:-69:-64:-59:-54:-49:-44:-39:-34:-29:-24:-19:-14:-9:-4:1:6:11:16:21:26:31:36:41:46:51:56:61:66:71:76:81:86:91:96:101:106:111:116:121,128898.0,772930.0,Hail,39.73345230352981,-103.73477099714889,43.31899275219804,-99.30892417822405,+proj=laea +lat_0=38 +lon_0=-98 +units=m +a=6370997.0 +ellps=sphere ,384.0,384.0,384000.0,384000.0,0.0,254.0,0.0
S782580,vil/2018/SEVIR_VIL_STORMEVENTS_2018_0701_1231.h5,67,vil,2018-08-08 18:06:00,-121:-116:-111:-106:-101:-96:-91:-86:-81:-76:-71:-66:-61:-56:-51:-46:-41:-36:-31:-26:-21:-16:-11:-6:-1:4:9:14:19:24:29:34:39:44:49:54:59:64:69:74:79:84:89:94:99:104:109:114:119,128098.0,782580.0,Thunderstorm Wind,34.97116000908429,-82.9684929251319,37.695780064027375,-77.93689032278797,+proj=laea +lat_0=38 +lon_0=-98 +units=m +a=6370997.0 +ellps=sphere ,384.0,384.0,384000.0,384000.0,0.0,254.0,0.0
S786069,vil/2018/SEVIR_VIL_STORMEVENTS_2018_0701_1231.h5,71,vil,2018-08-04 21:38:00,-118:-113:-108:-103:-98:-93:-88:-83:-78:-73:-68:-63:-58:-53:-48:-43:-38:-33:-28:-23:-18:-13:-8:-3:2:7:12:17:22:27:32:37:42:47:52:57:62:67:72:77:82:87:92:97:102:107:112:117:122,131366.0,786069.0,Hail,39.31917179623249,-105.07713838746508,42.95318861080536,-100.75038735310412,+proj=laea +lat_0=38 +lon_0=-98 +units=m +a=6370997.0 +ellps=sphere ,384.0,384.0,384000.0,384000.0,0.0,254.0,0.0
S776786,vil/2018/SEVIR_VIL_STORMEVENTS_2018_0701_1231.h5,74,vil,2018-07-13 04:25:00,-120:-115:-110:-105:-100:-95:-90:-85:-80:-75:-70:-65:-60:-55:-50:-45:-40:-35:-30:-25:-20:-15:-10:-5:0:5:10:15:20:25:30:35:40:45:50:55:60:65:70:75:80:85:90:95:100:105:110:115:120,129692.0,776786.0,Thunderstorm Wind,30.184037048696137,-112.52428920735188,34.05771185873241,-108.96972644870026,+proj=laea +lat_0=38 +lon_0=-98 +units=m +a=6370997.0 +ellps=sphere ,384.0,384.0,384000.0,384000.0,0.0,240.0,0.0
S772806,vil/2018/SEVIR_VIL_STORMEVENTS_2018_0701_1231.h5,78,vil,2018-07-17 16:37:00,-122:-117:-112:-107:-102:-97:-92:-87:-82:-77:-72:-67:-62:-57:-52:-47:-42:-37:-32:-27:-22:-17:-12:-7:-2:3:8:13:18:23:28:33:38:43:48:53:58:63:68:73:78:83:88:93:98:103:108:113:118,128839.0,772806.0,Flash Flood,41.17324658571052,-101.3690064459967,44.67015196519095,-96.71225601466809,+proj=laea +lat_0=38 +lon_0=-98 +units=m +a=6370997.0 +ellps=sphere ,384.0,384.0,384000.0,384000.0,0.0,212.0,0.0
S793422,vil/2018/SEVIR_VIL_STORMEVENTS_2018_0701_1231.h5,88,vil,2018-12-01 05:17:00,-122:-117:-112:-107:-102:-97:-92:-87:-82:-77:-72:-67:-62:-57:-52:-47:-42:-37:-32:-27:-22:-17:-12:-7:-2:3:8:13:18:23:28:33:38:43:48:53:58:63:68:73:78:83:88:93:98:103:108:113:118,132590.0,793422.0,Thunderstorm Wind,31.34119978721981,-97.87385736668806,34.71654098287048,-93.66704864234109,+proj=laea +lat_0=38 +lon_0=-98 +units=m +a=6370997.0 +ellps=sphere ,384.0,384.0,384000.0,384000.0,0.0,254.0,0.0
S774573,vil/2018/SEVIR_VIL_STORMEVENTS_2018_0701_1231.h5,92,vil,2018-08-16 23:26:00,-121:-116:-111:-106:-101:-96:-91:-86:-81:-76:-71:-66:-61:-56:-51:-46:-41:-36:-31:-26:-21:-16:-11:-6:-1:4:9:14:19:24:29:34:39:44:49:54:59:64:69:74:79:84:89:94:99:104:109:114:119,129260.0,774573.0,Thunderstorm Wind,36.21759844832335,-97.37583315064694,39.56256935624436,-92.863945620163,+proj=laea +lat_0=38 +lon_0=-98 +units=m +a=6370997.0 +ellps=sphere ,384.0,384.0,384000.0,384000.0,0.0,254.0,0.0
S786131,vil/2018/SEVIR_VIL_STORMEVENTS_2018_0701_1231.h5,101,vil,2018-09-07 22:20:00,-120:-115:-110:-105:-100:-95:-90:-85:-80:-75:-70:-65:-60:-55:-50:-45:-40:-35:-30:-25:-20:-15:-10:-5:0:5:10:15:20:25:30:35:40:45:50:55:60:65:70:75:80:85:90:95:100:105:110:115:120,131375.0,786131.0,Flash Flood,30.16565561793068,-101.61256373369714,33.681572204683235,-97.6112069791722,+proj=laea +lat_0=38 +lon_0=-98 +units=m +a=6370997.0 +ellps=sphere ,384.0,384.0,384000.0,384000.0,0.0,254.0,0.0
S766248,vil/2018/SEVIR_VIL_STORMEVENTS_2018_0701_1231.h5,102,vil,2018-08-19 09:35:00,-120:-115:-110:-105:-100:-95:-90:-85:-80:-75:-70:-65:-60:-55:-50:-45:-40:-35:-30:-25:-20:-15:-10:-5:0:5:10:15:20:25:30:35:40:45:50:55:60:65:70:75:80:85:90:95:100:105:110:115:120,127792.0,766248.0,Thunderstorm Wind,45.59426007046303,-100.23172525579275,49.04785116214448,-95.13121358990672,+proj=laea +lat_0=38 +lon_0=-98 +units=m +a=6370997.0 +ellps=sphere ,384.0,384.0,384000.0,384000.0,0.0,254.0,0.0
S772953,vil/2018/SEVIR_VIL_STORMEVENTS_2018_0701_1231.h5,110,vil,2018-09-01 03:15:00,-120:-115:-110:-105:-100:-95:-90:-85:-80:-75:-70:-65:-60:-55:-50:-45:-40:-35:-30:-25:-20:-15:-10:-5:0:5:10:15:20:25:30:35:40:45:50:55:60:65:70:75:80:85:90:95:100:105:110:115:120,128900.0,772953.0,Thunderstorm Wind,38.94219770630479,-103.32278684287265,42.51227440056154,-98.92652490296145,+proj=laea +lat_0=38 +lon_0=-98 +units=m +a=6370997.0 +ellps=sphere ,384.0,384.0,384000.0,384000.0,0.0,254.0,0.0
S757965,vil/2018/SEVIR_VIL_STORMEVENTS_2018_0701_1231.h5,111,vil,2018-07-04 17:38:00,-118:-113:-108:-103:-98:-93:-88:-83:-78:-73:-68:-63:-58:-53:-48:-43:-38:-33:-28:-23:-18:-13:-8:-3:2:7:12:17:22:27:32:37:42:47:52:57:62:67:72:77:82:87:92:97:102:107:112:117:122,126438.0,757965.0,Thunderstorm Wind,37.10392240131663,-81.20699081833037,39.7292484250836,-75.93042966924381,+proj=laea +lat_0=38 +lon_0=-98 +units=m +a=6370997.0 +ellps=sphere ,384.0,384.0,384000.0,384000.0,0.0,254.0,0.0
S762253,vil/2018/SEVIR_VIL_STORMEVENTS_2018_0701_1231.h5,114,vil,2018-07-30 02:16:00,-121:-116:-111:-106:-101:-96:-91:-86:-81:-76:-71:-66:-61:-56:-51:-46:-41:-36:-31:-26:-21:-16:-11:-6:-1:4:9:14:19:24:29:34:39:44:49:54:59:64:69:74:79:84:89:94:99:104:109:114:119,127191.0,762253.0,Hail,37.88558216582405,-106.33389025376565,41.56289478588749,-102.15872399047755,+proj=laea +lat_0=38 +lon_0=-98 +units=m +a=6370997.0 +ellps=sphere ,384.0,384.0,384000.0,384000.0,0.0,254.0,0.0
S775120,vil/2018/SEVIR_VIL_STORMEVENTS_2018_0701_1231.h5,122,vil,2018-08-17 19:17:00,-122:-117:-112:-107:-102:-97:-92:-87:-82:-77:-72:-67:-62:-57:-52:-47:-42:-37:-32:-27:-22:-17:-12:-7:-2:3:8:13:18:23:28:33:38:43:48:53:58:63:68:73:78:83:88:93:98:103:108:113:118,129357.0,775120.0,Thunderstorm Wind,37.54325886228846,-81.1058983081945,40.1605133644854,-75.78672375239721,+proj=laea +lat_0=38 +lon_0=-98 +units=m +a=6370997.0 +ellps=sphere ,384.0,384.0,384000.0,384000.0,0.0,254.0,0.0
S782131,vil/2018/SEVIR_VIL_STORMEVENTS_2018_0701_1231.h5,138,vil,2018-08-11 21:11:00,-121:-116:-111:-106:-101:-96:-91:-86:-81:-76:-71:-66:-61:-56:-51:-46:-41:-36:-31:-26:-21:-16:-11:-6:-1:4:9:14:19:24:29:34:39:44:49:54:59:64:69:74:79:84:89:94:99:104:109:114:119,130700.0,782131.0,Thunderstorm Wind,35.597109285641025,-78.77093030092973,38.11364723254743,-73.52806425009497,+proj=laea +lat_0=38 +lon_0=-98 +units=m +a=6370997.0 +ellps=sphere ,384.0,384.0,384000.0,384000.0,0.0,254.0,0.0
S771767,vil/2018/SEVIR_VIL_STORMEVENTS_2018_0701_1231.h5,161,vil,2018-07-27 17:28:00,-118:-113:-108:-103:-98:-93:-88:-83:-78:-73:-68:-63:-58:-53:-48:-43:-38:-33:-28:-23:-18:-13:-8:-3:2:7:12:17:22:27:32:37:42:47:52:57:62:67:72:77:82:87:92:97:102:107:112:117:122,128650.0,771767.0,Hail,41.49194664069912,-76.6510068611427,43.85007460285249,-70.75727238786341,+proj=laea +lat_0=38 +lon_0=-98 +units=m +a=6370997.0 +ellps=sphere ,384.0,384.0,384000.0,384000.0,0.0,254.0,0.0
S780148,vil/2018/SEVIR_VIL_STORMEVENTS_2018_0701_1231.h5,166,vil,2018-08-06 21:15:00,-120:-115:-110:-105:-100:-95:-90:-85:-80:-75:-70:-65:-60:-55:-50:-45:-40:-35:-30:-25:-20:-15:-10:-5:0:5:10:15:20:25:30:35:40:45:50:55:60:65:70:75:80:85:90:95:100:105:110:115:120,130310.0,780148.0,Thunderstorm Wind,34.17639942391229,-81.92145269681849,36.85688927615511,-76.91101844404595,+proj=laea +lat_0=38 +lon_0=-98 +units=m +a=6370997.0 +ellps=sphere ,384.0,384.0,384000.0,384000.0,0.0,254.0,0.0
S764552,vil/2018/SEVIR_VIL_STORMEVENTS_2018_0701_1231.h5,183,vil,2018-07-14 00:55:00,-120:-115:-110:-105:-100:-95:-90:-85:-80:-75:-70:-65:-60:-55:-50:-45:-40:-35:-30:-25:-20:-15:-10:-5:0:5:10:15:20:25:30:35:40:45:50:55:60:65:70:75:80:85:90:95:100:105:110:115:120,127423.0,764552.0,Thunderstorm Wind,41.33746775598095,-91.9115546282838,44.441740115682336,-86.74010581926483,+proj=laea +lat_0=38 +lon_0=-98 +units=m +a=6370997.0 +ellps=sphere ,384.0,384.0,384000.0,384000.0,0.0,254.0,0.0
S767497,vil/2018/SEVIR_VIL_STORMEVENTS_2018_0701_1231.h5,188,vil,2018-08-09 21:42:00,-122:-117:-112:-107:-102:-97:-92:-87:-82:-77:-72:-67:-62:-57:-52:-47:-42:-37:-32:-27:-22:-17:-12:-7:-2:3:8:13:18:23:28:33:38:43:48:53:58:63:68:73:78:83:88:93:98:103:108:113:118,127961.0,767497.0,Thunderstorm Wind,32.03208857346073,-84.2038149594904,34.83335938588288,-79.43259153918571,+proj=laea +lat_0=38 +lon_0=-98 +units=m +a=6370997.0 +ellps=sphere ,384.0,384.0,384000.0,384000.0,0.0,254.0,0.0
S780225,vil/2018/SEVIR_VIL_STORMEVENTS_2018_0701_1231.h5,200,vil,2018-08-04 22:17:00,-122:-117:-112:-107:-102:-97:-92:-87:-82:-77:-72:-67:-62:-57:-52:-47:-42:-37:-32:-27:-22:-17:-12:-7:-2:3:8:13:18:23:28:33:38:43:48:53:58:63:68:73:78:83:88:93:98:103:108:113:118,130322.0,780225.0,Thunderstorm Wind,41.69136374868008,-76.43330208801244,44.03612656278332,-70.50837405388376,+proj=laea +lat_0=38 +lon_0=-98 +units=m +a=6370997.0 +ellps=sphere ,384.0,384.0,384000.0,384000.0,0.0,254.0,0.0
S777403,vil/2018/SEVIR_VIL_STORMEVENTS_2018_0701_1231.h5,203,vil,2018-07-29 17:45:00,-120:-115:-110:-105:-100:-95:-90:-85:-80:-75:-70:-65:-60:-55:-50:-45:-40:-35:-30:-25:-20:-15:-10:-5:0:5:10:15:20:25:30:35:40:45:50:55:60:65:70:75:80:85:90:95:100:105:110:115:120,129779.0,777403.0,Hail,44.844028539618414,-87.40552189730782,47.7273181426449,-81.64096378321615,+proj=laea +lat_0=38 +lon_0=-98 +units=m +a=6370997.0 +ellps=sphere ,384.0,384.0,384000.0,384000.0,0.0,254.0,0.0
S779520,vil/2018/SEVIR_VIL_STORMEVENTS_2018_0701_1231.h5,206,vil,2018-10-01 00:24:00,-119:-114:-109:-104:-99:-94:-89:-84:-79:-74:-69:-64:-59:-54:-49:-44:-39:-34:-29:-24:-19:-14:-9:-4:1:6:11:16:21:26:31:36:41:46:51:56:61:66:71:76:81:86:91:96:101:106:111:116:121,130174.0,779520.0,Thunderstorm Wind,30.798506734797822,-117.32280869458988,34.809322048261464,-113.96050677834457,+proj=laea +lat_0=38 +lon_0=-98 +units=m +a=6370997.0 +ellps=sphere ,384.0,384.0,384000.0,384000.0,0.0,254.0,0.0
S779212,vil/2018/SEVIR_VIL_STORMEVENTS_2018_0701_1231.h5,218,vil,2018-08-07 01:05:00,-120:-115:-110:-105:-100:-95:-90:-85:-80:-75:-70:-65:-60:-55:-50:-45:-40:-35:-30:-25:-20:-15:-10:-5:0:5:10:15:20:25:30:35:40:45:50:55:60:65:70:75:80:85:90:95:100:105:110:115:120,130124.0,779212.0,Thunderstorm Wind,38.08657159988667,-97.10874821362204,41.41764239846478,-92.4571447373174,+proj=laea +lat_0=38 +lon_0=-98 +units=m +a=6370997.0 +ellps=sphere ,384.0,384.0,384000.0,384000.0,0.0,254.0,0.0
S758593,vil/2018/SEVIR_VIL_STORMEVENTS_2018_0701_1231.h5,219,vil,2018-07-03 03:22:00,-122:-117:-112:-107:-102:-97:-92:-87:-82:-77:-72:-67:-62:-57:-52:-47:-42:-37:-32:-27:-22:-17:-12:-7:-2:3:8:13:18:23:28:33:38:43:48:53:58:63:68:73:78:83:88:93:98:103:108:113:118,126563.0,758593.0,Hail,45.15874525460535,-99.0692586378083,48.56457515490892,-93.9383936147692,+proj=laea +lat_0=38 +lon_0=-98 +units=m +a=6370997.0 +ellps=sphere ,384.0,384.0,384000.0,384000.0,0.0,254.0,0.0
S786552,vil/2018/SEVIR_VIL_STORMEVENTS_2018_0701_1231.h5,224,vil,2018-09-21 22:20:00,-120:-115:-110:-105:-100:-95:-90:-85:-80:-75:-70:-65:-60:-55:-50:-45:-40:-35:-30:-25:-20:-15:-10:-5:0:5:10:15:20:25:30:35:40:45:50:55:60:65:70:75:80:85:90:95:100:105:110:115:120,131456.0,786552.0,Thunderstorm Wind,41.29926733099684,-81.18548402694118,43.89434665065517,-75.50819443847091,+proj=laea +lat_0=38 +lon_0=-98 +units=m +a=6370997.0 +ellps=sphere ,384.0,384.0,384000.0,384000.0,0.0,245.0,0.0
S775287,vil/2018/SEVIR_VIL_STORMEVENTS_2018_0701_1231.h5,228,vil,2018-09-04 19:57:00,-122:-117:-112:-107:-102:-97:-92:-87:-82:-77:-72:-67:-62:-57:-52:-47:-42:-37:-32:-27:-22:-17:-12:-7:-2:3:8:13:18:23:28:33:38:43:48:53:58:63:68:73:78:83:88:93:98:103:108:113:118,129392.0,775287.0,Thunderstorm Wind,37.26324129750592,-79.61739109962669,39.80882323382571,-74.26348619323697,+proj=laea +lat_0=38 +lon_0=-98 +units=m +a=6370997.0 +ellps=sphere ,384.0,384.0,384000.0,384000.0,0.0,254.0,0.0
S782061,vil/2018/SEVIR_VIL_STORMEVENTS_2018_0701_1231.h5,229,vil,2018-09-28 23:03:00,-118:-113:-108:-103:-98:-93:-88:-83:-78:-73:-68:-63:-58:-53:-48:-43:-38:-33:-28:-23:-18:-13:-8:-3:2:7:12:17:22:27:32:37:42:47:52:57:62:67:72:77:82:87:92:97:102:107:112:117:122,130671.0,782061.0,Thunderstorm Wind,28.358296124106413,-85.11705345819317,31.22493868139153,-80.60886804389969,+proj=laea +lat_0=38 +lon_0=-98 +units=m +a=6370997.0 +ellps=sphere ,384.0,384.0,384000.0,384000.0,0.0,254.0,0.0
S761974,vil/2018/SEVIR_VIL_STORMEVENTS_2018_0701_1231.h5,236,vil,2018-07-16 02:57:00,-122:-117:-112:-107:-102:-97:-92:-87:-82:-77:-72:-67:-62:-57:-52:-47:-42:-37:-32:-27:-22:-17:-12:-7:-2:3:8:13:18:23:28:33:38:43:48:53:58:63:68:73:78:83:88:93:98:103:108:113:118,127135.0,761974.0,Hail,42.74792318975013,-107.44595236742327,46.47092843661082,-103.03037430317072,+proj=laea +lat_0=38 +lon_0=-98 +units=m +a=6370997.0 +ellps=sphere ,384.0,384.0,384000.0,384000.0,0.0,254.0,0.0
S769249,vil/2018/SEVIR_VIL_STORMEVENTS_2018_0701_1231.h5,239,vil,2018-08-22 20:25:00,-120:-115:-110:-105:-100:-95:-90:-85:-80:-75:-70:-65:-60:-55:-50:-45:-40:-35:-30:-25:-20:-15:-10:-5:0:5:10:15:20:25:30:35:40:45:50:55:60:65:70:75:80:85:90:95:100:105:110:115:120,128250.0,769249.0,Funnel Cloud,25.64950637177566,-82.66085720369334,28.42785856394981,-78.22582642129939,+proj=laea +lat_0=38 +lon_0=-98 +units=m +a=6370997.0 +ellps=sphere ,384.0,384.0,384000.0,384000.0,0.0,254.0,0.0
S760400,vil/2018/SEVIR_VIL_STORMEVENTS_2018_0701_1231.h5,241,vil,2018-07-26 03:19:00,-119:-114:-109:-104:-99:-94:-89:-84:-79:-74:-69:-64:-59:-54:-49:-44:-39:-34:-29:-24:-19:-14:-9:-4:1:6:11:16:21:26:31:36:41:46:51:56:61:66:71:76:81:86:91:96:101:106:111:116:121,126855.0,760400.0,Thunderstorm Wind,45.80817317114253,-114.216652855013,49.76596891998985,-110.048658843296,+proj=laea +lat_0=38 +lon_0=-98 +units=m +a=6370997.0 +ellps=sphere ,384.0,384.0,384000.0,384000.0,0.0,254.0,0.0
S772444,vil/2018/SEVIR_VIL_STORMEVENTS_2018_0701_1231.h5,245,vil,2018-07-02 19:52:00,-122:-117:-112:-107:-102:-97:-92:-87:-82:-77:-72:-67:-62:-57:-52:-47:-42:-37:-32:-27:-22:-17:-12:-7:-2:3:8:13:18:23:28:33:38:43:48:53:58:63:68:73:78:83:88:93:98:103:108:113:118,128625.0,772444.0,Hail,39.12456242968295,-81.62715409971253,41.75656447454667,-76.18499711471004,+proj=laea +lat_0=38 +lon_0=-98 +units=m +a=6370997.0 +ellps=sphere ,384.0,384.0,384000.0,384000.0,0.0,254.0,0.0
S773562,vil/2018/SEVIR_VIL_STORMEVENTS_2018_0701_1231.h5,247,vil,2018-07-10 05:30:00,-120:-115:-110:-105:-100:-95:-90:-85:-80:-75:-70:-65:-60:-55:-50:-45:-40:-35:-30:-25:-20:-15:-10:-5:0:5:10:15:20:25:30:35:40:45:50:55:60:65:70:75:80:85:90:95:100:105:110:115:120,129037.0,773562.0,Heavy Rain,34.17124813151407,-116.72578682978016,38.16936631895455,-113.24164976555528,+proj=laea +lat_0=38 +lon_0=-98 +units=m +a=6370997.0 +ellps=sphere ,384.0,384.0,384000.0,384000.0,0.0,252.0,0.0
S787257,vil/2018/SEVIR_VIL_STORMEVENTS_2018_0701_1231.h5,251,vil,2018-09-26 16:15:00,-120:-115:-110:-105:-100:-95:-90:-85:-80:-75:-70:-65:-60:-55:-50:-45:-40:-35:-30:-25:-20:-15:-10:-5:0:5:10:15:20:25:30:35:40:45:50:55:60:65:70:75:80:85:90:95:100:105:110:115:120,131617.0,787257.0,Flash Flood,34.10495006725677,-86.95818930354557,37.01814842268076,-82.1473148863278,+proj=laea +lat_0=38 +lon_0=-98 +units=m +a=6370997.0 +ellps=sphere ,384.0,384.0,384000.0,384000.0,0.0,240.0,0.0
S771106,vil/2018/SEVIR_VIL_STORMEVENTS_2018_0701_1231.h5,254,vil,2018-08-13 01:13:00,-118:-113:-108:-103:-98:-93:-88:-83:-78:-73:-68:-63:-58:-53:-48:-43:-38:-33:-28:-23:-18:-13:-8:-3:2:7:12:17:22:27:32:37:42:47:52:57:62:67:72:77:82:87:92:97:102:107:112:117:122,128526.0,771106.0,Thunderstorm Wind,31.38029476660371,-113.59654839889777,35.285936282853434,-110.05154157211794,+proj=laea +lat_0=38 +lon_0=-98 +units=m +a=6370997.0 +ellps=sphere ,384.0,384.0,384000.0,384000.0,0.0,254.0,0.0
S760516,vil/2018/SEVIR_VIL_STORMEVENTS_2018_0701_1231.h5,255,vil,2018-07-27 18:26:00,-121:-116:-111:-106:-101:-96:-91:-86:-81:-76:-71:-66:-61:-56:-51:-46:-41:-36:-31:-26:-21:-16:-11:-6:-1:4:9:14:19:24:29:34:39:44:49:54:59:64:69:74:79:84:89:94:99:104:109:114:119,126873.0,760516.0,Thunderstorm Wind,36.74172494334191,-83.94299840083367,39.50110748633944,-78.80813173081066,+proj=laea +lat_0=38 +lon_0=-98 +units=m +a=6370997.0 +ellps=sphere ,384.0,384.0,384000.0,384000.0,0.0,254.0,0.0
S774361,vil/2018/SEVIR_VIL_STORMEVENTS_2018_0701_1231.h5,266,vil,2018-09-02 00:35:00,-120:-115:-110:-105:-100:-95:-90:-85:-80:-75:-70:-65:-60:-55:-50:-45:-40:-35:-30:-25:-20:-15:-10:-5:0:5:10:15:20:25:30:35:40:45:50:55:60:65:70:75:80:85:90:95:100:105:110:115:120,129225.0,774361.0,Thunderstorm Wind,38.969517197406006,-98.64774357938272,42.36089995168,-94.00903881953406,+proj=laea +lat_0=38 +lon_0=-98 +units=m +a=6370997.0 +ellps=sphere ,384.0,384.0,384000.0,384000.0,0.0,254.0,0.0
S774103,vil/2018/SEVIR_VIL_STORMEVENTS_2018_0701_1231.h5,268,vil,2018-07-20 02:16:00,-121:-116:-111:-106:-101:-96:-91:-86:-81:-76:-71:-66:-61:-56:-51:-46:-41:-36:-31:-26:-21:-16:-11:-6:-1:4:9:14:19:24:29:34:39:44:49:54:59:64:69:74:79:84:89:94:99:104:109:114:119,129151.0,774103.0,Thunderstorm Wind,35.23615105481346,-116.4371346256424,39.2279306258439,-112.90426665808268,+proj=laea +lat_0=38 +lon_0=-98 +units=m +a=6370997.0 +ellps=sphere ,384.0,384.0,384000.0,384000.0,0.0,254.0,0.0
S768594,vil/2018/SEVIR_VIL_STORMEVENTS_2018_0701_1231.h5,271,vil,2018-08-13 21:42:00,-122:-117:-112:-107:-102:-97:-92:-87:-82:-77:-72:-67:-62:-57:-52:-47:-42:-37:-32:-27:-22:-17:-12:-7:-2:3:8:13:18:23:28:33:38:43:48:53:58:63:68:73:78:83:88:93:98:103:108:113:118,128152.0,768594.0,Hail,35.956396054763275,-82.0746218739806,38.631797345871135,-76.92937924208834,+proj=laea +lat_0=38 +lon_0=-98 +units=m +a=6370997.0 +ellps=sphere ,384.0,384.0,384000.0,384000.0,0.0,254.0,0.0
S762664,vil/2018/SEVIR_VIL_STORMEVENTS_2018_0701_1231.h5,276,vil,2018-07-30 02:25:00,-120:-115:-110:-105:-100:-95:-90:-85:-80:-75:-70:-65:-60:-55:-50:-45:-40:-35:-30:-25:-20:-15:-10:-5:0:5:10:15:20:25:30:35:40:45:50:55:60:65:70:75:80:85:90:95:100:105:110:115:120,126989.0,762664.0,Thunderstorm Wind,38.90325873177961,-102.02326292429056,42.424982814131305,-97.5617267183302,+proj=laea +lat_0=38 +lon_0=-98 +units=m +a=6370997.0 +ellps=sphere ,384.0,384.0,384000.0,384000.0,0.0,254.0,0.0
S771784,vil/2018/SEVIR_VIL_STORMEVENTS_2018_0701_1231.h5,277,vil,2018-07-24 22:30:00,-120:-115:-110:-105:-100:-95:-90:-85:-80:-75:-70:-65:-60:-55:-50:-45:-40:-35:-30:-25:-20:-15:-10:-5:0:5:10:15:20:25:30:35:40:45:50:55:60:65:70:75:80:85:90:95:100:105:110:115:120,128671.0,771784.0,Flash Flood,35.78400019484754,-113.32448265863218,39.68577474043096,-109.61146250710917,+proj=laea +lat_0=38 +lon_0=-98 +units=m +a=6370997.0 +ellps=sphere ,384.0,384.0,384000.0,384000.0,0.0,247.0,0.0
S782192,vil/2018/SEVIR_VIL_STORMEVENTS_2018_0701_1231.h5,280,vil,2018-09-26 17:16:00,-121:-116:-111:-106:-101:-96:-91:-86:-81:-76:-71:-66:-61:-56:-51:-46:-41:-36:-31:-26:-21:-16:-11:-6:-1:4:9:14:19:24:29:34:39:44:49:54:59:64:69:74:79:84:89:94:99:104:109:114:119,130714.0,782192.0,Flash Flood,30.674039597710014,-92.29795886182258,33.83198422257158,-87.91156936668007,+proj=laea +lat_0=38 +lon_0=-98 +units=m +a=6370997.0 +ellps=sphere ,384.0,384.0,384000.0,384000.0,0.0,254.0,0.0
S782038,vil/2018/SEVIR_VIL_STORMEVENTS_2018_0701_1231.h5,281,vil,2018-08-10 01:15:00,-120:-115:-110:-105:-100:-95:-90:-85:-80:-75:-70:-65:-60:-55:-50:-45:-40:-35:-30:-25:-20:-15:-10:-5:0:5:10:15:20:25:30:35:40:45:50:55:60:65:70:75:80:85:90:95:100:105:110:115:120,130660.0,782038.0,Thunderstorm Wind,31.329654344011328,-99.6187279830349,34.770509661217126,-95.48252553230172,+proj=laea +lat_0=38 +lon_0=-98 +units=m +a=6370997.0 +ellps=sphere ,384.0,384.0,384000.0,384000.0,0.0,254.0,0.0
S780084,vil/2018/SEVIR_VIL_STORMEVENTS_2018_0701_1231.h5,287,vil,2018-08-14 18:35:00,-120:-115:-110:-105:-100:-95:-90:-85:-80:-75:-70:-65:-60:-55:-50:-45:-40:-35:-30:-25:-20:-15:-10:-5:0:5:10:15:20:25:30:35:40:45:50:55:60:65:70:75:80:85:90:95:100:105:110:115:120,130302.0,780084.0,Thunderstorm Wind,34.7144911491529,-80.40343523310645,37.31815310510815,-75.29398538964176,+proj=laea +lat_0=38 +lon_0=-98 +units=m +a=6370997.0 +ellps=sphere ,384.0,384.0,384000.0,384000.0,0.0,254.0,0.0
S779146,vil/2018/SEVIR_VIL_STORMEVENTS_2018_0701_1231.h5,291,vil,2018-08-17 23:35:00,-120:-115:-110:-105:-100:-95:-90:-85:-80:-75:-70:-65:-60:-55:-50:-45:-40:-35:-30:-25:-20:-15:-10:-5:0:5:10:15:20:25:30:35:40:45:50:55:60:65:70:75:80:85:90:95:100:105:110:115:120,130101.0,779146.0,Flash Flood,32.48014594977145,-115.25344553167524,36.434566853844586,-111.75008889110964,+proj=laea +lat_0=38 +lon_0=-98 +units=m +a=6370997.0 +ellps=sphere ,384.0,384.0,384000.0,384000.0,0.0,254.0,0.0
S763388,vil/2018/SEVIR_VIL_STORMEVENTS_2018_0701_1231.h5,295,vil,2018-08-04 21:30:00,-120:-115:-110:-105:-100:-95:-90:-85:-80:-75:-70:-65:-60:-55:-50:-45:-40:-35:-30:-25:-20:-15:-10:-5:0:5:10:15:20:25:30:35:40:45:50:55:60:65:70:75:80:85:90:95:100:105:110:115:120,127344.0,763388.0,Thunderstorm Wind,37.62117976544665,-86.90418997034645,40.51374931838957,-81.82112892857329,+proj=laea +lat_0=38 +lon_0=-98 +units=m +a=6370997.0 +ellps=sphere ,384.0,384.0,384000.0,384000.0,0.0,254.0,0.0
S782133,vil/2018/SEVIR_VIL_STORMEVENTS_2018_0701_1231.h5,297,vil,2018-08-15 23:01:00,-121:-116:-111:-106:-101:-96:-91:-86:-81:-76:-71:-66:-61:-56:-51:-46:-41:-36:-31:-26:-21:-16:-11:-6:-1:4:9:14:19:24:29:34:39:44:49:54:59:64:69:74:79:84:89:94:99:104:109:114:119,130703.0,782133.0,Flash Flood,35.7917830098031,-107.08734780599964,39.4937535477074,-103.06092933465212,+proj=laea +lat_0=38 +lon_0=-98 +units=m +a=6370997.0 +ellps=sphere ,384.0,384.0,384000.0,384000.0,0.0,254.0,0.0
S762886,vil/2018/SEVIR_VIL_STORMEVENTS_2018_0701_1231.h5,300,vil,2018-08-02 01:14:00,-119:-114:-109:-104:-99:-94:-89:-84:-79:-74:-69:-64:-59:-54:-49:-44:-39:-34:-29:-24:-19:-14:-9:-4:1:6:11:16:21:26:31:36:41:46:51:56:61:66:71:76:81:86:91:96:101:106:111:116:121,127272.0,762886.0,Hail,33.03458125222226,-105.2977205697044,36.675791060287104,-101.31983273337907,+proj=laea +lat_0=38 +lon_0=-98 +units=m +a=6370997.0 +ellps=sphere ,384.0,384.0,384000.0,384000.0,0.0,254.0,0.0
S776188,vil/2018/SEVIR_VIL_STORMEVENTS_2018_0701_1231.h5,302,vil,2018-07-20 11:55:00,-120:-115:-110:-105:-100:-95:-90:-85:-80:-75:-70:-65:-60:-55:-50:-45:-40:-35:-30:-25:-20:-15:-10:-5:0:5:10:15:20:25:30:35:40:45:50:55:60:65:70:75:80:85:90:95:100:105:110:115:120,128627.0,776188.0,Hail,35.722606308733674,-95.40794125718134,38.98983123581478,-90.83964956289698,+proj=laea +lat_0=38 +lon_0=-98 +units=m +a=6370997.0 +ellps=sphere ,384.0,384.0,384000.0,384000.0,0.0,254.0,0.0
S768497,vil/2018/SEVIR_VIL_STORMEVENTS_2018_0701_1231.h5,307,vil,2018-08-12 18:20:00,-120:-115:-110:-105:-100:-95:-90:-85:-80:-75:-70:-65:-60:-55:-50:-45:-40:-35:-30:-25:-20:-15:-10:-5:0:5:10:15:20:25:30:35:40:45:50:55:60:65:70:75:80:85:90:95:100:105:110:115:120,128145.0,768497.0,Thunderstorm Wind,35.822274967717206,-82.55487283174733,38.52158656040653,-77.43949888181741,+proj=laea +lat_0=38 +lon_0=-98 +units=m +a=6370997.0 +ellps=sphere ,384.0,384.0,384000.0,384000.0,0.0,254.0,0.0
S771722,vil/2018/SEVIR_VIL_STORMEVENTS_2018_0701_1231.h5,314,vil,2018-07-08 22:24:00,-119:-114:-109:-104:-99:-94:-89:-84:-79:-74:-69:-64:-59:-54:-49:-44:-39:-34:-29:-24:-19:-14:-9:-4:1:6:11:16:21:26:31:36:41:46:51:56:61:66:71:76:81:86:91:96:101:106:111:116:121,128658.0,771722.0,Thunderstorm Wind,33.61591912828933,-95.3664537039495,36.88718347968479,-90.92959211237414,+proj=laea +lat_0=38 +lon_0=-98 +units=m +a=6370997.0 +ellps=sphere ,384.0,384.0,384000.0,384000.0,0.0,254.0,0.0
S773052,vil/2018/SEVIR_VIL_STORMEVENTS_2018_0701_1231.h5,324,vil,2018-07-05 01:30:00,-120:-115:-110:-105:-100:-95:-90:-85:-80:-75:-70:-65:-60:-55:-50:-45:-40:-35:-30:-25:-20:-15:-10:-5:0:5:10:15:20:25:30:35:40:45:50:55:60:65:70:75:80:85:90:95:100:105:110:115:120,128920.0,773052.0,Thunderstorm Wind,33.48950091532161,-90.48966779959362,36.55988035561581,-85.86125735076233,+proj=laea +lat_0=38 +lon_0=-98 +units=m +a=6370997.0 +ellps=sphere ,384.0,384.0,384000.0,384000.0,0.0,254.0,0.0
S766450,vil/2018/SEVIR_VIL_STORMEVENTS_2018_0701_1231.h5,326,vil,2018-07-03 23:40:00,-120:-115:-110:-105:-100:-95:-90:-85:-80:-75:-70:-65:-60:-55:-50:-45:-40:-35:-30:-25:-20:-15:-10:-5:0:5:10:15:20:25:30:35:40:45:50:55:60:65:70:75:80:85:90:95:100:105:110:115:120,127347.0,766450.0,Hail,32.31356774321267,-84.74077898046292,35.1374197466659,-79.97011235427149,+proj=laea +lat_0=38 +lon_0=-98 +units=m +a=6370997.0 +ellps=sphere ,384.0,384.0,384000.0,384000.0,0.0,254.0,0.0
S774189,vil/2018/SEVIR_VIL_STORMEVENTS_2018_0701_1231.h5,332,vil,2018-07-04 21:05:00,-120:-115:-110:-105:-100:-95:-90:-85:-80:-75:-70:-65:-60:-55:-50:-45:-40:-35:-30:-25:-20:-15:-10:-5:0:5:10:15:20:25:30:35:40:45:50:55:60:65:70:75:80:85:90:95:100:105:110:115:120,129172.0,774189.0,Thunderstorm Wind,43.90828532015453,-90.45794153897528,46.93925901646792,-84.95908741746557,+proj=laea +lat_0=38 +lon_0=-98 +units=m +a=6370997.0 +ellps=sphere ,384.0,384.0,384000.0,384000.0,0.0,254.0,0.0
S779960,vil/2018/SEVIR_VIL_STORMEVENTS_2018_0701_1231.h5,333,vil,2018-08-12 22:45:00,-120:-115:-110:-105:-100:-95:-90:-85:-80:-75:-70:-65:-60:-55:-50:-45:-40:-35:-30:-25:-20:-15:-10:-5:0:5:10:15:20:25:30:35:40:45:50:55:60:65:70:75:80:85:90:95:100:105:110:115:120,130272.0,779960.0,Hail,38.5499927624208,-84.3849489192552,41.3196121012385,-79.11333268845502,+proj=laea +lat_0=38 +lon_0=-98 +units=m +a=6370997.0 +ellps=sphere ,384.0,384.0,384000.0,384000.0,0.0,254.0,0.0
S778888,vil/2018/SEVIR_VIL_STORMEVENTS_2018_0701_1231.h5,335,vil,2018-08-15 01:15:00,-120:-115:-110:-105:-100:-95:-90:-85:-80:-75:-70:-65:-60:-55:-50:-45:-40:-35:-30:-25:-20:-15:-10:-5:0:5:10:15:20:25:30:35:40:45:50:55:60:65:70:75:80:85:90:95:100:105:110:115:120,130043.0,778888.0,Hail,35.555243099729225,-106.88194053734355,39.25016360299482,-102.85721899933108,+proj=laea +lat_0=38 +lon_0=-98 +units=m +a=6370997.0 +ellps=sphere ,384.0,384.0,384000.0,384000.0,0.0,254.0,0.0
S766932,vil/2018/SEVIR_VIL_STORMEVENTS_2018_0701_1231.h5,337,vil,2018-08-07 00:43:00,-118:-113:-108:-103:-98:-93:-88:-83:-78:-73:-68:-63:-58:-53:-48:-43:-38:-33:-28:-23:-18:-13:-8:-3:2:7:12:17:22:27:32:37:42:47:52:57:62:67:72:77:82:87:92:97:102:107:112:117:122,127863.0,766932.0,Tornado,39.24196799807647,-100.02058364310628,42.68701483513878,-95.43241054247628,+proj=laea +lat_0=38 +lon_0=-98 +units=m +a=6370997.0 +ellps=sphere ,384.0,384.0,384000.0,384000.0,0.0,254.0,0.0
S763697,vil/2018/SEVIR_VIL_STORMEVENTS_2018_0701_1231.h5,341,vil,2018-07-11 03:55:00,-120:-115:-110:-105:-100:-95:-90:-85:-80:-75:-70:-65:-60:-55:-50:-45:-40:-35:-30:-25:-20:-15:-10:-5:0:5:10:15:20:25:30:35:40:45:50:55:60:65:70:75:80:85:90:95:100:105:110:115:120,127413.0,763697.0,Flash Flood,36.01597941282754,-118.89759259095324,40.07706850225033,-115.46974567419473,+proj=laea +lat_0=38 +lon_0=-98 +units=m +a=6370997.0 +ellps=sphere ,384.0,384.0,384000.0,384000.0,0.0,213.0,0.0
S796027,vil/2018/SEVIR_VIL_STORMEVENTS_2018_0701_1231.h5,344,vil,2018-12-27 02:31:00,-121:-116:-111:-106:-101:-96:-91:-86:-81:-76:-71:-66:-61:-56:-51:-46:-41:-36:-31:-26:-21:-16:-11:-6:-1:4:9:14:19:24:29:34:39:44:49:54:59:64:69:74:79:84:89:94:99:104:109:114:119,133064.0,796027.0,Hail,27.880826223724647,-101.9336797819698,31.4133285609991,-98.04208135607227,+proj=laea +lat_0=38 +lon_0=-98 +units=m +a=6370997.0 +ellps=sphere ,384.0,384.0,384000.0,384000.0,0.0,254.0,0.0
S779950,vil/2018/SEVIR_VIL_STORMEVENTS_2018_0701_1231.h5,345,vil,2018-08-12 04:53:00,-118:-113:-108:-103:-98:-93:-88:-83:-78:-73:-68:-63:-58:-53:-48:-43:-38:-33:-28:-23:-18:-13:-8:-3:2:7:12:17:22:27:32:37:42:47:52:57:62:67:72:77:82:87:92:97:102:107:112:117:122,130269.0,779950.0,Hail,40.98500902453975,-86.74121962128538,43.853730082800304,-81.35014647769789,+proj=laea +lat_0=38 +lon_0=-98 +units=m +a=6370997.0 +ellps=sphere ,384.0,384.0,384000.0,384000.0,0.0,254.0,0.0
S777446,vil/2018/SEVIR_VIL_STORMEVENTS_2018_0701_1231.h5,347,vil,2018-08-06 05:05:00,-120:-115:-110:-105:-100:-95:-90:-85:-80:-75:-70:-65:-60:-55:-50:-45:-40:-35:-30:-25:-20:-15:-10:-5:0:5:10:15:20:25:30:35:40:45:50:55:60:65:70:75:80:85:90:95:100:105:110:115:120,129785.0,777446.0,Thunderstorm Wind,40.37186258281253,-97.2210666410182,43.70430293735578,-92.40375054213244,+proj=laea +lat_0=38 +lon_0=-98 +units=m +a=6370997.0 +ellps=sphere ,384.0,384.0,384000.0,384000.0,0.0,254.0,0.0
S758414,vil/2018/SEVIR_VIL_STORMEVENTS_2018_0701_1231.h5,352,vil,2018-07-11 20:04:00,-119:-114:-109:-104:-99:-94:-89:-84:-79:-74:-69:-64:-59:-54:-49:-44:-39:-34:-29:-24:-19:-14:-9:-4:1:6:11:16:21:26:31:36:41:46:51:56:61:66:71:76:81:86:91:96:101:106:111:116:121,126527.0,758414.0,Hail,40.79929110261196,-111.58584394191143,44.65703363213184,-107.54216914024435,+proj=laea +lat_0=38 +lon_0=-98 +units=m +a=6370997.0 +ellps=sphere ,384.0,384.0,384000.0,384000.0,0.0,254.0,0.0
S762358,vil/2018/SEVIR_VIL_STORMEVENTS_2018_0701_1231.h5,356,vil,2018-08-01 03:15:00,-120:-115:-110:-105:-100:-95:-90:-85:-80:-75:-70:-65:-60:-55:-50:-45:-40:-35:-30:-25:-20:-15:-10:-5:0:5:10:15:20:25:30:35:40:45:50:55:60:65:70:75:80:85:90:95:100:105:110:115:120,127207.0,762358.0,Thunderstorm Wind,30.427435771085968,-94.6896992982962,33.682352956634766,-90.40721145801274,+proj=laea +lat_0=38 +lon_0=-98 +units=m +a=6370997.0 +ellps=sphere ,384.0,384.0,384000.0,384000.0,0.0,254.0,0.0
S776924,vil/2018/SEVIR_VIL_STORMEVENTS_2018_0701_1231.h5,364,vil,2018-07-26 20:15:00,-120:-115:-110:-105:-100:-95:-90:-85:-80:-75:-70:-65:-60:-55:-50:-45:-40:-35:-30:-25:-20:-15:-10:-5:0:5:10:15:20:25:30:35:40:45:50:55:60:65:70:75:80:85:90:95:100:105:110:115:120,129724.0,776924.0,Hail,31.44530325405491,-82.2203382500536,34.15945496773706,-77.41771897475843,+proj=laea +lat_0=38 +lon_0=-98 +units=m +a=6370997.0 +ellps=sphere ,384.0,384.0,384000.0,384000.0,0.0,254.0,0.0
S780101,vil/2018/SEVIR_VIL_STORMEVENTS_2018_0701_1231.h5,371,vil,2018-08-19 03:00:00,-120:-115:-110:-105:-100:-95:-90:-85:-80:-75:-70:-65:-60:-55:-50:-45:-40:-35:-30:-25:-20:-15:-10:-5:0:5:10:15:20:25:30:35:40:45:50:55:60:65:70:75:80:85:90:95:100:105:110:115:120,130303.0,780101.0,Thunderstorm Wind,33.97082573723801,-82.0064570296758,36.65680437469608,-77.0148248227283,+proj=laea +lat_0=38 +lon_0=-98 +units=m +a=6370997.0 +ellps=sphere ,384.0,384.0,384000.0,384000.0,0.0,248.0,0.0
S774560,vil/2018/SEVIR_VIL_STORMEVENTS_2018_0701_1231.h5,372,vil,2018-08-15 12:00:00,-120:-115:-110:-105:-100:-95:-90:-85:-80:-75:-70:-65:-60:-55:-50:-45:-40:-35:-30:-25:-20:-15:-10:-5:0:5:10:15:20:25:30:35:40:45:50:55:60:65:70:75:80:85:90:95:100:105:110:115:120,129256.0,774560.0,Heavy Rain,35.51762441594098,-97.88953549563324,38.88409950109122,-93.44558039193184,+proj=laea +lat_0=38 +lon_0=-98 +units=m +a=6370997.0 +ellps=sphere ,384.0,384.0,384000.0,384000.0,0.0,254.0,0.0
S780339,vil/2018/SEVIR_VIL_STORMEVENTS_2018_0701_1231.h5,374,vil,2018-08-22 01:50:00,-120:-115:-110:-105:-100:-95:-90:-85:-80:-75:-70:-65:-60:-55:-50:-45:-40:-35:-30:-25:-20:-15:-10:-5:0:5:10:15:20:25:30:35:40:45:50:55:60:65:70:75:80:85:90:95:100:105:110:115:120,130340.0,780339.0,Thunderstorm Wind,34.84797861961717,-104.51403592845656,38.46109222276456,-100.4122435337762,+proj=laea +lat_0=38 +lon_0=-98 +units=m +a=6370997.0 +ellps=sphere ,384.0,384.0,384000.0,384000.0,0.0,254.0,0.0
S781731,vil/2018/SEVIR_VIL_STORMEVENTS_2018_0701_1231.h5,393,vil,2018-08-13 18:59:00,-119:-114:-109:-104:-99:-94:-89:-84:-79:-74:-69:-64:-59:-54:-49:-44:-39:-34:-29:-24:-19:-14:-9:-4:1:6:11:16:21:26:31:36:41:46:51:56:61:66:71:76:81:86:91:96:101:106:111:116:121,130273.0,781731.0,Lightning,39.0602889809344,-82.63580750867231,41.74232466560365,-77.2426071634211,+proj=laea +lat_0=38 +lon_0=-98 +units=m +a=6370997.0 +ellps=sphere ,384.0,384.0,384000.0,384000.0,0.0,254.0,0.0
S772068,vil/2018/SEVIR_VIL_STORMEVENTS_2018_0701_1231.h5,396,vil,2018-08-05 00:47:00,-122:-117:-112:-107:-102:-97:-92:-87:-82:-77:-72:-67:-62:-57:-52:-47:-42:-37:-32:-27:-22:-17:-12:-7:-2:3:8:13:18:23:28:33:38:43:48:53:58:63:68:73:78:83:88:93:98:103:108:113:118,128731.0,772068.0,Hail,46.00077453554303,-100.66102880022122,49.472058997215605,-95.54843124324528,+proj=laea +lat_0=38 +lon_0=-98 +units=m +a=6370997.0 +ellps=sphere ,384.0,384.0,384000.0,384000.0,0.0,254.0,0.0
S780744,vil/2018/SEVIR_VIL_STORMEVENTS_2018_0701_1231.h5,404,vil,2018-08-19 21:47:00,-122:-117:-112:-107:-102:-97:-92:-87:-82:-77:-72:-67:-62:-57:-52:-47:-42:-37:-32:-27:-22:-17:-12:-7:-2:3:8:13:18:23:28:33:38:43:48:53:58:63:68:73:78:83:88:93:98:103:108:113:118,129421.0,780744.0,Thunderstorm Wind,35.45310033176925,-96.43258140931252,38.76217668052662,-91.92741109903076,+proj=laea +lat_0=38 +lon_0=-98 +units=m +a=6370997.0 +ellps=sphere ,384.0,384.0,384000.0,384000.0,0.0,254.0,0.0
S767595,vil/2018/SEVIR_VIL_STORMEVENTS_2018_0701_1231.h5,413,vil,2018-08-11 20:05:00,-120:-115:-110:-105:-100:-95:-90:-85:-80:-75:-70:-65:-60:-55:-50:-45:-40:-35:-30:-25:-20:-15:-10:-5:0:5:10:15:20:25:30:35:40:45:50:55:60:65:70:75:80:85:90:95:100:105:110:115:120,127607.0,767595.0,Flash Flood,39.6149106484059,-77.42392895308164,42.02980925294864,-71.75955197981848,+proj=laea +lat_0=38 +lon_0=-98 +units=m +a=6370997.0 +ellps=sphere ,384.0,384.0,384000.0,384000.0,0.0,254.0,0.0
S771220,vil/2018/SEVIR_VIL_STORMEVENTS_2018_0701_1231.h5,417,vil,2018-08-30 23:35:00,-120:-115:-110:-105:-100:-95:-90:-85:-80:-75:-70:-65:-60:-55:-50:-45:-40:-35:-30:-25:-20:-15:-10:-5:0:5:10:15:20:25:30:35:40:45:50:55:60:65:70:75:80:85:90:95:100:105:110:115:120,128558.0,771220.0,Lightning,35.563263100823114,-82.38125230277514,38.25603210709604,-77.2799452259417,+proj=laea +lat_0=38 +lon_0=-98 +units=m +a=6370997.0 +ellps=sphere ,384.0,384.0,384000.0,384000.0,0.0,254.0,0.0
S772429,vil/2018/SEVIR_VIL_STORMEVENTS_2018_0701_1231.h5,423,vil,2018-08-27 23:50:00,-120:-115:-110:-105:-100:-95:-90:-85:-80:-75:-70:-65:-60:-55:-50:-45:-40:-35:-30:-25:-20:-15:-10:-5:0:5:10:15:20:25:30:35:40:45:50:55:60:65:70:75:80:85:90:95:100:105:110:115:120,128372.0,772429.0,Thunderstorm Wind,43.76613166095376,-94.6159279933416,46.98401224897937,-89.35928640606139,+proj=laea +lat_0=38 +lon_0=-98 +units=m +a=6370997.0 +ellps=sphere ,384.0,384.0,384000.0,384000.0,0.0,254.0,0.0
S770056,vil/2018/SEVIR_VIL_STORMEVENTS_2018_0701_1231.h5,435,vil,2018-08-26 11:40:00,-120:-115:-110:-105:-100:-95:-90:-85:-80:-75:-70:-65:-60:-55:-50:-45:-40:-35:-30:-25:-20:-15:-10:-5:0:5:10:15:20:25:30:35:40:45:50:55:60:65:70:75:80:85:90:95:100:105:110:115:120,128363.0,770056.0,Lightning,43.64613930925695,-95.66597237831768,46.90958046832079,-90.47993892443527,+proj=laea +lat_0=38 +lon_0=-98 +units=m +a=6370997.0 +ellps=sphere ,384.0,384.0,384000.0,384000.0,0.0,254.0,0.0
S772462,vil/2018/SEVIR_VIL_STORMEVENTS_2018_0701_1231.h5,453,vil,2018-07-05 01:00:00,-120:-115:-110:-105:-100:-95:-90:-85:-80:-75:-70:-65:-60:-55:-50:-45:-40:-35:-30:-25:-20:-15:-10:-5:0:5:10:15:20:25:30:35:40:45:50:55:60:65:70:75:80:85:90:95:100:105:110:115:120,128788.0,772462.0,Flash Flood,39.10421507902733,-82.55519001572513,41.782025268182046,-77.15444797010416,+proj=laea +lat_0=38 +lon_0=-98 +units=m +a=6370997.0 +ellps=sphere ,384.0,384.0,384000.0,384000.0,0.0,254.0,0.0
S774490,vil/2018/SEVIR_VIL_STORMEVENTS_2018_0701_1231.h5,459,vil,2018-07-17 15:30:00,-120:-115:-110:-105:-100:-95:-90:-85:-80:-75:-70:-65:-60:-55:-50:-45:-40:-35:-30:-25:-20:-15:-10:-5:0:5:10:15:20:25:30:35:40:45:50:55:60:65:70:75:80:85:90:95:100:105:110:115:120,129244.0,774490.0,Thunderstorm Wind,41.848440758978775,-74.43624653289795,44.08378519775339,-68.41094622895459,+proj=laea +lat_0=38 +lon_0=-98 +units=m +a=6370997.0 +ellps=sphere ,384.0,384.0,384000.0,384000.0,0.0,254.0,0.0
S757185,vil/2018/SEVIR_VIL_STORMEVENTS_2018_0701_1231.h5,460,vil,2018-07-15 21:50:00,-120:-115:-110:-105:-100:-95:-90:-85:-80:-75:-70:-65:-60:-55:-50:-45:-40:-35:-30:-25:-20:-15:-10:-5:0:5:10:15:20:25:30:35:40:45:50:55:60:65:70:75:80:85:90:95:100:105:110:115:120,126316.0,757185.0,Hail,39.47417061241606,-123.50680186486156,43.662766609834925,-120.24781829838722,+proj=laea +lat_0=38 +lon_0=-98 +units=m +a=6370997.0 +ellps=sphere ,384.0,384.0,384000.0,384000.0,0.0,254.0,0.0
S779151,vil/2018/SEVIR_VIL_STORMEVENTS_2018_0701_1231.h5,467,vil,2018-08-16 20:30:00,-120:-115:-110:-105:-100:-95:-90:-85:-80:-75:-70:-65:-60:-55:-50:-45:-40:-35:-30:-25:-20:-15:-10:-5:0:5:10:15:20:25:30:35:40:45:50:55:60:65:70:75:80:85:90:95:100:105:110:115:120,130102.0,779151.0,Flash Flood,33.009398030174424,-117.36447533223642,37.02355352031879,-113.94582863996511,+proj=laea +lat_0=38 +lon_0=-98 +units=m +a=6370997.0 +ellps=sphere ,384.0,384.0,384000.0,384000.0,0.0,254.0,0.0
S782195,vil/2018/SEVIR_VIL_STORMEVENTS_2018_0701_1231.h5,472,vil,2018-08-07 10:40:00,-120:-115:-110:-105:-100:-95:-90:-85:-80:-75:-70:-65:-60:-55:-50:-45:-40:-35:-30:-25:-20:-15:-10:-5:0:5:10:15:20:25:30:35:40:45:50:55:60:65:70:75:80:85:90:95:100:105:110:115:120,130715.0,782195.0,Thunderstorm Wind,45.99208150750693,-72.31248413284483,48.06568123117933,-65.67396256948054,+proj=laea +lat_0=38 +lon_0=-98 +units=m +a=6370997.0 +ellps=sphere ,384.0,384.0,384000.0,384000.0,0.0,254.0,0.0
S777884,vil/2018/SEVIR_VIL_STORMEVENTS_2018_0701_1231.h5,473,vil,2018-09-01 23:54:00,-119:-114:-109:-104:-99:-94:-89:-84:-79:-74:-69:-64:-59:-54:-49:-44:-39:-34:-29:-24:-19:-14:-9:-4:1:6:11:16:21:26:31:36:41:46:51:56:61:66:71:76:81:86:91:96:101:106:111:116:121,129852.0,777884.0,Thunderstorm Wind,28.930024200629905,-87.25526632078171,31.885824398457107,-82.78683531259115,+proj=laea +lat_0=38 +lon_0=-98 +units=m +a=6370997.0 +ellps=sphere ,384.0,384.0,384000.0,384000.0,0.0,254.0,0.0
S777862,vil/2018/SEVIR_VIL_STORMEVENTS_2018_0701_1231.h5,475,vil,2018-09-30 20:10:00,-120:-115:-110:-105:-100:-95:-90:-85:-80:-75:-70:-65:-60:-55:-50:-45:-40:-35:-30:-25:-20:-15:-10:-5:0:5:10:15:20:25:30:35:40:45:50:55:60:65:70:75:80:85:90:95:100:105:110:115:120,129853.0,777862.0,Thunderstorm Wind,28.7078202186094,-87.7745684977334,31.68717346210904,-83.3367447567826,+proj=laea +lat_0=38 +lon_0=-98 +units=m +a=6370997.0 +ellps=sphere ,384.0,384.0,384000.0,384000.0,0.0,254.0,0.0
S772551,vil/2018/SEVIR_VIL_STORMEVENTS_2018_0701_1231.h5,476,vil,2018-08-17 00:52:00,-122:-117:-112:-107:-102:-97:-92:-87:-82:-77:-72:-67:-62:-57:-52:-47:-42:-37:-32:-27:-22:-17:-12:-7:-2:3:8:13:18:23:28:33:38:43:48:53:58:63:68:73:78:83:88:93:98:103:108:113:118,128816.0,772551.0,Hail,42.12169323071706,-123.12361724253842,46.3113013389342,-119.761254345468,+proj=laea +lat_0=38 +lon_0=-98 +units=m +a=6370997.0 +ellps=sphere ,384.0,384.0,384000.0,384000.0,0.0,254.0,0.0
S779366,vil/2018/SEVIR_VIL_STORMEVENTS_2018_0701_1231.h5,480,vil,2018-08-02 02:45:00,-120:-115:-110:-105:-100:-95:-90:-85:-80:-75:-70:-65:-60:-55:-50:-45:-40:-35:-30:-25:-20:-15:-10:-5:0:5:10:15:20:25:30:35:40:45:50:55:60:65:70:75:80:85:90:95:100:105:110:115:120,130144.0,779366.0,Thunderstorm Wind,40.35730823854881,-113.2975182244827,44.26783657187512,-109.3793336885128,+proj=laea +lat_0=38 +lon_0=-98 +units=m +a=6370997.0 +ellps=sphere ,384.0,384.0,384000.0,384000.0,0.0,230.0,0.0
S786608,vil/2018/SEVIR_VIL_STORMEVENTS_2018_0701_1231.h5,488,vil,2018-09-20 23:40:00,-120:-115:-110:-105:-100:-95:-90:-85:-80:-75:-70:-65:-60:-55:-50:-45:-40:-35:-30:-25:-20:-15:-10:-5:0:5:10:15:20:25:30:35:40:45:50:55:60:65:70:75:80:85:90:95:100:105:110:115:120,131130.0,786608.0,Thunderstorm Wind,32.32031767680094,-100.59389031833383,35.79514802438925,-96.44793836031612,+proj=laea +lat_0=38 +lon_0=-98 +units=m +a=6370997.0 +ellps=sphere ,384.0,384.0,384000.0,384000.0,0.0,254.0,0.0
S776533,vil/2018/SEVIR_VIL_STORMEVENTS_2018_0701_1231.h5,490,vil,2018-07-29 06:55:00,-120:-115:-110:-105:-100:-95:-90:-85:-80:-75:-70:-65:-60:-55:-50:-45:-40:-35:-30:-25:-20:-15:-10:-5:0:5:10:15:20:25:30:35:40:45:50:55:60:65:70:75:80:85:90:95:100:105:110:115:120,129631.0,776533.0,Thunderstorm Wind,35.932101944154184,-100.86567889941963,39.41196471892697,-96.5333607413852,+proj=laea +lat_0=38 +lon_0=-98 +units=m +a=6370997.0 +ellps=sphere ,384.0,384.0,384000.0,384000.0,0.0,254.0,0.0
S780823,vil/2018/SEVIR_VIL_STORMEVENTS_2018_0701_1231.h5,502,vil,2018-08-31 13:50:00,-120:-115:-110:-105:-100:-95:-90:-85:-80:-75:-70:-65:-60:-55:-50:-45:-40:-35:-30:-25:-20:-15:-10:-5:0:5:10:15:20:25:30:35:40:45:50:55:60:65:70:75:80:85:90:95:100:105:110:115:120,130309.0,780823.0,Heavy Rain,35.94357334458325,-95.6450762744292,39.219860220294784,-91.07271218433831,+proj=laea +lat_0=38 +lon_0=-98 +units=m +a=6370997.0 +ellps=sphere ,384.0,384.0,384000.0,384000.0,0.0,254.0,0.0
S766197,vil/2018/SEVIR_VIL_STORMEVENTS_2018_0701_1231.h5,503,vil,2018-07-04 00:23:00,-118:-113:-108:-103:-98:-93:-88:-83:-78:-73:-68:-63:-58:-53:-48:-43:-38:-33:-28:-23:-18:-13:-8:-3:2:7:12:17:22:27:32:37:42:47:52:57:62:67:72:77:82:87:92:97:102:107:112:117:122,127758.0,766197.0,Thunderstorm Wind,29.543747509831643,-86.5197056211039,32.46398076869307,-81.98977064510777,+proj=laea +lat_0=38 +lon_0=-98 +units=m +a=6370997.0 +ellps=sphere ,384.0,384.0,384000.0,384000.0,0.0,254.0,0.0
S776709,vil/2018/SEVIR_VIL_STORMEVENTS_2018_0701_1231.h5,504,vil,2018-07-21 07:55:00,-120:-115:-110:-105:-100:-95:-90:-85:-80:-75:-70:-65:-60:-55:-50:-45:-40:-35:-30:-25:-20:-15:-10:-5:0:5:10:15:20:25:30:35:40:45:50:55:60:65:70:75:80:85:90:95:100:105:110:115:120,129430.0,776709.0,Thunderstorm Wind,33.369585685909044,-94.87889821690986,36.62205393377626,-90.43663916883528,+proj=laea +lat_0=38 +lon_0=-98 +units=m +a=6370997.0 +ellps=sphere ,384.0,384.0,384000.0,384000.0,0.0,254.0,0.0
S767060,vil/2018/SEVIR_VIL_STORMEVENTS_2018_0701_1231.h5,509,vil,2018-07-26 00:14:00,-119:-114:-109:-104:-99:-94:-89:-84:-79:-74:-69:-64:-59:-54:-49:-44:-39:-34:-29:-24:-19:-14:-9:-4:1:6:11:16:21:26:31:36:41:46:51:56:61:66:71:76:81:86:91:96:101:106:111:116:121,127827.0,767060.0,Thunderstorm Wind,32.87740062438351,-83.02301612166217,35.618689164342804,-78.14954234917322,+proj=laea +lat_0=38 +lon_0=-98 +units=m +a=6370997.0 +ellps=sphere ,384.0,384.0,384000.0,384000.0,0.0,254.0,0.0
S775431,vil/2018/SEVIR_VIL_STORMEVENTS_2018_0701_1231.h5,520,vil,2018-09-15 02:07:00,-122:-117:-112:-107:-102:-97:-92:-87:-82:-77:-72:-67:-62:-57:-52:-47:-42:-37:-32:-27:-22:-17:-12:-7:-2:3:8:13:18:23:28:33:38:43:48:53:58:63:68:73:78:83:88:93:98:103:108:113:118,129425.0,775431.0,Hail,45.54163524708786,-98.17937505023546,48.91044600287557,-92.95612683817455,+proj=laea +lat_0=38 +lon_0=-98 +units=m +a=6370997.0 +ellps=sphere ,384.0,384.0,384000.0,384000.0,0.0,254.0,0.0
S762082,vil/2018/SEVIR_VIL_STORMEVENTS_2018_0701_1231.h5,526,vil,2018-07-18 01:14:00,-119:-114:-109:-104:-99:-94:-89:-84:-79:-74:-69:-64:-59:-54:-49:-44:-39:-34:-29:-24:-19:-14:-9:-4:1:6:11:16:21:26:31:36:41:46:51:56:61:66:71:76:81:86:91:96:101:106:111:116:121,127150.0,762082.0,Thunderstorm Wind,41.73172903862464,-107.030182288643,45.438167261143576,-102.65845796341544,+proj=laea +lat_0=38 +lon_0=-98 +units=m +a=6370997.0 +ellps=sphere ,384.0,384.0,384000.0,384000.0,0.0,254.0,0.0
S765364,vil/2018/SEVIR_VIL_STORMEVENTS_2018_0701_1231.h5,535,vil,2018-07-07 21:55:00,-120:-115:-110:-105:-100:-95:-90:-85:-80:-75:-70:-65:-60:-55:-50:-45:-40:-35:-30:-25:-20:-15:-10:-5:0:5:10:15:20:25:30:35:40:45:50:55:60:65:70:75:80:85:90:95:100:105:110:115:120,127590.0,765364.0,Thunderstorm Wind,29.182397890148174,-106.6840349530143,32.873708615143855,-102.9237455334837,+proj=laea +lat_0=38 +lon_0=-98 +units=m +a=6370997.0 +ellps=sphere ,384.0,384.0,384000.0,384000.0,0.0,254.0,0.0
S779286,vil/2018/SEVIR_VIL_STORMEVENTS_2018_0701_1231.h5,564,vil,2018-08-14 23:20:00,-120:-115:-110:-105:-100:-95:-90:-85:-80:-75:-70:-65:-60:-55:-50:-45:-40:-35:-30:-25:-20:-15:-10:-5:0:5:10:15:20:25:30:35:40:45:50:55:60:65:70:75:80:85:90:95:100:105:110:115:120,130134.0,779286.0,Hail,33.40613884913471,-103.10574058719465,36.970378889971606,-99.01305829434791,+proj=laea +lat_0=38 +lon_0=-98 +units=m +a=6370997.0 +ellps=sphere ,384.0,384.0,384000.0,384000.0,0.0,254.0,0.0
S782481,vil/2018/SEVIR_VIL_STORMEVENTS_2018_0701_1231.h5,582,vil,2018-10-21 23:40:00,-120:-115:-110:-105:-100:-95:-90:-85:-80:-75:-70:-65:-60:-55:-50:-45:-40:-35:-30:-25:-20:-15:-10:-5:0:5:10:15:20:25:30:35:40:45:50:55:60:65:70:75:80:85:90:95:100:105:110:115:120,130763.0,782481.0,Hail,31.06302164890373,-113.13530724040702,34.95494791243032,-109.5798199827848,+proj=laea +lat_0=38 +lon_0=-98 +units=m +a=6370997.0 +ellps=sphere ,384.0,384.0,384000.0,384000.0,0.0,254.0,0.0
S776908,vil/2018/SEVIR_VIL_STORMEVENTS_2018_0701_1231.h5,591,vil,2018-07-18 22:36:00,-121:-116:-111:-106:-101:-96:-91:-86:-81:-76:-71:-66:-61:-56:-51:-46:-41:-36:-31:-26:-21:-16:-11:-6:-1:4:9:14:19:24:29:34:39:44:49:54:59:64:69:74:79:84:89:94:99:104:109:114:119,129718.0,776908.0,Thunderstorm Wind,31.312243975089803,-83.37780817375399,34.080673681803844,-78.62527923484645,+proj=laea +lat_0=38 +lon_0=-98 +units=m +a=6370997.0 +ellps=sphere ,384.0,384.0,384000.0,384000.0,0.0,254.0,0.0
S779032,vil/2018/SEVIR_VIL_STORMEVENTS_2018_0701_1231.h5,592,vil,2018-08-12 21:05:00,-120:-115:-110:-105:-100:-95:-90:-85:-80:-75:-70:-65:-60:-55:-50:-45:-40:-35:-30:-25:-20:-15:-10:-5:0:5:10:15:20:25:30:35:40:45:50:55:60:65:70:75:80:85:90:95:100:105:110:115:120,130077.0,779032.0,Thunderstorm Wind,40.874518700100175,-110.73249865562563,44.70481423511124,-106.63370193208053,+proj=laea +lat_0=38 +lon_0=-98 +units=m +a=6370997.0 +ellps=sphere ,384.0,384.0,384000.0,384000.0,0.0,192.0,0.0
S775068,vil/2018/SEVIR_VIL_STORMEVENTS_2018_0701_1231.h5,613,vil,2018-08-12 18:40:00,-120:-115:-110:-105:-100:-95:-90:-85:-80:-75:-70:-65:-60:-55:-50:-45:-40:-35:-30:-25:-20:-15:-10:-5:0:5:10:15:20:25:30:35:40:45:50:55:60:65:70:75:80:85:90:95:100:105:110:115:120,129353.0,775068.0,Thunderstorm Wind,37.177284907089245,-80.4733762453243,39.7660080544028,-75.16106353717,+proj=laea +lat_0=38 +lon_0=-98 +units=m +a=6370997.0 +ellps=sphere ,384.0,384.0,384000.0,384000.0,0.0,254.0,0.0
S781936,vil/2018/SEVIR_VIL_STORMEVENTS_2018_0701_1231.h5,620,vil,2018-08-11 15:30:00,-120:-115:-110:-105:-100:-95:-90:-85:-80:-75:-70:-65:-60:-55:-50:-45:-40:-35:-30:-25:-20:-15:-10:-5:0:5:10:15:20:25:30:35:40:45:50:55:60:65:70:75:80:85:90:95:100:105:110:115:120,130635.0,781936.0,Flash Flood,32.51854038838993,-111.960971911416,36.37571637256217,-108.30421095376845,+proj=laea +lat_0=38 +lon_0=-98 +units=m +a=6370997.0 +ellps=sphere ,384.0,384.0,384000.0,384000.0,0.0,180.0,0.0
S779250,vil/2018/SEVIR_VIL_STORMEVENTS_2018_0701_1231.h5,630,vil,2018-08-28 23:30:00,-120:-115:-110:-105:-100:-95:-90:-85:-80:-75:-70:-65:-60:-55:-50:-45:-40:-35:-30:-25:-20:-15:-10:-5:0:5:10:15:20:25:30:35:40:45:50:55:60:65:70:75:80:85:90:95:100:105:110:115:120,130128.0,779250.0,Thunderstorm Wind,38.3409326516714,-95.88999690922203,41.62201182467418,-91.16110150527358,+proj=laea +lat_0=38 +lon_0=-98 +units=m +a=6370997.0 +ellps=sphere ,384.0,384.0,384000.0,384000.0,0.0,254.0,0.0
S767847,vil/2018/SEVIR_VIL_STORMEVENTS_2018_0701_1231.h5,637,vil,2018-07-04 03:15:00,-120:-115:-110:-105:-100:-95:-90:-85:-80:-75:-70:-65:-60:-55:-50:-45:-40:-35:-30:-25:-20:-15:-10:-5:0:5:10:15:20:25:30:35:40:45:50:55:60:65:70:75:80:85:90:95:100:105:110:115:120,125868.0,767847.0,Thunderstorm Wind,45.39981878470451,-107.99905574379612,49.14876107230052,-103.42381796776937,+proj=laea +lat_0=38 +lon_0=-98 +units=m +a=6370997.0 +ellps=sphere ,384.0,384.0,384000.0,384000.0,0.0,254.0,0.0
S781652,vil/2018/SEVIR_VIL_STORMEVENTS_2018_0701_1231.h5,642,vil,2018-10-13 21:50:00,-120:-115:-110:-105:-100:-95:-90:-85:-80:-75:-70:-65:-60:-55:-50:-45:-40:-35:-30:-25:-20:-15:-10:-5:0:5:10:15:20:25:30:35:40:45:50:55:60:65:70:75:80:85:90:95:100:105:110:115:120,130590.0,781652.0,Flash Flood,30.96317453839913,-114.48386741424612,34.89448374212889,-110.9908287082994,+proj=laea +lat_0=38 +lon_0=-98 +units=m +a=6370997.0 +ellps=sphere ,384.0,384.0,384000.0,384000.0,0.0,254.0,0.0
S783744,vil/2018/SEVIR_VIL_STORMEVENTS_2018_0701_1231.h5,648,vil,2018-09-08 21:54:00,-119:-114:-109:-104:-99:-94:-89:-84:-79:-74:-69:-64:-59:-54:-49:-44:-39:-34:-29:-24:-19:-14:-9:-4:1:6:11:16:21:26:31:36:41:46:51:56:61:66:71:76:81:86:91:96:101:106:111:116:121,131008.0,783744.0,Thunderstorm Wind,36.68345392891168,-88.78403472860454,39.66550379710596,-83.85704014044111,+proj=laea +lat_0=38 +lon_0=-98 +units=m +a=6370997.0 +ellps=sphere ,384.0,384.0,384000.0,384000.0,0.0,254.0,0.0
S773707,vil/2018/SEVIR_VIL_STORMEVENTS_2018_0701_1231.h5,655,vil,2018-07-09 00:35:00,-120:-115:-110:-105:-100:-95:-90:-85:-80:-75:-70:-65:-60:-55:-50:-45:-40:-35:-30:-25:-20:-15:-10:-5:0:5:10:15:20:25:30:35:40:45:50:55:60:65:70:75:80:85:90:95:100:105:110:115:120,129077.0,773707.0,Hail,45.10606684546274,-97.10975752052624,48.42985944807161,-91.86510639702692,+proj=laea +lat_0=38 +lon_0=-98 +units=m +a=6370997.0 +ellps=sphere ,384.0,384.0,384000.0,384000.0,0.0,254.0,0.0
S774494,vil/2018/SEVIR_VIL_STORMEVENTS_2018_0701_1231.h5,666,vil,2018-07-11 23:25:00,-120:-115:-110:-105:-100:-95:-90:-85:-80:-75:-70:-65:-60:-55:-50:-45:-40:-35:-30:-25:-20:-15:-10:-5:0:5:10:15:20:25:30:35:40:45:50:55:60:65:70:75:80:85:90:95:100:105:110:115:120,129237.0,774494.0,Hail,35.57880608553518,-81.20391639907274,38.2148734538801,-76.05552311954743,+proj=laea +lat_0=38 +lon_0=-98 +units=m +a=6370997.0 +ellps=sphere ,384.0,384.0,384000.0,384000.0,0.0,254.0,0.0
S775739,vil/2018/SEVIR_VIL_STORMEVENTS_2018_0701_1231.h5,669,vil,2018-08-26 01:15:00,-120:-115:-110:-105:-100:-95:-90:-85:-80:-75:-70:-65:-60:-55:-50:-45:-40:-35:-30:-25:-20:-15:-10:-5:0:5:10:15:20:25:30:35:40:45:50:55:60:65:70:75:80:85:90:95:100:105:110:115:120,129484.0,775739.0,Thunderstorm Wind,41.49697322168589,-103.38109097206537,45.070541810389,-98.81344238806884,+proj=laea +lat_0=38 +lon_0=-98 +units=m +a=6370997.0 +ellps=sphere ,384.0,384.0,384000.0,384000.0,0.0,254.0,0.0
S788338,vil/2018/SEVIR_VIL_STORMEVENTS_2018_0701_1231.h5,672,vil,2018-09-28 03:45:00,-120:-115:-110:-105:-100:-95:-90:-85:-80:-75:-70:-65:-60:-55:-50:-45:-40:-35:-30:-25:-20:-15:-10:-5:0:5:10:15:20:25:30:35:40:45:50:55:60:65:70:75:80:85:90:95:100:105:110:115:120,131430.0,788338.0,Flood,38.13169755172172,-81.66930103401516,40.77253581885572,-76.32055368078986,+proj=laea +lat_0=38 +lon_0=-98 +units=m +a=6370997.0 +ellps=sphere ,384.0,384.0,384000.0,384000.0,0.0,225.0,0.0
S781027,vil/2018/SEVIR_VIL_STORMEVENTS_2018_0701_1231.h5,673,vil,2018-08-17 22:10:00,-120:-115:-110:-105:-100:-95:-90:-85:-80:-75:-70:-65:-60:-55:-50:-45:-40:-35:-30:-25:-20:-15:-10:-5:0:5:10:15:20:25:30:35:40:45:50:55:60:65:70:75:80:85:90:95:100:105:110:115:120,130255.0,781027.0,Thunderstorm Wind,32.86871955890929,-101.61664069265758,36.38003476900585,-97.48621360206552,+proj=laea +lat_0=38 +lon_0=-98 +units=m +a=6370997.0 +ellps=sphere ,384.0,384.0,384000.0,384000.0,0.0,254.0,0.0
S758688,vil/2018/SEVIR_VIL_STORMEVENTS_2018_0701_1231.h5,683,vil,2018-07-09 00:15:00,-120:-115:-110:-105:-100:-95:-90:-85:-80:-75:-70:-65:-60:-55:-50:-45:-40:-35:-30:-25:-20:-15:-10:-5:0:5:10:15:20:25:30:35:40:45:50:55:60:65:70:75:80:85:90:95:100:105:110:115:120,126578.0,758688.0,Thunderstorm Wind,44.20693766656788,-100.20515082269807,47.65880931582963,-95.2319802055126,+proj=laea +lat_0=38 +lon_0=-98 +units=m +a=6370997.0 +ellps=sphere ,384.0,384.0,384000.0,384000.0,0.0,254.0,0.0
S779990,vil/2018/SEVIR_VIL_STORMEVENTS_2018_0701_1231.h5,684,vil,2018-08-31 00:30:00,-120:-115:-110:-105:-100:-95:-90:-85:-80:-75:-70:-65:-60:-55:-50:-45:-40:-35:-30:-25:-20:-15:-10:-5:0:5:10:15:20:25:30:35:40:45:50:55:60:65:70:75:80:85:90:95:100:105:110:115:120,130282.0,779990.0,Thunderstorm Wind,33.21861890484884,-96.23841061445056,36.52559900083706,-91.86151385367592,+proj=laea +lat_0=38 +lon_0=-98 +units=m +a=6370997.0 +ellps=sphere ,384.0,384.0,384000.0,384000.0,0.0,254.0,0.0
S785028,vil/2018/SEVIR_VIL_STORMEVENTS_2018_0701_1231.h5,690,vil,2018-09-03 19:28:00,-118:-113:-108:-103:-98:-93:-88:-83:-78:-73:-68:-63:-58:-53:-48:-43:-38:-33:-28:-23:-18:-13:-8:-3:2:7:12:17:22:27:32:37:42:47:52:57:62:67:72:77:82:87:92:97:102:107:112:117:122,131206.0,785028.0,Thunderstorm Wind,40.40947186168851,-90.19321457270397,43.43986170498597,-85.02055558457583,+proj=laea +lat_0=38 +lon_0=-98 +units=m +a=6370997.0 +ellps=sphere ,384.0,384.0,384000.0,384000.0,0.0,254.0,0.0
S786228,vil/2018/SEVIR_VIL_STORMEVENTS_2018_0701_1231.h5,701,vil,2018-09-22 00:30:00,-120:-115:-110:-105:-100:-95:-90:-85:-80:-75:-70:-65:-60:-55:-50:-45:-40:-35:-30:-25:-20:-15:-10:-5:0:5:10:15:20:25:30:35:40:45:50:55:60:65:70:75:80:85:90:95:100:105:110:115:120,131308.0,786228.0,Thunderstorm Wind,39.231078145532734,-82.83477848740797,41.92174980539874,-77.43419053453546,+proj=laea +lat_0=38 +lon_0=-98 +units=m +a=6370997.0 +ellps=sphere ,384.0,384.0,384000.0,384000.0,0.0,242.0,0.0
S778034,vil/2018/SEVIR_VIL_STORMEVENTS_2018_0701_1231.h5,702,vil,2018-09-01 06:34:00,-119:-114:-109:-104:-99:-94:-89:-84:-79:-74:-69:-64:-59:-54:-49:-44:-39:-34:-29:-24:-19:-14:-9:-4:1:6:11:16:21:26:31:36:41:46:51:56:61:66:71:76:81:86:91:96:101:106:111:116:121,129486.0,778034.0,Thunderstorm Wind,38.83369979355943,-100.655798812671,42.30349575576928,-96.1285337684284,+proj=laea +lat_0=38 +lon_0=-98 +units=m +a=6370997.0 +ellps=sphere ,384.0,384.0,384000.0,384000.0,0.0,254.0,0.0
S783300,vil/2018/SEVIR_VIL_STORMEVENTS_2018_0701_1231.h5,718,vil,2018-09-05 20:33:00,-118:-113:-108:-103:-98:-93:-88:-83:-78:-73:-68:-63:-58:-53:-48:-43:-38:-33:-28:-23:-18:-13:-8:-3:2:7:12:17:22:27:32:37:42:47:52:57:62:67:72:77:82:87:92:97:102:107:112:117:122,130907.0,783300.0,Thunderstorm Wind,41.82989327951415,-77.11355228887862,44.20971162138012,-71.20193781536395,+proj=laea +lat_0=38 +lon_0=-98 +units=m +a=6370997.0 +ellps=sphere ,384.0,384.0,384000.0,384000.0,0.0,254.0,0.0
S774794,vil/2018/SEVIR_VIL_STORMEVENTS_2018_0701_1231.h5,725,vil,2018-07-10 11:30:00,-120:-115:-110:-105:-100:-95:-90:-85:-80:-75:-70:-65:-60:-55:-50:-45:-40:-35:-30:-25:-20:-15:-10:-5:0:5:10:15:20:25:30:35:40:45:50:55:60:65:70:75:80:85:90:95:100:105:110:115:120,129311.0,774794.0,Hail,43.58555077284174,-99.61223841419456,47.01338726129126,-94.6590038987815,+proj=laea +lat_0=38 +lon_0=-98 +units=m +a=6370997.0 +ellps=sphere ,384.0,384.0,384000.0,384000.0,0.0,254.0,0.0
S793744,vil/2018/SEVIR_VIL_STORMEVENTS_2018_0701_1231.h5,734,vil,2018-12-28 13:17:00,-122:-117:-112:-107:-102:-97:-92:-87:-82:-77:-72:-67:-62:-57:-52:-47:-42:-37:-32:-27:-22:-17:-12:-7:-2:3:8:13:18:23:28:33:38:43:48:53:58:63:68:73:78:83:88:93:98:103:108:113:118,132655.0,793744.0,Thunderstorm Wind,30.013811050673127,-106.67767763567456,33.70394830742687,-102.88580683498289,+proj=laea +lat_0=38 +lon_0=-98 +units=m +a=6370997.0 +ellps=sphere ,384.0,384.0,384000.0,384000.0,0.0,117.0,0.0
S765044,vil/2018/SEVIR_VIL_STORMEVENTS_2018_0701_1231.h5,737,vil,2018-07-03 00:45:00,-120:-115:-110:-105:-100:-95:-90:-85:-80:-75:-70:-65:-60:-55:-50:-45:-40:-35:-30:-25:-20:-15:-10:-5:0:5:10:15:20:25:30:35:40:45:50:55:60:65:70:75:80:85:90:95:100:105:110:115:120,127588.0,765044.0,Thunderstorm Wind,31.081326504588127,-104.50548600979587,34.697119644420745,-100.58082900485525,+proj=laea +lat_0=38 +lon_0=-98 +units=m +a=6370997.0 +ellps=sphere ,384.0,384.0,384000.0,384000.0,0.0,254.0,0.0
S773515,vil/2018/SEVIR_VIL_STORMEVENTS_2018_0701_1231.h5,738,vil,2018-07-11 00:55:00,-120:-115:-110:-105:-100:-95:-90:-85:-80:-75:-70:-65:-60:-55:-50:-45:-40:-35:-30:-25:-20:-15:-10:-5:0:5:10:15:20:25:30:35:40:45:50:55:60:65:70:75:80:85:90:95:100:105:110:115:120,126152.0,773515.0,Thunderstorm Wind,46.36040513575764,-108.2214343419905,50.12001924346843,-103.58450777606356,+proj=laea +lat_0=38 +lon_0=-98 +units=m +a=6370997.0 +ellps=sphere ,384.0,384.0,384000.0,384000.0,0.0,254.0,0.0
S780617,vil/2018/SEVIR_VIL_STORMEVENTS_2018_0701_1231.h5,739,vil,2018-07-22 16:15:00,-120:-115:-110:-105:-100:-95:-90:-85:-80:-75:-70:-65:-60:-55:-50:-45:-40:-35:-30:-25:-20:-15:-10:-5:0:5:10:15:20:25:30:35:40:45:50:55:60:65:70:75:80:85:90:95:100:105:110:115:120,130346.0,780617.0,Thunderstorm Wind,28.19200455483605,-83.90274673103734,31.00616312919975,-79.36378232956011,+proj=laea +lat_0=38 +lon_0=-98 +units=m +a=6370997.0 +ellps=sphere ,384.0,384.0,384000.0,384000.0,0.0,254.0,0.0
S774731,vil/2018/SEVIR_VIL_STORMEVENTS_2018_0701_1231.h5,744,vil,2018-07-03 03:27:00,-122:-117:-112:-107:-102:-97:-92:-87:-82:-77:-72:-67:-62:-57:-52:-47:-42:-37:-32:-27:-22:-17:-12:-7:-2:3:8:13:18:23:28:33:38:43:48:53:58:63:68:73:78:83:88:93:98:103:108:113:118,129306.0,774731.0,Hail,42.95990705875453,-101.217572238766,46.45148116528753,-96.41172300770064,+proj=laea +lat_0=38 +lon_0=-98 +units=m +a=6370997.0 +ellps=sphere ,384.0,384.0,384000.0,384000.0,0.0,254.0,0.0
S770301,vil/2018/SEVIR_VIL_STORMEVENTS_2018_0701_1231.h5,752,vil,2018-08-14 22:54:00,-119:-114:-109:-104:-99:-94:-89:-84:-79:-74:-69:-64:-59:-54:-49:-44:-39:-34:-29:-24:-19:-14:-9:-4:1:6:11:16:21:26:31:36:41:46:51:56:61:66:71:76:81:86:91:96:101:106:111:116:121,128401.0,770301.0,Hail,38.39998366173817,-107.17842212998691,42.106941461386334,-103.01887167783252,+proj=laea +lat_0=38 +lon_0=-98 +units=m +a=6370997.0 +ellps=sphere ,384.0,384.0,384000.0,384000.0,0.0,254.0,0.0
S768252,vil/2018/SEVIR_VIL_STORMEVENTS_2018_0701_1231.h5,764,vil,2018-08-09 03:18:00,-118:-113:-108:-103:-98:-93:-88:-83:-78:-73:-68:-63:-58:-53:-48:-43:-38:-33:-28:-23:-18:-13:-8:-3:2:7:12:17:22:27:32:37:42:47:52:57:62:67:72:77:82:87:92:97:102:107:112:117:122,127973.0,768252.0,Thunderstorm Wind,31.41275481451489,-113.62374006069084,35.31920899315384,-110.07893223738908,+proj=laea +lat_0=38 +lon_0=-98 +units=m +a=6370997.0 +ellps=sphere ,384.0,384.0,384000.0,384000.0,0.0,254.0,0.0
S781438,vil/2018/SEVIR_VIL_STORMEVENTS_2018_0701_1231.h5,770,vil,2018-08-28 09:36:00,-121:-116:-111:-106:-101:-96:-91:-86:-81:-76:-71:-66:-61:-56:-51:-46:-41:-36:-31:-26:-21:-16:-11:-6:-1:4:9:14:19:24:29:34:39:44:49:54:59:64:69:74:79:84:89:94:99:104:109:114:119,130538.0,781438.0,Hail,41.470060291774026,-98.6718198471436,44.860452805843366,-93.84385268102533,+proj=laea +lat_0=38 +lon_0=-98 +units=m +a=6370997.0 +ellps=sphere ,384.0,384.0,384000.0,384000.0,0.0,254.0,0.0
S759948,vil/2018/SEVIR_VIL_STORMEVENTS_2018_0701_1231.h5,773,vil,2018-07-27 03:17:00,-122:-117:-112:-107:-102:-97:-92:-87:-82:-77:-72:-67:-62:-57:-52:-47:-42:-37:-32:-27:-22:-17:-12:-7:-2:3:8:13:18:23:28:33:38:43:48:53:58:63:68:73:78:83:88:93:98:103:108:113:118,126762.0,759948.0,Thunderstorm Wind,38.00563699000782,-106.66906836137429,41.69466607228743,-102.50468799335876,+proj=laea +lat_0=38 +lon_0=-98 +units=m +a=6370997.0 +ellps=sphere ,384.0,384.0,384000.0,384000.0,0.0,254.0,0.0
S760284,vil/2018/SEVIR_VIL_STORMEVENTS_2018_0701_1231.h5,782,vil,2018-07-21 10:22:00,-122:-117:-112:-107:-102:-97:-92:-87:-82:-77:-72:-67:-62:-57:-52:-47:-42:-37:-32:-27:-22:-17:-12:-7:-2:3:8:13:18:23:28:33:38:43:48:53:58:63:68:73:78:83:88:93:98:103:108:113:118,126753.0,760284.0,Thunderstorm Wind,31.596062517421853,-92.34500767354368,34.75204271182623,-87.90721577084021,+proj=laea +lat_0=38 +lon_0=-98 +units=m +a=6370997.0 +ellps=sphere ,384.0,384.0,384000.0,384000.0,0.0,254.0,0.0
S787557,vil/2018/SEVIR_VIL_STORMEVENTS_2018_0701_1231.h5,784,vil,2018-09-12 15:29:00,-119:-114:-109:-104:-99:-94:-89:-84:-79:-74:-69:-64:-59:-54:-49:-44:-39:-34:-29:-24:-19:-14:-9:-4:1:6:11:16:21:26:31:36:41:46:51:56:61:66:71:76:81:86:91:96:101:106:111:116:121,131644.0,787557.0,Flood,25.97114533927293,-99.47243156371596,29.42204661884913,-95.5698024894568,+proj=laea +lat_0=38 +lon_0=-98 +units=m +a=6370997.0 +ellps=sphere ,384.0,384.0,384000.0,384000.0,0.0,243.0,0.0
S776826,vil/2018/SEVIR_VIL_STORMEVENTS_2018_0701_1231.h5,786,vil,2018-07-21 07:10:00,-120:-115:-110:-105:-100:-95:-90:-85:-80:-75:-70:-65:-60:-55:-50:-45:-40:-35:-30:-25:-20:-15:-10:-5:0:5:10:15:20:25:30:35:40:45:50:55:60:65:70:75:80:85:90:95:100:105:110:115:120,128299.0,776826.0,Thunderstorm Wind,33.19680310424255,-86.90506459228891,36.11258745936641,-82.15558904633316,+proj=laea +lat_0=38 +lon_0=-98 +units=m +a=6370997.0 +ellps=sphere ,384.0,384.0,384000.0,384000.0,0.0,254.0,0.0
S777270,vil/2018/SEVIR_VIL_STORMEVENTS_2018_0701_1231.h5,805,vil,2018-07-21 06:42:00,-122:-117:-112:-107:-102:-97:-92:-87:-82:-77:-72:-67:-62:-57:-52:-47:-42:-37:-32:-27:-22:-17:-12:-7:-2:3:8:13:18:23:28:33:38:43:48:53:58:63:68:73:78:83:88:93:98:103:108:113:118,129752.0,777270.0,Thunderstorm Wind,34.419212415906486,-87.8169423478128,37.36901896661274,-83.0178367347599,+proj=laea +lat_0=38 +lon_0=-98 +units=m +a=6370997.0 +ellps=sphere ,384.0,384.0,384000.0,384000.0,0.0,254.0,0.0
S767072,vil/2018/SEVIR_VIL_STORMEVENTS_2018_0701_1231.h5,817,vil,2018-07-29 17:00:00,-120:-115:-110:-105:-100:-95:-90:-85:-80:-75:-70:-65:-60:-55:-50:-45:-40:-35:-30:-25:-20:-15:-10:-5:0:5:10:15:20:25:30:35:40:45:50:55:60:65:70:75:80:85:90:95:100:105:110:115:120,127878.0,767072.0,Heavy Rain,32.51159821499079,-83.69400601347999,35.28636921413634,-78.87107532125455,+proj=laea +lat_0=38 +lon_0=-98 +units=m +a=6370997.0 +ellps=sphere ,384.0,384.0,384000.0,384000.0,0.0,254.0,0.0
S787598,vil/2018/SEVIR_VIL_STORMEVENTS_2018_0701_1231.h5,821,vil,2018-09-15 04:40:00,-120:-115:-110:-105:-100:-95:-90:-85:-80:-75:-70:-65:-60:-55:-50:-45:-40:-35:-30:-25:-20:-15:-10:-5:0:5:10:15:20:25:30:35:40:45:50:55:60:65:70:75:80:85:90:95:100:105:110:115:120,131653.0,787598.0,Flood,26.06234310827169,-99.41394894292672,29.510825319662533,-95.50567136139028,+proj=laea +lat_0=38 +lon_0=-98 +units=m +a=6370997.0 +ellps=sphere ,384.0,384.0,384000.0,384000.0,0.0,235.0,0.0
S785159,vil/2018/SEVIR_VIL_STORMEVENTS_2018_0701_1231.h5,829,vil,2018-09-24 13:28:00,-118:-113:-108:-103:-98:-93:-88:-83:-78:-73:-68:-63:-58:-53:-48:-43:-38:-33:-28:-23:-18:-13:-8:-3:2:7:12:17:22:27:32:37:42:47:52:57:62:67:72:77:82:87:92:97:102:107:112:117:122,131229.0,785159.0,Lightning,28.85306382091145,-89.03692996357587,31.884983223563854,-84.63476048588926,+proj=laea +lat_0=38 +lon_0=-98 +units=m +a=6370997.0 +ellps=sphere ,384.0,384.0,384000.0,384000.0,0.0,241.0,0.0
S777954,vil/2018/SEVIR_VIL_STORMEVENTS_2018_0701_1231.h5,831,vil,2018-08-09 21:03:00,-118:-113:-108:-103:-98:-93:-88:-83:-78:-73:-68:-63:-58:-53:-48:-43:-38:-33:-28:-23:-18:-13:-8:-3:2:7:12:17:22:27:32:37:42:47:52:57:62:67:72:77:82:87:92:97:102:107:112:117:122,129822.0,777954.0,Thunderstorm Wind,32.77410063503535,-86.83093042883014,35.688946915596844,-82.10738650353541,+proj=laea +lat_0=38 +lon_0=-98 +units=m +a=6370997.0 +ellps=sphere ,384.0,384.0,384000.0,384000.0,0.0,254.0,0.0
S786320,vil/2018/SEVIR_VIL_STORMEVENTS_2018_0701_1231.h5,832,vil,2018-08-18 23:58:00,-118:-113:-108:-103:-98:-93:-88:-83:-78:-73:-68:-63:-58:-53:-48:-43:-38:-33:-28:-23:-18:-13:-8:-3:2:7:12:17:22:27:32:37:42:47:52:57:62:67:72:77:82:87:92:97:102:107:112:117:122,131402.0,786320.0,Thunderstorm Wind,32.60865321989412,-113.6243790008988,36.51581567911134,-110.041115629206,+proj=laea +lat_0=38 +lon_0=-98 +units=m +a=6370997.0 +ellps=sphere ,384.0,384.0,384000.0,384000.0,0.0,254.0,0.0
S762846,ir107/2018/SEVIR_IR107_STORMEVENTS_2018_0701_1231.h5,1,ir107,2018-08-01 02:41:00,-121:-116:-111:-106:-101:-96:-91:-86:-81:-76:-71:-66:-61:-56:-51:-46:-41:-36:-31:-26:-21:-16:-11:-6:-1:4:9:14:19:24:29:34:39:44:49:54:59:64:69:74:79:84:89:94:99:104:109:114:119,127107.0,762846.0,Hail,33.376661227651326,-108.5323953035964,37.12599943312291,-104.68526390219748,+proj=laea +lat_0=38 +lon_0=-98 +units=m +a=6370997.0 +ellps=sphere ,192.0,192.0,384000.0,384000.0,-77.48009490966797,31.55842590332031,0.0
S769502,ir107/2018/SEVIR_IR107_STORMEVENTS_2018_0701_1231.h5,3,ir107,2018-07-17 18:02:00,-122:-117:-117:-107:-102:-97:-92:-87:-87:-77:-77:-67:-62:-57:-52:-47:-42:-37:-32:-27:-22:-17:-12:-7:-2:3:8:13:18:18:28:33:38:43:48:53:58:63:68:73:78:83:88:93:98:103:108:113:118,128298.0,769502.0,Thunderstorm Wind,30.97101565293141,-84.70868476766039,33.8020783419911,-80.02607668892287,+proj=laea +lat_0=38 +lon_0=-98 +units=m +a=6370997.0 +ellps=sphere ,192.0,192.0,384000.0,384000.0,-79.92147064208984,28.520038604736328,0.0
S773841,ir107/2018/SEVIR_IR107_STORMEVENTS_2018_0701_1231.h5,22,ir107,2018-08-07 23:00:00,-120:-115:-110:-105:-100:-95:-90:-85:-80:-75:-70:-65:-60:-55:-50:-45:-40:-35:-30:-25:-20:-15:-10:-5:0:5:10:15:20:25:30:35:40:45:50:55:60:65:70:75:80:85:90:95:100:105:110:115:120,129109.0,773841.0,Hail,39.29163039076104,-106.59261516097222,42.97924811576432,-102.34981546091517,+proj=laea +lat_0=38 +lon_0=-98 +units=m +a=6370997.0 +ellps=sphere ,192.0,192.0,384000.0,384000.0,-68.2996826171875,38.94941711425781,0.0
S777840,ir107/2018/SEVIR_IR107_STORMEVENTS_2018_0701_1231.h5,23,ir107,2018-08-31 21:57:00,-122:-117:-112:-107:-102:-97:-92:-87:-82:-77:-72:-67:-62:-57:-52:-47:-42:-37:-32:-27:-22:-17:-12:-7:-2:3:8:13:18:23:28:33:38:43:48:53:58:63:68:73:78:83:88:93:98:103:108:113:118,129841.0,777840.0,Thunderstorm Wind,29.638096162549303,-86.38308746303684,32.55179100053444,-81.84273670294104,+proj=laea +lat_0=38 +lon_0=-98 +units=m +a=6370997.0 +ellps=sphere ,192.0,192.0,384000.0,384000.0,-75.65930938720703,27.860145568847656,0.0
S773812,ir107/2018/SEVIR_IR107_STORMEVENTS_2018_0701_1231.h5,25,ir107,2018-07-15 18:02:00,-122:-117:-112:-107:-102:-97:-92:-87:-82:-77:-72:-67:-62:-57:-52:-47:-42:-37:-32:-27:-22:-17:-12:-7:-2:3:8:13:18:23:28:33:38:43:48:53:58:63:68:73:78:83:88:93:98:103:108:113:118,129100.0,773812.0,Thunderstorm Wind,38.363461738897655,-82.8571674927948,41.06072573014505,-77.53712667713226,+proj=laea +lat_0=38 +lon_0=-98 +units=m +a=6370997.0 +ellps=sphere ,192.0,192.0,384000.0,384000.0,-67.10516357421875,30.10938835144043,0.0
S788921,ir107/2018/SEVIR_IR107_STORMEVENTS_2018_0701_1231.h5,30,ir107,2018-10-09 17:10:00,-120:-115:-110:-105:-100:-95:-90:-85:-80:-75:-70:-65:-60:-55:-50:-45:-40:-35:-30:-25:-20:-15:-10:-5:0:5:10:15:20:25:30:35:40:45:50:55:60:65:70:75:80:80:90:95:100:105:110:115:120,131601.0,788921.0,Thunderstorm Wind,34.47327457456589,-97.56384707664404,37.82912436657684,-93.1692549903219,+proj=laea +lat_0=38 +lon_0=-98 +units=m +a=6370997.0 +ellps=sphere ,192.0,192.0,384000.0,384000.0,-62.60899353027344,19.43379211425781,0.0
S770190,ir107/2018/SEVIR_IR107_STORMEVENTS_2018_0701_1231.h5,31,ir107,2018-07-29 21:40:00,-120:-115:-110:-105:-100:-95:-90:-85:-80:-75:-70:-65:-60:-55:-50:-45:-40:-35:-30:-25:-20:-15:-10:-5:0:5:10:15:20:25:30:35:40:45:50:55:60:65:70:75:80:85:90:95:100:105:110:115:120,128386.0,770190.0,Hail,42.22109226181513,-105.68264687425771,45.88023357991612,-101.1971430107635,+proj=laea +lat_0=38 +lon_0=-98 +units=m +a=6370997.0 +ellps=sphere ,192.0,192.0,384000.0,384000.0,-63.7643928527832,31.81515312194824,0.0
S774267,ir107/2018/SEVIR_IR107_STORMEVENTS_2018_0701_1231.h5,34,ir107,2018-09-17 20:58:00,-118:-113:-108:-103:-98:-93:-88:-83:-78:-73:-68:-63:-58:-53:-48:-43:-38:-33:-28:-23:-18:-13:-8:-3:2:7:12:17:22:27:32:37:42:47:52:57:62:67:72:77:82:87:92:97:102:107:112:117:122,129199.0,774267.0,Hail,27.839370442158927,-92.64747512096784,31.024238540729595,-88.42485268315625,+proj=laea +lat_0=38 +lon_0=-98 +units=m +a=6370997.0 +ellps=sphere ,192.0,192.0,384000.0,384000.0,-64.45880889892578,32.23545455932617,0.0
S785304,ir107/2018/SEVIR_IR107_STORMEVENTS_2018_0701_1231.h5,36,ir107,2018-09-01 23:05:00,-120:-115:-110:-105:-100:-95:-90:-85:-80:-75:-70:-65:-60:-55:-50:-45:-40:-35:-30:-25:-20:-15:-10:-5:0:5:10:15:20:25:30:35:40:45:50:55:60:65:70:75:80:85:90:95:100:105:110:115:120,131250.0,785304.0,Thunderstorm Wind,33.13436773024465,-103.88519975336072,36.72644343670497,-99.8402133103246,+proj=laea +lat_0=38 +lon_0=-98 +units=m +a=6370997.0 +ellps=sphere ,192.0,192.0,384000.0,384000.0,-76.01399230957031,35.50617980957031,0.0
S773138,ir107/2018/SEVIR_IR107_STORMEVENTS_2018_0701_1231.h5,47,ir107,2018-07-10 16:13:00,-118:-113:-108:-103:-98:-93:-88:-83:-78:-73:-68:-63:-58:-53:-48:-43:-38:-33:-28:-23:-18:-13:-8:-3:2:7:12:17:22:27:32:37:42:47:52:57:62:67:72:77:82:87:92:97:102:107:112:117:122,128937.0,773138.0,Hail,41.4344481546619,-97.40048600424048,44.77310086845215,-92.506700393352,+proj=laea +lat_0=38 +lon_0=-98 +units=m +a=6370997.0 +ellps=sphere ,192.0,192.0,384000.0,384000.0,-71.61402893066406,30.175893783569336,0.0
S774130,ir107/2018/SEVIR_IR107_STORMEVENTS_2018_0701_1231.h5,49,ir107,2018-07-30 01:20:00,-120:-115:-110:-105:-100:-95:-90:-85:-80:-75:-70:-65:-60:-55:-50:-45:-40:-35:-30:-25:-20:-15:-10:-5:0:5:10:15:20:25:30:35:40:45:50:55:60:65:70:75:80:85:90:95:100:105:110:115:120,129169.0,774130.0,Thunderstorm Wind,33.14232614020903,-102.96080000141488,36.70167513549979,-98.87487789327842,+proj=laea +lat_0=38 +lon_0=-98 +units=m +a=6370997.0 +ellps=sphere ,192.0,192.0,384000.0,384000.0,-69.24509429931639,34.969249725341804,0.0
S798658,ir107/2018/SEVIR_IR107_STORMEVENTS_2018_0701_1231.h5,53,ir107,2018-12-18 21:50:00,-120:-115:-110:-105:-100:-95:-90:-85:-80:-75:-70:-65:-60:-55:-50:-45:-40:-35:-30:-25:-20:-15:-10:-5:0:5:10:15:20:25:30:35:40:45:50:55:60:65:70:75:80:85:90:95:100:105:110:115:120,133456.0,798658.0,Tornado,45.37943397085625,-124.29876191015016,49.612842944702,-120.91036761288254,+proj=laea +lat_0=38 +lon_0=-98 +units=m +a=6370997.0 +ellps=sphere ,192.0,192.0,384000.0,384000.0,-45.46566009521485,8.092184066772461,0.0
S772930,ir107/2018/SEVIR_IR107_STORMEVENTS_2018_0701_1231.h5,67,ir107,2018-08-15 22:34:00,-119:-114:-109:-104:-99:-94:-89:-84:-79:-74:-69:-64:-59:-54:-49:-44:-39:-34:-29:-24:-19:-14:-9:-4:1:6:11:16:21:26:31:36:41:46:51:56:61:66:71:76:81:86:91:96:101:106:111:116:121,128898.0,772930.0,Hail,39.73345230352981,-103.73477099714889,43.31899275219804,-99.30892417822405,+proj=laea +lat_0=38 +lon_0=-98 +units=m +a=6370997.0 +ellps=sphere ,192.0,192.0,384000.0,384000.0,-61.25251388549805,40.02212142944336,0.0
S782580,ir107/2018/SEVIR_IR107_STORMEVENTS_2018_0701_1231.h5,69,ir107,2018-08-08 18:06:00,-121:-116:-111:-106:-101:-96:-91:-86:-81:-76:-71:-66:-61:-56:-51:-46:-41:-36:-31:-26:-21:-16:-11:-6:-1:4:9:14:19:24:29:34:39:44:49:54:59:64:69:74:79:84:89:94:99:104:109:114:119,128098.0,782580.0,Thunderstorm Wind,34.97116000908429,-82.9684929251319,37.695780064027375,-77.93689032278797,+proj=laea +lat_0=38 +lon_0=-98 +units=m +a=6370997.0 +ellps=sphere ,192.0,192.0,384000.0,384000.0,-70.14589691162111,30.33333969116211,0.0
S786069,ir107/2018/SEVIR_IR107_STORMEVENTS_2018_0701_1231.h5,74,ir107,2018-08-04 21:38:00,-118:-113:-108:-103:-98:-93:-88:-83:-78:-73:-68:-63:-58:-53:-48:-43:-38:-33:-28:-23:-18:-13:-8:-3:2:7:12:17:22:27:32:37:42:47:52:57:62:67:72:77:82:87:92:97:102:107:112:117:122,131366.0,786069.0,Hail,39.31917179623249,-105.07713838746508,42.95318861080536,-100.75038735310412,+proj=laea +lat_0=38 +lon_0=-98 +units=m +a=6370997.0 +ellps=sphere ,192.0,192.0,384000.0,384000.0,-62.8753662109375,46.40210723876953,0.0
S776786,ir107/2018/SEVIR_IR107_STORMEVENTS_2018_0701_1231.h5,77,ir107,2018-07-13 04:25:00,-120:-115:-110:-105:-100:-95:-90:-85:-80:-75:-70:-65:-60:-55:-50:-45:-40:-35:-30:-25:-20:-15:-10:-5:0:5:10:15:20:25:30:35:40:45:50:55:60:65:70:75:80:85:90:95:100:105:110:115:120,129692.0,776786.0,Thunderstorm Wind,30.184037048696137,-112.52428920735188,34.05771185873241,-108.96972644870026,+proj=laea +lat_0=38 +lon_0=-98 +units=m +a=6370997.0 +ellps=sphere ,192.0,192.0,384000.0,384000.0,-70.26658630371094,23.795095443725582,0.0
S772806,ir107/2018/SEVIR_IR107_STORMEVENTS_2018_0701_1231.h5,79,ir107,2018-07-17 16:37:00,-122:-117:-112:-107:-102:-97:-92:-87:-82:-77:-72:-67:-62:-57:-52:-47:-42:-37:-32:-32:-22:-17:-12:-7:-2:-2:8:8:18:23:28:33:38:43:48:53:58:63:68:73:78:83:88:93:98:103:103:113:118,128839.0,772806.0,Flash Flood,41.17324658571052,-101.3690064459967,44.67015196519095,-96.71225601466809,+proj=laea +lat_0=38 +lon_0=-98 +units=m +a=6370997.0 +ellps=sphere ,192.0,192.0,384000.0,384000.0,-55.92840576171875,34.27943801879883,0.0
S793422,ir107/2018/SEVIR_IR107_STORMEVENTS_2018_0701_1231.h5,90,ir107,2018-12-01 05:17:00,-122:-117:-112:-107:-102:-97:-92:-87:-82:-77:-72:-67:-62:-57:-52:-47:-42:-37:-32:-27:-22:-17:-12:-7:-2:3:8:13:18:23:28:33:38:43:48:53:58:63:68:73:78:83:88:93:98:103:108:113:118,132590.0,793422.0,Thunderstorm Wind,31.34119978721981,-97.87385736668806,34.71654098287048,-93.66704864234109,+proj=laea +lat_0=38 +lon_0=-98 +units=m +a=6370997.0 +ellps=sphere ,192.0,192.0,384000.0,384000.0,-62.18237686157226,17.46607780456543,0.0
S774573,ir107/2018/SEVIR_IR107_STORMEVENTS_2018_0701_1231.h5,94,ir107,2018-08-16 23:26:00,-121:-116:-111:-106:-101:-96:-91:-86:-81:-76:-71:-66:-61:-56:-51:-46:-41:-36:-31:-26:-21:-16:-11:-6:-1:4:9:14:19:24:29:34:39:44:49:54:59:64:69:74:79:84:89:94:99:104:109:114:119,129260.0,774573.0,Thunderstorm Wind,36.21759844832335,-97.37583315064694,39.56256935624436,-92.863945620163,+proj=laea +lat_0=38 +lon_0=-98 +units=m +a=6370997.0 +ellps=sphere ,192.0,192.0,384000.0,384000.0,-80.96208953857422,28.36167907714844,0.0
S786131,ir107/2018/SEVIR_IR107_STORMEVENTS_2018_0701_1231.h5,104,ir107,2018-09-07 22:20:00,-120:-115:-110:-105:-100:-95:-90:-85:-80:-75:-70:-65:-60:-55:-50:-45:-40:-35:-30:-25:-20:-15:-10:-5:0:5:10:15:20:25:30:35:40:45:50:55:60:65:70:75:80:85:90:95:100:105:110:115:120,131375.0,786131.0,Flash Flood,30.16565561793068,-101.61256373369714,33.681572204683235,-97.6112069791722,+proj=laea +lat_0=38 +lon_0=-98 +units=m +a=6370997.0 +ellps=sphere ,192.0,192.0,384000.0,384000.0,-75.02094268798828,24.267547607421875,0.0
S766248,ir107/2018/SEVIR_IR107_STORMEVENTS_2018_0701_1231.h5,105,ir107,2018-08-19 09:35:00,-120:-115:-110:-105:-100:-95:-90:-85:-80:-75:-70:-65:-60:-55:-50:-45:-40:-35:-30:-25:-20:-15:-10:-5:0:5:10:15:20:25:30:35:40:45:50:55:60:65:70:75:80:85:90:95:100:105:110:115:120,127792.0,766248.0,Thunderstorm Wind,45.59426007046303,-100.23172525579275,49.04785116214448,-95.13121358990672,+proj=laea +lat_0=38 +lon_0=-98 +units=m +a=6370997.0 +ellps=sphere ,192.0,192.0,384000.0,384000.0,-73.8714828491211,14.449101448059082,0.0
S772953,ir107/2018/SEVIR_IR107_STORMEVENTS_2018_0701_1231.h5,114,ir107,2018-09-01 03:15:00,-120:-115:-110:-105:-100:-95:-90:-85:-80:-75:-70:-65:-60:-55:-50:-45:-40:-35:-30:-25:-20:-15:-10:-5:0:5:10:15:20:25:30:35:40:45:50:55:60:65:70:75:80:85:90:95:100:105:110:115:120,128900.0,772953.0,Thunderstorm Wind,38.94219770630479,-103.32278684287265,42.51227440056154,-98.92652490296145,+proj=laea +lat_0=38 +lon_0=-98 +units=m +a=6370997.0 +ellps=sphere ,192.0,192.0,384000.0,384000.0,-75.291015625,19.667469024658203,0.0816326530612244
S757965,ir107/2018/SEVIR_IR107_STORMEVENTS_2018_0701_1231.h5,116,ir107,2018-07-04 17:38:00,-118:-113:-108:-103:-98:-93:-88:-83:-78:-73:-68:-63:-58:-53:-48:-43:-38:-33:-28:-23:-18:-13:-8:-3:2:7:12:17:22:27:32:37:42:47:52:57:62:67:72:77:82:87:92:97:102:107:112:117:122,126438.0,757965.0,Thunderstorm Wind,37.10392240131663,-81.20699081833037,39.7292484250836,-75.93042966924381,+proj=laea +lat_0=38 +lon_0=-98 +units=m +a=6370997.0 +ellps=sphere ,192.0,192.0,384000.0,384000.0,-78.82342529296875,30.89101791381836,0.0
S762253,ir107/2018/SEVIR_IR107_STORMEVENTS_2018_0701_1231.h5,119,ir107,2018-07-30 02:16:00,-121:-116:-111:-106:-101:-96:-91:-86:-81:-76:-71:-66:-61:-56:-51:-46:-41:-36:-31:-26:-21:-16:-11:-6:-1:4:9:14:19:24:29:34:39:44:49:54:59:64:69:74:79:84:89:94:99:104:109:114:119,127191.0,762253.0,Hail,37.88558216582405,-106.33389025376565,41.56289478588749,-102.15872399047755,+proj=laea +lat_0=38 +lon_0=-98 +units=m +a=6370997.0 +ellps=sphere ,192.0,192.0,384000.0,384000.0,-77.29827117919922,22.72808265686035,0.0
S775120,ir107/2018/SEVIR_IR107_STORMEVENTS_2018_0701_1231.h5,127,ir107,2018-08-17 19:17:00,-122:-117:-112:-107:-102:-97:-92:-87:-82:-77:-72:-67:-62:-57:-52:-47:-42:-37:-32:-27:-22:-17:-12:-7:-2:3:8:13:18:23:28:33:38:43:48:53:58:63:68:73:78:83:88:93:98:103:108:113:118,129357.0,775120.0,Thunderstorm Wind,37.54325886228846,-81.1058983081945,40.1605133644854,-75.78672375239721,+proj=laea +lat_0=38 +lon_0=-98 +units=m +a=6370997.0 +ellps=sphere ,192.0,192.0,384000.0,384000.0,-72.52032470703125,28.81443214416504,0.0
S782131,ir107/2018/SEVIR_IR107_STORMEVENTS_2018_0701_1231.h5,144,ir107,2018-08-11 21:11:00,-121:-116:-111:-106:-101:-96:-91:-86:-81:-76:-71:-66:-61:-56:-51:-46:-41:-36:-31:-26:-21:-16:-11:-6:-1:4:9:14:19:24:29:34:39:44:49:54:59:64:69:74:79:84:89:94:99:104:109:114:119,130700.0,782131.0,Thunderstorm Wind,35.597109285641025,-78.77093030092973,38.11364723254743,-73.52806425009497,+proj=laea +lat_0=38 +lon_0=-98 +units=m +a=6370997.0 +ellps=sphere ,192.0,192.0,384000.0,384000.0,-76.9505615234375,25.933277130126957,0.0
S771767,ir107/2018/SEVIR_IR107_STORMEVENTS_2018_0701_1231.h5,168,ir107,2018-07-27 17:28:00,-118:-113:-108:-103:-98:-93:-88:-88:-78:-73:-68:-63:-58:-53:-48:-43:-38:-33:-28:-23:-18:-13:-8:-3:2:7:12:17:22:27:32:37:42:47:52:57:62:67:72:77:82:87:92:97:102:107:112:117:122,128650.0,771767.0,Hail,41.49194664069912,-76.6510068611427,43.85007460285249,-70.75727238786341,+proj=laea +lat_0=38 +lon_0=-98 +units=m +a=6370997.0 +ellps=sphere ,192.0,192.0,384000.0,384000.0,-57.69425964355469,27.69511795043945,0.0
S780148,ir107/2018/SEVIR_IR107_STORMEVENTS_2018_0701_1231.h5,174,ir107,2018-08-06 21:15:00,-120:-115:-110:-105:-100:-95:-90:-85:-80:-75:-70:-70:-70:-55:-50:-45:-40:-35:-30:-25:-20:-15:-10:-5:0:5:10:15:20:25:30:35:40:45:50:55:60:65:70:75:80:85:90:95:100:105:110:115:120,130310.0,780148.0,Thunderstorm Wind,34.17639942391229,-81.92145269681849,36.85688927615511,-76.91101844404595,+proj=laea +lat_0=38 +lon_0=-98 +units=m +a=6370997.0 +ellps=sphere ,192.0,192.0,384000.0,384000.0,-72.43699645996094,28.831195831298828,0.0
S764552,ir107/2018/SEVIR_IR107_STORMEVENTS_2018_0701_1231.h5,194,ir107,2018-07-14 00:55:00,-120:-115:-110:-105:-100:-95:-90:-85:-80:-75:-70:-65:-60:-55:-50:-45:-40:-35:-30:-25:-20:-15:-10:-5:0:5:10:15:20:25:30:35:40:45:50:55:60:65:70:75:80:85:90:95:100:105:110:115:120,127423.0,764552.0,Thunderstorm Wind,41.33746775598095,-91.9115546282838,44.441740115682336,-86.74010581926483,+proj=laea +lat_0=38 +lon_0=-98 +units=m +a=6370997.0 +ellps=sphere ,192.0,192.0,384000.0,384000.0,-78.43828582763672,28.69804954528809,0.0
S767497,ir107/2018/SEVIR_IR107_STORMEVENTS_2018_0701_1231.h5,199,ir107,2018-08-09 21:42:00,-122:-117:-112:-107:-102:-97:-92:-87:-82:-77:-72:-67:-62:-57:-52:-47:-42:-37:-32:-27:-22:-17:-12:-7:-2:3:8:13:18:23:28:33:38:43:48:53:58:63:68:73:78:83:88:93:98:103:108:113:118,127961.0,767497.0,Thunderstorm Wind,32.03208857346073,-84.2038149594904,34.83335938588288,-79.43259153918571,+proj=laea +lat_0=38 +lon_0=-98 +units=m +a=6370997.0 +ellps=sphere ,192.0,192.0,384000.0,384000.0,-77.14029693603516,27.430768966674805,0.0
S780225,ir107/2018/SEVIR_IR107_STORMEVENTS_2018_0701_1231.h5,211,ir107,2018-08-04 22:17:00,-122:-117:-112:-107:-102:-97:-92:-87:-82:-77:-72:-67:-62:-57:-52:-47:-42:-37:-32:-27:-22:-17:-12:-7:-2:3:8:13:18:23:28:33:38:43:48:53:58:63:68:73:78:83:88:93:98:103:108:113:118,130322.0,780225.0,Thunderstorm Wind,41.69136374868008,-76.43330208801244,44.03612656278332,-70.50837405388376,+proj=laea +lat_0=38 +lon_0=-98 +units=m +a=6370997.0 +ellps=sphere ,192.0,192.0,384000.0,384000.0,-55.2474365234375,26.247419357299805,0.0
S777403,ir107/2018/SEVIR_IR107_STORMEVENTS_2018_0701_1231.h5,214,ir107,2018-07-29 17:45:00,-120:-115:-110:-105:-100:-95:-90:-85:-80:-75:-70:-65:-60:-55:-50:-45:-40:-35:-30:-25:-20:-15:-10:-5:0:5:10:15:20:25:30:35:40:45:50:55:60:65:70:75:80:85:90:95:100:105:110:115:120,129779.0,777403.0,Hail,44.844028539618414,-87.40552189730782,47.7273181426449,-81.64096378321615,+proj=laea +lat_0=38 +lon_0=-98 +units=m +a=6370997.0 +ellps=sphere ,192.0,192.0,384000.0,384000.0,-58.7335205078125,27.094884872436523,0.0
S779520,ir107/2018/SEVIR_IR107_STORMEVENTS_2018_0701_1231.h5,217,ir107,2018-10-01 00:24:00,-119:-114:-109:-104:-99:-94:-89:-84:-79:-74:-69:-64:-59:-54:-49:-44:-39:-34:-29:-24:-19:-14:-9:-4:1:6:11:16:21:26:31:36:41:46:51:56:61:66:71:76:81:86:91:96:101:106:111:116:121,130174.0,779520.0,Thunderstorm Wind,30.798506734797822,-117.32280869458988,34.809322048261464,-113.96050677834457,+proj=laea +lat_0=38 +lon_0=-98 +units=m +a=6370997.0 +ellps=sphere ,192.0,192.0,384000.0,384000.0,-72.98014831542969,26.06605339050293,0.0
S779212,ir107/2018/SEVIR_IR107_STORMEVENTS_2018_0701_1231.h5,227,ir107,2018-08-07 01:05:00,-120:-115:-110:-105:-100:-95:-90:-85:-80:-75:-70:-65:-60:-55:-50:-45:-40:-35:-30:-25:-20:-15:-10:-5:0:5:10:15:20:25:30:35:40:45:50:55:60:65:70:75:80:85:90:95:100:105:110:115:120,130124.0,779212.0,Thunderstorm Wind,38.08657159988667,-97.10874821362204,41.41764239846478,-92.4571447373174,+proj=laea +lat_0=38 +lon_0=-98 +units=m +a=6370997.0 +ellps=sphere ,192.0,192.0,384000.0,384000.0,-72.5015869140625,27.51300430297852,0.0
S758593,ir107/2018/SEVIR_IR107_STORMEVENTS_2018_0701_1231.h5,228,ir107,2018-07-03 03:22:00,-122:-117:-112:-107:-102:-97:-92:-87:-82:-77:-72:-67:-62:-57:-52:-47:-42:-37:-32:-27:-22:-17:-12:-7:-2:3:8:13:18:23:28:33:38:43:48:53:58:63:68:73:78:83:88:93:98:103:108:113:118,126563.0,758593.0,Hail,45.15874525460535,-99.0692586378083,48.56457515490892,-93.9383936147692,+proj=laea +lat_0=38 +lon_0=-98 +units=m +a=6370997.0 +ellps=sphere ,192.0,192.0,384000.0,384000.0,-70.23770904541016,21.167680740356445,0.0
S786552,ir107/2018/SEVIR_IR107_STORMEVENTS_2018_0701_1231.h5,234,ir107,2018-09-21 22:20:00,-120:-115:-110:-105:-100:-95:-90:-85:-80:-75:-70:-65:-60:-55:-50:-45:-40:-35:-30:-25:-20:-15:-10:-5:0:5:10:15:20:25:30:35:40:45:50:55:60:65:70:75:80:85:90:95:100:105:110:115:120,131456.0,786552.0,Thunderstorm Wind,41.29926733099684,-81.18548402694118,43.89434665065517,-75.50819443847091,+proj=laea +lat_0=38 +lon_0=-98 +units=m +a=6370997.0 +ellps=sphere ,192.0,192.0,384000.0,384000.0,-63.57649230957031,24.115215301513672,0.0
S775287,ir107/2018/SEVIR_IR107_STORMEVENTS_2018_0701_1231.h5,238,ir107,2018-09-04 19:57:00,-122:-117:-112:-107:-102:-97:-92:-87:-82:-77:-72:-67:-62:-57:-52:-47:-42:-37:-32:-27:-22:-17:-12:-7:-2:3:8:13:18:23:28:33:38:43:48:53:58:63:68:73:78:83:88:93:98:103:108:113:118,129392.0,775287.0,Thunderstorm Wind,37.26324129750592,-79.61739109962669,39.80882323382571,-74.26348619323697,+proj=laea +lat_0=38 +lon_0=-98 +units=m +a=6370997.0 +ellps=sphere ,192.0,192.0,384000.0,384000.0,-70.70802307128906,30.711484909057607,0.0
S782061,ir107/2018/SEVIR_IR107_STORMEVENTS_2018_0701_1231.h5,239,ir107,2018-09-28 23:03:00,-118:-113:-108:-103:-98:-93:-88:-83:-78:-73:-68:-63:-58:-53:-48:-43:-38:-33:-28:-23:-18:-13:-8:-3:2:7:12:17:22:27:32:37:42:47:52:57:62:67:72:77:82:87:92:97:102:107:112:117:122,130671.0,782061.0,Thunderstorm Wind,28.358296124106413,-85.11705345819317,31.22493868139153,-80.60886804389969,+proj=laea +lat_0=38 +lon_0=-98 +units=m +a=6370997.0 +ellps=sphere ,192.0,192.0,384000.0,384000.0,-83.82965087890625,28.67305374145508,0.0
S761974,ir107/2018/SEVIR_IR107_STORMEVENTS_2018_0701_1231.h5,247,ir107,2018-07-16 02:57:00,-122:-117:-112:-107:-102:-97:-92:-87:-82:-77:-72:-67:-62:-57:-52:-47:-42:-37:-32:-27:-22:-17:-12:-7:-2:3:8:13:18:23:28:33:38:43:48:53:58:63:68:73:78:83:88:93:98:103:108:113:118,127135.0,761974.0,Hail,42.74792318975013,-107.44595236742327,46.47092843661082,-103.03037430317072,+proj=laea +lat_0=38 +lon_0=-98 +units=m +a=6370997.0 +ellps=sphere ,192.0,192.0,384000.0,384000.0,-62.81169509887695,24.84810447692871,0.0
S769249,ir107/2018/SEVIR_IR107_STORMEVENTS_2018_0701_1231.h5,250,ir107,2018-08-22 20:25:00,-120:-115:-110:-105:-100:-95:-90:-85:-80:-75:-70:-65:-60:-55:-50:-45:-40:-35:-30:-25:-20:-15:-10:-5:0:5:10:15:20:25:30:35:40:45:50:55:60:65:70:75:80:85:90:95:100:105:110:115:120,128250.0,769249.0,Funnel Cloud,25.64950637177566,-82.66085720369334,28.42785856394981,-78.22582642129939,+proj=laea +lat_0=38 +lon_0=-98 +units=m +a=6370997.0 +ellps=sphere ,192.0,192.0,384000.0,384000.0,-74.87615203857422,33.154747009277344,0.0
S760400,ir107/2018/SEVIR_IR107_STORMEVENTS_2018_0701_1231.h5,253,ir107,2018-07-26 03:19:00,-119:-114:-109:-104:-99:-94:-89:-84:-79:-74:-69:-64:-59:-54:-49:-44:-39:-34:-29:-24:-19:-14:-9:-4:1:6:11:16:21:26:31:36:41:46:51:56:61:66:71:76:81:86:91:96:101:106:111:116:121,126855.0,760400.0,Thunderstorm Wind,45.80817317114253,-114.216652855013,49.76596891998985,-110.048658843296,+proj=laea +lat_0=38 +lon_0=-98 +units=m +a=6370997.0 +ellps=sphere ,192.0,192.0,384000.0,384000.0,-56.51295852661133,24.01924705505371,0.0
S772444,ir107/2018/SEVIR_IR107_STORMEVENTS_2018_0701_1231.h5,258,ir107,2018-07-02 19:52:00,-122:-117:-112:-107:-102:-97:-92:-87:-82:-77:-72:-67:-62:-57:-52:-47:-42:-37:-32:-27:-22:-17:-12:-7:-2:3:8:13:18:23:28:33:38:43:48:53:58:63:68:73:78:83:88:93:98:103:108:113:118,128625.0,772444.0,Hail,39.12456242968295,-81.62715409971253,41.75656447454667,-76.18499711471004,+proj=laea +lat_0=38 +lon_0=-98 +units=m +a=6370997.0 +ellps=sphere ,192.0,192.0,384000.0,384000.0,-74.63396453857422,32.93664932250977,0.0
S773562,ir107/2018/SEVIR_IR107_STORMEVENTS_2018_0701_1231.h5,260,ir107,2018-07-10 05:30:00,-120:-115:-110:-105:-100:-95:-90:-85:-80:-75:-70:-65:-60:-55:-50:-45:-40:-35:-30:-25:-20:-15:-10:-5:0:5:10:15:20:25:30:35:40:45:50:55:60:65:70:75:80:85:90:95:100:105:110:115:120,129037.0,773562.0,Heavy Rain,34.17124813151407,-116.72578682978016,38.16936631895455,-113.24164976555528,+proj=laea +lat_0=38 +lon_0=-98 +units=m +a=6370997.0 +ellps=sphere ,192.0,192.0,384000.0,384000.0,-77.11001586914062,25.11687469482422,0.0
S787257,ir107/2018/SEVIR_IR107_STORMEVENTS_2018_0701_1231.h5,264,ir107,2018-09-26 16:15:00,-120:-115:-110:-105:-100:-95:-90:-85:-80:-75:-70:-65:-60:-55:-50:-45:-40:-35:-30:-25:-20:-15:-10:-5:0:5:10:15:20:25:30:35:40:45:50:55:60:65:70:75:80:85:90:95:100:105:110:115:120,131617.0,787257.0,Flash Flood,34.10495006725677,-86.95818930354557,37.01814842268076,-82.1473148863278,+proj=laea +lat_0=38 +lon_0=-98 +units=m +a=6370997.0 +ellps=sphere ,192.0,192.0,384000.0,384000.0,-72.33778381347656,23.86680793762207,0.0
S771106,ir107/2018/SEVIR_IR107_STORMEVENTS_2018_0701_1231.h5,267,ir107,2018-08-13 01:13:00,-118:-113:-108:-103:-98:-93:-88:-83:-78:-73:-68:-63:-58:-53:-48:-43:-38:-33:-28:-23:-18:-13:-8:-3:2:7:12:17:22:27:32:37:42:47:52:57:62:67:72:77:82:87:92:97:102:107:112:117:122,128526.0,771106.0,Thunderstorm Wind,31.38029476660371,-113.59654839889777,35.285936282853434,-110.05154157211794,+proj=laea +lat_0=38 +lon_0=-98 +units=m +a=6370997.0 +ellps=sphere ,192.0,192.0,384000.0,384000.0,-71.23101043701172,38.42687606811523,0.0
S760516,ir107/2018/SEVIR_IR107_STORMEVENTS_2018_0701_1231.h5,268,ir107,2018-07-27 18:26:00,-121:-116:-111:-106:-101:-96:-91:-86:-81:-76:-71:-66:-61:-56:-51:-46:-41:-36:-31:-26:-21:-16:-11:-6:-1:4:9:14:19:24:29:34:39:44:49:54:59:64:69:74:79:84:89:94:99:104:109:114:119,126873.0,760516.0,Thunderstorm Wind,36.74172494334191,-83.94299840083367,39.50110748633944,-78.80813173081066,+proj=laea +lat_0=38 +lon_0=-98 +units=m +a=6370997.0 +ellps=sphere ,192.0,192.0,384000.0,384000.0,-58.35477066040039,29.46541976928711,0.0
S774361,ir107/2018/SEVIR_IR107_STORMEVENTS_2018_0701_1231.h5,278,ir107,2018-09-02 00:35:00,-120:-115:-110:-105:-100:-95:-90:-85:-80:-75:-70:-65:-60:-55:-50:-45:-40:-35:-30:-25:-20:-15:-10:-5:0:5:10:15:20:25:30:35:40:45:50:55:60:65:70:75:80:85:90:95:100:105:110:115:120,129225.0,774361.0,Thunderstorm Wind,38.969517197406006,-98.64774357938272,42.36089995168,-94.00903881953406,+proj=laea +lat_0=38 +lon_0=-98 +units=m +a=6370997.0 +ellps=sphere ,192.0,192.0,384000.0,384000.0,-77.90007019042969,26.19943428039551,0.0
S774103,ir107/2018/SEVIR_IR107_STORMEVENTS_2018_0701_1231.h5,280,ir107,2018-07-20 02:16:00,-121:-116:-111:-106:-101:-96:-91:-86:-81:-76:-71:-66:-61:-56:-51:-46:-41:-36:-31:-26:-21:-16:-11:-6:-1:4:9:14:19:24:29:34:39:44:49:54:59:64:69:74:79:84:89:94:99:104:109:114:119,129151.0,774103.0,Thunderstorm Wind,35.23615105481346,-116.4371346256424,39.2279306258439,-112.90426665808268,+proj=laea +lat_0=38 +lon_0=-98 +units=m +a=6370997.0 +ellps=sphere ,192.0,192.0,384000.0,384000.0,-82.67453002929688,38.7284049987793,0.0
S768594,ir107/2018/SEVIR_IR107_STORMEVENTS_2018_0701_1231.h5,283,ir107,2018-08-13 21:42:00,-122:-117:-112:-107:-102:-97:-92:-87:-82:-77:-72:-67:-62:-57:-52:-47:-42:-37:-32:-27:-22:-17:-12:-7:-2:3:8:13:18:23:28:33:38:43:48:53:58:63:68:73:78:83:88:93:98:103:108:113:118,128152.0,768594.0,Hail,35.956396054763275,-82.0746218739806,38.631797345871135,-76.92937924208834,+proj=laea +lat_0=38 +lon_0=-98 +units=m +a=6370997.0 +ellps=sphere ,192.0,192.0,384000.0,384000.0,-52.03857040405274,28.13234901428223,0.0
S762664,ir107/2018/SEVIR_IR107_STORMEVENTS_2018_0701_1231.h5,287,ir107,2018-07-30 02:25:00,-120:-115:-110:-105:-100:-95:-90:-85:-80:-75:-70:-65:-60:-55:-50:-45:-40:-35:-30:-25:-20:-15:-10:-5:0:5:10:15:20:25:30:35:40:45:50:55:60:65:70:75:80:85:90:95:100:105:110:115:120,126989.0,762664.0,Thunderstorm Wind,38.90325873177961,-102.02326292429056,42.424982814131305,-97.5617267183302,+proj=laea +lat_0=38 +lon_0=-98 +units=m +a=6370997.0 +ellps=sphere ,192.0,192.0,384000.0,384000.0,-68.45258331298828,17.615234375,0.0
S771784,ir107/2018/SEVIR_IR107_STORMEVENTS_2018_0701_1231.h5,288,ir107,2018-07-24 22:30:00,-120:-115:-110:-105:-100:-95:-90:-85:-80:-75:-70:-65:-60:-55:-50:-45:-40:-35:-30:-25:-20:-15:-10:-5:0:5:10:15:20:25:30:35:40:45:50:55:60:65:70:75:80:85:90:95:100:105:110:115:120,128671.0,771784.0,Flash Flood,35.78400019484754,-113.32448265863218,39.68577474043096,-109.61146250710917,+proj=laea +lat_0=38 +lon_0=-98 +units=m +a=6370997.0 +ellps=sphere ,192.0,192.0,384000.0,384000.0,-63.77755355834961,49.42812347412109,0.0
S782192,ir107/2018/SEVIR_IR107_STORMEVENTS_2018_0701_1231.h5,293,ir107,2018-09-26 17:16:00,-121:-116:-111:-106:-101:-96:-91:-86:-81:-76:-71:-66:-61:-56:-51:-46:-41:-36:-31:-26:-21:-16:-11:-6:-1:4:9:14:19:24:29:34:39:44:49:54:59:64:69:74:79:84:89:94:99:104:109:114:119,130714.0,782192.0,Flash Flood,30.674039597710014,-92.29795886182258,33.83198422257158,-87.91156936668007,+proj=laea +lat_0=38 +lon_0=-98 +units=m +a=6370997.0 +ellps=sphere ,192.0,192.0,384000.0,384000.0,-76.4617919921875,24.45090675354004,0.0
S782038,ir107/2018/SEVIR_IR107_STORMEVENTS_2018_0701_1231.h5,295,ir107,2018-08-10 01:15:00,-120:-115:-110:-105:-100:-95:-90:-85:-80:-75:-70:-65:-60:-55:-50:-45:-40:-35:-30:-25:-20:-15:-10:-5:0:5:10:15:20:25:30:35:40:45:50:55:60:65:70:75:80:85:90:95:100:105:110:115:120,130660.0,782038.0,Thunderstorm Wind,31.329654344011328,-99.6187279830349,34.770509661217126,-95.48252553230172,+proj=laea +lat_0=38 +lon_0=-98 +units=m +a=6370997.0 +ellps=sphere ,192.0,192.0,384000.0,384000.0,-73.55682373046875,26.35658836364746,0.0
S780084,ir107/2018/SEVIR_IR107_STORMEVENTS_2018_0701_1231.h5,302,ir107,2018-08-14 18:35:00,-120:-115:-110:-105:-100:-95:-90:-85:-80:-75:-70:-65:-60:-55:-50:-45:-40:-35:-30:-25:-20:-15:-10:-5:0:5:10:15:20:25:30:35:40:45:50:55:60:65:70:75:80:85:90:95:100:105:110:115:120,130302.0,780084.0,Thunderstorm Wind,34.7144911491529,-80.40343523310645,37.31815310510815,-75.29398538964176,+proj=laea +lat_0=38 +lon_0=-98 +units=m +a=6370997.0 +ellps=sphere ,192.0,192.0,384000.0,384000.0,-62.45165252685547,29.888545989990234,0.0
S779146,ir107/2018/SEVIR_IR107_STORMEVENTS_2018_0701_1231.h5,306,ir107,2018-08-17 23:35:00,-120:-115:-110:-105:-100:-95:-90:-85:-80:-75:-70:-65:-60:-55:-50:-45:-40:-35:-30:-25:-20:-15:-10:-5:0:5:10:15:20:25:30:35:40:45:50:55:60:65:70:75:80:85:90:95:100:105:110:115:120,130101.0,779146.0,Flash Flood,32.48014594977145,-115.25344553167524,36.434566853844586,-111.75008889110964,+proj=laea +lat_0=38 +lon_0=-98 +units=m +a=6370997.0 +ellps=sphere ,192.0,192.0,384000.0,384000.0,-69.31730651855469,37.70924758911133,0.0
S763388,ir107/2018/SEVIR_IR107_STORMEVENTS_2018_0701_1231.h5,310,ir107,2018-08-04 21:30:00,-120:-115:-110:-105:-100:-95:-90:-85:-80:-75:-70:-65:-60:-55:-50:-45:-40:-35:-30:-25:-20:-15:-10:-5:0:5:10:15:20:25:30:35:40:45:50:55:60:65:70:75:80:85:90:95:100:105:110:115:120,127344.0,763388.0,Thunderstorm Wind,37.62117976544665,-86.90418997034645,40.51374931838957,-81.82112892857329,+proj=laea +lat_0=38 +lon_0=-98 +units=m +a=6370997.0 +ellps=sphere ,192.0,192.0,384000.0,384000.0,-55.14555740356445,32.680282592773445,0.0
S782133,ir107/2018/SEVIR_IR107_STORMEVENTS_2018_0701_1231.h5,313,ir107,2018-08-15 23:01:00,-121:-116:-111:-106:-101:-96:-91:-86:-81:-76:-71:-66:-61:-56:-51:-46:-41:-36:-31:-26:-21:-16:-11:-6:-1:4:9:14:19:24:29:34:39:44:49:54:59:64:69:74:79:84:89:94:99:104:109:114:119,130703.0,782133.0,Flash Flood,35.7917830098031,-107.08734780599964,39.4937535477074,-103.06092933465212,+proj=laea +lat_0=38 +lon_0=-98 +units=m +a=6370997.0 +ellps=sphere ,192.0,192.0,384000.0,384000.0,-69.793701171875,38.31563949584961,0.0
S762886,ir107/2018/SEVIR_IR107_STORMEVENTS_2018_0701_1231.h5,316,ir107,2018-08-02 01:14:00,-119:-114:-109:-104:-99:-94:-89:-84:-79:-74:-69:-64:-59:-54:-49:-44:-39:-34:-29:-24:-19:-14:-9:-4:1:6:11:16:21:26:31:36:41:46:51:56:61:66:71:76:81:86:91:96:101:106:111:116:121,127272.0,762886.0,Hail,33.03458125222226,-105.2977205697044,36.675791060287104,-101.31983273337907,+proj=laea +lat_0=38 +lon_0=-98 +units=m +a=6370997.0 +ellps=sphere ,192.0,192.0,384000.0,384000.0,-72.85224151611328,33.62636566162109,0.0
S776188,ir107/2018/SEVIR_IR107_STORMEVENTS_2018_0701_1231.h5,318,ir107,2018-07-20 11:55:00,-120:-115:-110:-105:-100:-95:-90:-85:-80:-75:-70:-65:-60:-55:-50:-45:-40:-35:-30:-25:-20:-15:-10:-5:0:5:10:15:20:25:30:35:40:45:50:55:60:65:70:75:80:85:90:95:100:105:110:115:120,128627.0,776188.0,Hail,35.722606308733674,-95.40794125718134,38.98983123581478,-90.83964956289698,+proj=laea +lat_0=38 +lon_0=-98 +units=m +a=6370997.0 +ellps=sphere ,192.0,192.0,384000.0,384000.0,-68.32522583007811,25.69147872924805,0.0
S768497,ir107/2018/SEVIR_IR107_STORMEVENTS_2018_0701_1231.h5,324,ir107,2018-08-12 18:20:00,-120:-115:-110:-105:-100:-95:-90:-85:-80:-75:-70:-65:-60:-55:-50:-45:-40:-35:-30:-25:-20:-15:-10:-5:0:5:10:15:20:25:30:35:40:45:50:55:60:65:70:75:80:85:90:95:100:105:110:115:120,128145.0,768497.0,Thunderstorm Wind,35.822274967717206,-82.55487283174733,38.52158656040653,-77.43949888181741,+proj=laea +lat_0=38 +lon_0=-98 +units=m +a=6370997.0 +ellps=sphere ,192.0,192.0,384000.0,384000.0,-66.44150543212889,26.300212860107425,0.0
S771722,ir107/2018/SEVIR_IR107_STORMEVENTS_2018_0701_1231.h5,332,ir107,2018-07-08 22:24:00,-119:-114:-109:-104:-99:-94:-89:-84:-79:-74:-69:-64:-59:-54:-49:-44:-39:-34:-29:-24:-19:-14:-9:-4:1:6:11:16:21:26:31:36:41:46:51:56:61:66:71:76:81:86:91:96:101:106:111:116:121,128658.0,771722.0,Thunderstorm Wind,33.61591912828933,-95.3664537039495,36.88718347968479,-90.92959211237414,+proj=laea +lat_0=38 +lon_0=-98 +units=m +a=6370997.0 +ellps=sphere ,192.0,192.0,384000.0,384000.0,-66.33610534667969,35.33686447143555,0.0
S773052,ir107/2018/SEVIR_IR107_STORMEVENTS_2018_0701_1231.h5,342,ir107,2018-07-05 01:30:00,-120:-115:-110:-105:-100:-95:-90:-85:-80:-75:-70:-65:-60:-55:-50:-45:-40:-35:-30:-25:-20:-15:-10:-5:0:5:10:15:20:25:30:35:40:45:50:55:60:65:70:75:80:85:90:95:100:105:110:115:120,128920.0,773052.0,Thunderstorm Wind,33.48950091532161,-90.48966779959362,36.55988035561581,-85.86125735076233,+proj=laea +lat_0=38 +lon_0=-98 +units=m +a=6370997.0 +ellps=sphere ,192.0,192.0,384000.0,384000.0,-81.72821807861328,28.39249992370605,0.0
S766450,ir107/2018/SEVIR_IR107_STORMEVENTS_2018_0701_1231.h5,345,ir107,2018-07-03 23:40:00,-120:-115:-110:-105:-100:-95:-90:-85:-80:-75:-70:-65:-60:-55:-50:-45:-40:-35:-30:-25:-20:-15:-10:-5:0:5:10:15:20:25:30:35:40:45:50:55:60:65:70:75:80:85:90:95:100:105:110:115:120,127347.0,766450.0,Hail,32.31356774321267,-84.74077898046292,35.1374197466659,-79.97011235427149,+proj=laea +lat_0=38 +lon_0=-98 +units=m +a=6370997.0 +ellps=sphere ,192.0,192.0,384000.0,384000.0,-77.54434967041016,30.92200088500977,0.0
S774189,ir107/2018/SEVIR_IR107_STORMEVENTS_2018_0701_1231.h5,351,ir107,2018-07-04 21:05:00,-120:-115:-110:-105:-100:-95:-90:-85:-80:-75:-70:-65:-60:-55:-50:-45:-40:-35:-30:-25:-20:-15:-10:-5:0:5:10:15:20:25:30:35:40:45:50:55:60:65:70:75:80:85:90:95:100:105:110:115:120,129172.0,774189.0,Thunderstorm Wind,43.90828532015453,-90.45794153897528,46.93925901646792,-84.95908741746557,+proj=laea +lat_0=38 +lon_0=-98 +units=m +a=6370997.0 +ellps=sphere ,192.0,192.0,384000.0,384000.0,-72.86190032958984,29.29601287841797,0.0
S779960,ir107/2018/SEVIR_IR107_STORMEVENTS_2018_0701_1231.h5,352,ir107,2018-08-12 22:45:00,-120:-115:-110:-105:-100:-95:-90:-85:-80:-75:-70:-65:-60:-55:-50:-45:-40:-35:-30:-25:-20:-15:-10:-5:0:5:10:15:20:25:30:35:40:45:50:55:60:65:70:75:80:85:90:95:100:105:110:115:120,130272.0,779960.0,Hail,38.5499927624208,-84.3849489192552,41.3196121012385,-79.11333268845502,+proj=laea +lat_0=38 +lon_0=-98 +units=m +a=6370997.0 +ellps=sphere ,192.0,192.0,384000.0,384000.0,-46.77215194702149,25.829774856567383,0.0
S778888,ir107/2018/SEVIR_IR107_STORMEVENTS_2018_0701_1231.h5,355,ir107,2018-08-15 01:15:00,-120:-115:-110:-105:-100:-95:-90:-85:-80:-75:-70:-65:-60:-55:-50:-45:-40:-35:-30:-25:-20:-15:-10:-5:0:5:10:15:20:25:30:35:40:45:50:55:60:65:70:75:80:85:90:95:100:105:110:115:120,130043.0,778888.0,Hail,35.555243099729225,-106.88194053734355,39.25016360299482,-102.85721899933108,+proj=laea +lat_0=38 +lon_0=-98 +units=m +a=6370997.0 +ellps=sphere ,192.0,192.0,384000.0,384000.0,-70.67168426513672,33.518482208251946,0.0
S766932,ir107/2018/SEVIR_IR107_STORMEVENTS_2018_0701_1231.h5,357,ir107,2018-08-07 00:43:00,-118:-113:-108:-103:-98:-93:-88:-83:-78:-73:-68:-63:-58:-53:-48:-43:-38:-33:-28:-23:-18:-13:-8:-3:2:7:12:17:22:27:32:37:42:47:52:57:62:67:72:77:82:87:92:97:102:107:112:117:122,127863.0,766932.0,Tornado,39.24196799807647,-100.02058364310628,42.68701483513878,-95.43241054247628,+proj=laea +lat_0=38 +lon_0=-98 +units=m +a=6370997.0 +ellps=sphere ,192.0,192.0,384000.0,384000.0,-70.33343505859375,27.339900970458984,0.0
S763697,ir107/2018/SEVIR_IR107_STORMEVENTS_2018_0701_1231.h5,361,ir107,2018-07-11 03:55:00,-120:-115:-110:-105:-100:-95:-90:-85:-80:-75:-70:-65:-60:-55:-50:-45:-40:-35:-30:-25:-20:-15:-10:-5:0:5:10:15:20:25:30:35:40:45:50:55:60:65:70:75:80:85:90:95:100:105:110:115:120,127413.0,763697.0,Flash Flood,36.01597941282754,-118.89759259095324,40.07706850225033,-115.46974567419473,+proj=laea +lat_0=38 +lon_0=-98 +units=m +a=6370997.0 +ellps=sphere ,192.0,192.0,384000.0,384000.0,-64.21469116210939,30.733917236328125,0.0
S796027,ir107/2018/SEVIR_IR107_STORMEVENTS_2018_0701_1231.h5,363,ir107,2018-12-27 02:31:00,-121:-116:-111:-106:-101:-96:-91:-86:-81:-76:-71:-66:-61:-56:-51:-46:-41:-36:-31:-26:-21:-16:-11:-6:-1:4:9:14:19:24:29:34:39:44:49:54:59:64:69:74:79:84:89:94:99:104:109:114:119,133064.0,796027.0,Hail,27.880826223724647,-101.9336797819698,31.4133285609991,-98.04208135607227,+proj=laea +lat_0=38 +lon_0=-98 +units=m +a=6370997.0 +ellps=sphere ,192.0,192.0,384000.0,384000.0,-69.23576354980469,19.640941619873047,0.0
S779950,ir107/2018/SEVIR_IR107_STORMEVENTS_2018_0701_1231.h5,364,ir107,2018-08-12 04:53:00,-118:-113:-108:-103:-98:-93:-88:-83:-78:-73:-68:-63:-58:-53:-48:-43:-38:-33:-28:-23:-18:-13:-8:-3:2:7:12:17:22:27:32:37:42:47:52:57:62:67:72:77:82:87:92:97:102:107:112:117:122,130269.0,779950.0,Hail,40.98500902453975,-86.74121962128538,43.853730082800304,-81.35014647769789,+proj=laea +lat_0=38 +lon_0=-98 +units=m +a=6370997.0 +ellps=sphere ,192.0,192.0,384000.0,384000.0,-53.68411254882813,20.20002555847168,0.0
S777446,ir107/2018/SEVIR_IR107_STORMEVENTS_2018_0701_1231.h5,366,ir107,2018-08-06 05:05:00,-120:-115:-110:-105:-100:-95:-90:-85:-80:-75:-70:-65:-60:-55:-50:-45:-40:-35:-30:-25:-20:-15:-10:-5:0:5:10:15:20:25:30:35:40:45:50:55:60:65:70:75:80:85:90:95:100:105:110:115:120,129785.0,777446.0,Thunderstorm Wind,40.37186258281253,-97.2210666410182,43.70430293735578,-92.40375054213244,+proj=laea +lat_0=38 +lon_0=-98 +units=m +a=6370997.0 +ellps=sphere ,192.0,192.0,384000.0,384000.0,-71.61474609375,21.325780868530277,0.0
S758414,ir107/2018/SEVIR_IR107_STORMEVENTS_2018_0701_1231.h5,371,ir107,2018-07-11 20:04:00,-119:-114:-109:-104:-99:-94:-89:-84:-79:-74:-69:-64:-59:-54:-49:-44:-39:-34:-29:-24:-19:-14:-9:-4:1:6:11:16:21:26:31:36:41:46:51:56:61:66:71:76:81:86:91:96:101:106:111:116:121,126527.0,758414.0,Hail,40.79929110261196,-111.58584394191143,44.65703363213184,-107.54216914024435,+proj=laea +lat_0=38 +lon_0=-98 +units=m +a=6370997.0 +ellps=sphere ,192.0,192.0,384000.0,384000.0,-67.79212951660156,42.16363143920898,0.0
S762358,ir107/2018/SEVIR_IR107_STORMEVENTS_2018_0701_1231.h5,376,ir107,2018-08-01 03:15:00,-120:-115:-110:-105:-100:-95:-90:-85:-80:-75:-70:-65:-60:-55:-50:-45:-40:-35:-30:-25:-20:-15:-10:-5:0:5:10:15:20:25:30:35:40:45:50:55:60:65:70:75:80:85:90:95:100:105:110:115:120,127207.0,762358.0,Thunderstorm Wind,30.427435771085968,-94.6896992982962,33.682352956634766,-90.40721145801274,+proj=laea +lat_0=38 +lon_0=-98 +units=m +a=6370997.0 +ellps=sphere ,192.0,192.0,384000.0,384000.0,-60.2809066772461,24.2573356628418,0.0
S776924,ir107/2018/SEVIR_IR107_STORMEVENTS_2018_0701_1231.h5,383,ir107,2018-07-26 20:15:00,-120:-115:-110:-105:-100:-95:-90:-85:-80:-75:-70:-65:-60:-55:-50:-45:-40:-35:-30:-25:-20:-15:-10:-5:0:5:10:15:20:25:30:35:40:45:50:55:60:65:70:75:80:85:90:95:100:105:110:115:120,129724.0,776924.0,Hail,31.44530325405491,-82.2203382500536,34.15945496773706,-77.41771897475843,+proj=laea +lat_0=38 +lon_0=-98 +units=m +a=6370997.0 +ellps=sphere ,192.0,192.0,384000.0,384000.0,-73.2109146118164,29.39703369140625,0.0
S780101,ir107/2018/SEVIR_IR107_STORMEVENTS_2018_0701_1231.h5,390,ir107,2018-08-19 03:00:00,-120:-115:-110:-105:-100:-95:-90:-85:-80:-75:-70:-65:-60:-55:-50:-45:-40:-35:-30:-25:-20:-15:-10:-5:0:5:10:15:20:25:30:35:40:45:50:55:60:65:70:75:80:85:90:95:100:105:110:115:120,130303.0,780101.0,Thunderstorm Wind,33.97082573723801,-82.0064570296758,36.65680437469608,-77.0148248227283,+proj=laea +lat_0=38 +lon_0=-98 +units=m +a=6370997.0 +ellps=sphere ,192.0,192.0,384000.0,384000.0,-72.435302734375,21.622089385986328,0.0
S774560,ir107/2018/SEVIR_IR107_STORMEVENTS_2018_0701_1231.h5,391,ir107,2018-08-15 12:00:00,-120:-115:-110:-105:-100:-95:-90:-85:-80:-75:-70:-65:-60:-55:-50:-45:-40:-35:-30:-25:-20:-15:-10:-5:0:5:10:15:20:25:30:35:40:45:50:55:60:65:70:75:80:85:90:95:100:105:110:115:120,129256.0,774560.0,Heavy Rain,35.51762441594098,-97.88953549563324,38.88409950109122,-93.44558039193184,+proj=laea +lat_0=38 +lon_0=-98 +units=m +a=6370997.0 +ellps=sphere ,192.0,192.0,384000.0,384000.0,-67.80941772460939,19.683324813842773,0.0
S780339,ir107/2018/SEVIR_IR107_STORMEVENTS_2018_0701_1231.h5,394,ir107,2018-08-22 01:50:00,-120:-115:-110:-105:-100:-95:-90:-85:-80:-75:-70:-65:-60:-55:-50:-45:-40:-35:-30:-25:-20:-15:-10:-5:0:5:10:15:20:25:30:35:40:45:50:55:60:65:70:75:80:85:90:95:100:105:110:115:120,130340.0,780339.0,Thunderstorm Wind,34.84797861961717,-104.51403592845656,38.46109222276456,-100.4122435337762,+proj=laea +lat_0=38 +lon_0=-98 +units=m +a=6370997.0 +ellps=sphere ,192.0,192.0,384000.0,384000.0,-84.26509094238281,25.031951904296875,0.0
S781731,ir107/2018/SEVIR_IR107_STORMEVENTS_2018_0701_1231.h5,414,ir107,2018-08-13 18:59:00,-119:-114:-109:-104:-99:-94:-89:-84:-79:-74:-69:-64:-59:-54:-49:-44:-39:-34:-29:-24:-19:-14:-9:-4:1:6:11:16:21:26:31:36:41:46:51:56:61:66:71:76:81:86:91:96:101:106:111:116:121,130273.0,781731.0,Lightning,39.0602889809344,-82.63580750867231,41.74232466560365,-77.2426071634211,+proj=laea +lat_0=38 +lon_0=-98 +units=m +a=6370997.0 +ellps=sphere ,192.0,192.0,384000.0,384000.0,-54.38397598266602,28.61505699157715,0.0
S772068,ir107/2018/SEVIR_IR107_STORMEVENTS_2018_0701_1231.h5,418,ir107,2018-08-05 00:47:00,-122:-117:-112:-107:-102:-97:-92:-87:-82:-77:-72:-67:-62:-57:-52:-47:-42:-37:-32:-27:-22:-17:-12:-7:-2:3:8:13:18:23:28:33:38:43:48:53:58:63:68:73:78:83:88:93:98:103:108:113:118,128731.0,772068.0,Hail,46.00077453554303,-100.66102880022122,49.472058997215605,-95.54843124324528,+proj=laea +lat_0=38 +lon_0=-98 +units=m +a=6370997.0 +ellps=sphere ,192.0,192.0,384000.0,384000.0,-54.85790252685547,27.70421600341797,0.0
S780744,ir107/2018/SEVIR_IR107_STORMEVENTS_2018_0701_1231.h5,429,ir107,2018-08-19 21:47:00,-122:-117:-112:-107:-102:-97:-92:-87:-82:-77:-72:-67:-62:-57:-52:-47:-42:-37:-32:-27:-22:-17:-12:-7:-2:3:8:13:18:23:28:33:38:43:48:53:58:63:68:73:78:83:88:93:98:103:108:113:118,129421.0,780744.0,Thunderstorm Wind,35.45310033176925,-96.43258140931252,38.76217668052662,-91.92741109903076,+proj=laea +lat_0=38 +lon_0=-98 +units=m +a=6370997.0 +ellps=sphere ,192.0,192.0,384000.0,384000.0,-77.9041519165039,24.28464698791504,0.0
S767595,ir107/2018/SEVIR_IR107_STORMEVENTS_2018_0701_1231.h5,438,ir107,2018-08-11 20:05:00,-120:-115:-110:-105:-100:-95:-90:-85:-80:-75:-70:-65:-60:-55:-50:-45:-40:-35:-30:-25:-20:-15:-10:-5:0:5:10:15:20:25:30:35:40:45:50:55:60:65:70:75:80:85:90:95:100:105:110:115:120,127607.0,767595.0,Flash Flood,39.6149106484059,-77.42392895308164,42.02980925294864,-71.75955197981848,+proj=laea +lat_0=38 +lon_0=-98 +units=m +a=6370997.0 +ellps=sphere ,192.0,192.0,384000.0,384000.0,-67.27523803710939,25.211429595947266,0.0
S771220,ir107/2018/SEVIR_IR107_STORMEVENTS_2018_0701_1231.h5,441,ir107,2018-08-30 23:35:00,-120:-115:-110:-105:-100:-95:-90:-85:-80:-75:-70:-65:-60:-55:-50:-45:-40:-35:-30:-25:-20:-15:-10:-5:0:5:10:15:20:25:30:35:40:45:50:55:60:65:70:75:80:85:90:95:100:105:110:115:120,128558.0,771220.0,Lightning,35.563263100823114,-82.38125230277514,38.25603210709604,-77.2799452259417,+proj=laea +lat_0=38 +lon_0=-98 +units=m +a=6370997.0 +ellps=sphere ,192.0,192.0,384000.0,384000.0,-78.74657440185547,26.841976165771484,0.0
S772429,ir107/2018/SEVIR_IR107_STORMEVENTS_2018_0701_1231.h5,448,ir107,2018-08-27 23:50:00,-120:-115:-110:-105:-100:-95:-90:-85:-80:-75:-70:-65:-60:-55:-50:-45:-40:-35:-30:-25:-20:-15:-10:-5:0:5:10:15:20:25:30:35:40:45:50:55:60:65:70:75:80:85:90:95:100:105:110:115:120,128372.0,772429.0,Thunderstorm Wind,43.76613166095376,-94.6159279933416,46.98401224897937,-89.35928640606139,+proj=laea +lat_0=38 +lon_0=-98 +units=m +a=6370997.0 +ellps=sphere ,192.0,192.0,384000.0,384000.0,-80.39632415771484,20.416725158691406,0.0
S770056,ir107/2018/SEVIR_IR107_STORMEVENTS_2018_0701_1231.h5,459,ir107,2018-08-26 11:40:00,-120:-115:-110:-105:-100:-95:-90:-85:-80:-75:-70:-65:-60:-55:-50:-45:-40:-35:-30:-25:-20:-15:-10:-5:0:5:10:15:20:25:30:35:40:45:50:55:60:65:70:75:80:85:90:95:100:105:110:115:120,128363.0,770056.0,Lightning,43.64613930925695,-95.66597237831768,46.90958046832079,-90.47993892443527,+proj=laea +lat_0=38 +lon_0=-98 +units=m +a=6370997.0 +ellps=sphere ,192.0,192.0,384000.0,384000.0,-68.15332794189453,18.184024810791016,0.0
S772462,ir107/2018/SEVIR_IR107_STORMEVENTS_2018_0701_1231.h5,477,ir107,2018-07-05 01:00:00,-120:-115:-110:-105:-100:-95:-90:-85:-80:-75:-70:-65:-60:-55:-50:-45:-40:-35:-30:-25:-20:-15:-10:-5:0:5:10:15:20:25:30:35:40:45:50:55:60:65:70:75:80:85:90:95:100:105:110:115:120,128788.0,772462.0,Flash Flood,39.10421507902733,-82.55519001572513,41.782025268182046,-77.15444797010416,+proj=laea +lat_0=38 +lon_0=-98 +units=m +a=6370997.0 +ellps=sphere ,192.0,192.0,384000.0,384000.0,-71.04338073730469,24.581439971923828,0.0
S774490,ir107/2018/SEVIR_IR107_STORMEVENTS_2018_0701_1231.h5,482,ir107,2018-07-17 15:30:00,-120:-115:-110:-105:-100:-95:-90:-85:-80:-75:-70:-65:-60:-55:-50:-45:-40:-35:-30:-25:-20:-15:-10:-5:0:5:10:15:20:25:30:35:35:45:50:55:60:65:65:75:75:85:90:95:100:105:110:115:120,129244.0,774490.0,Thunderstorm Wind,41.848440758978775,-74.43624653289795,44.08378519775339,-68.41094622895459,+proj=laea +lat_0=38 +lon_0=-98 +units=m +a=6370997.0 +ellps=sphere ,192.0,192.0,384000.0,384000.0,-70.43436431884766,23.878646850585927,0.0
S757185,ir107/2018/SEVIR_IR107_STORMEVENTS_2018_0701_1231.h5,483,ir107,2018-07-15 21:50:00,-120:-115:-110:-105:-100:-95:-90:-85:-80:-75:-70:-65:-60:-55:-50:-45:-40:-35:-30:-25:-20:-15:-10:-5:0:5:10:15:20:25:30:35:40:45:50:55:60:65:70:75:80:85:90:95:100:105:110:115:120,126316.0,757185.0,Hail,39.47417061241606,-123.50680186486156,43.662766609834925,-120.24781829838722,+proj=laea +lat_0=38 +lon_0=-98 +units=m +a=6370997.0 +ellps=sphere ,192.0,192.0,384000.0,384000.0,-55.96194076538086,40.27384948730469,0.0
S779151,ir107/2018/SEVIR_IR107_STORMEVENTS_2018_0701_1231.h5,491,ir107,2018-08-16 20:30:00,-120:-115:-110:-105:-100:-95:-90:-85:-80:-75:-70:-65:-60:-55:-50:-45:-40:-35:-30:-25:-20:-15:-10:-5:0:5:10:15:20:25:30:35:40:45:50:55:60:65:70:75:80:85:90:95:100:105:110:115:120,130102.0,779151.0,Flash Flood,33.009398030174424,-117.36447533223642,37.02355352031879,-113.94582863996511,+proj=laea +lat_0=38 +lon_0=-98 +units=m +a=6370997.0 +ellps=sphere ,192.0,192.0,384000.0,384000.0,-64.81085205078125,41.69039916992188,0.0
S782195,ir107/2018/SEVIR_IR107_STORMEVENTS_2018_0701_1231.h5,497,ir107,2018-08-07 10:40:00,-120:-115:-110:-105:-100:-95:-90:-85:-80:-75:-70:-65:-60:-55:-50:-45:-40:-35:-30:-25:-20:-15:-10:-5:0:5:10:15:20:25:30:35:40:45:50:55:60:65:70:75:80:85:90:95:100:105:110:115:120,130715.0,782195.0,Thunderstorm Wind,45.99208150750693,-72.31248413284483,48.06568123117933,-65.67396256948054,+proj=laea +lat_0=38 +lon_0=-98 +units=m +a=6370997.0 +ellps=sphere ,192.0,192.0,384000.0,384000.0,-66.62660217285156,19.235254287719727,0.0
S777884,ir107/2018/SEVIR_IR107_STORMEVENTS_2018_0701_1231.h5,498,ir107,2018-09-01 23:54:00,-119:-114:-109:-104:-99:-94:-89:-84:-79:-74:-69:-64:-59:-54:-49:-44:-39:-34:-29:-24:-19:-14:-9:-4:1:6:11:16:21:26:31:36:41:46:51:56:61:66:71:76:81:86:91:96:101:106:111:116:121,129852.0,777884.0,Thunderstorm Wind,28.930024200629905,-87.25526632078171,31.885824398457107,-82.78683531259115,+proj=laea +lat_0=38 +lon_0=-98 +units=m +a=6370997.0 +ellps=sphere ,192.0,192.0,384000.0,384000.0,-77.01007080078125,24.152008056640625,0.0
S777862,ir107/2018/SEVIR_IR107_STORMEVENTS_2018_0701_1231.h5,499,ir107,2018-09-30 20:10:00,-120:-115:-110:-105:-100:-95:-90:-85:-80:-75:-70:-65:-60:-55:-50:-45:-40:-35:-30:-25:-20:-15:-10:-5:0:5:10:15:20:25:30:35:40:45:50:55:60:65:70:75:80:85:90:95:100:105:110:115:120,129853.0,777862.0,Thunderstorm Wind,28.7078202186094,-87.7745684977334,31.68717346210904,-83.3367447567826,+proj=laea +lat_0=38 +lon_0=-98 +units=m +a=6370997.0 +ellps=sphere ,192.0,192.0,384000.0,384000.0,-80.96564483642578,27.28462600708008,0.0
S772551,ir107/2018/SEVIR_IR107_STORMEVENTS_2018_0701_1231.h5,500,ir107,2018-08-17 00:52:00,-122:-117:-112:-107:-102:-97:-92:-87:-82:-77:-72:-67:-62:-57:-52:-47:-42:-37:-32:-27:-22:-17:-12:-7:-2:3:8:13:18:23:28:33:38:43:48:53:58:63:68:73:78:83:88:93:98:103:108:113:118,128816.0,772551.0,Hail,42.12169323071706,-123.12361724253842,46.3113013389342,-119.761254345468,+proj=laea +lat_0=38 +lon_0=-98 +units=m +a=6370997.0 +ellps=sphere ,192.0,192.0,384000.0,384000.0,-57.38891983032226,32.8270263671875,0.0
S779366,ir107/2018/SEVIR_IR107_STORMEVENTS_2018_0701_1231.h5,506,ir107,2018-08-02 02:45:00,-120:-115:-110:-105:-100:-95:-90:-85:-80:-75:-70:-65:-60:-55:-50:-45:-40:-35:-30:-25:-20:-15:-10:-5:0:5:10:15:20:25:30:35:40:45:50:55:60:65:70:75:80:85:90:95:100:105:110:115:120,130144.0,779366.0,Thunderstorm Wind,40.35730823854881,-113.2975182244827,44.26783657187512,-109.3793336885128,+proj=laea +lat_0=38 +lon_0=-98 +units=m +a=6370997.0 +ellps=sphere ,192.0,192.0,384000.0,384000.0,-55.88854217529297,32.35342788696289,0.0
S786608,ir107/2018/SEVIR_IR107_STORMEVENTS_2018_0701_1231.h5,515,ir107,2018-09-20 23:40:00,-120:-115:-110:-105:-100:-95:-90:-85:-80:-75:-70:-65:-60:-55:-50:-45:-40:-35:-30:-25:-20:-15:-10:-5:0:5:10:15:20:25:30:35:40:45:50:55:60:65:70:75:80:85:90:95:100:105:110:115:120,131130.0,786608.0,Thunderstorm Wind,32.32031767680094,-100.59389031833383,35.79514802438925,-96.44793836031612,+proj=laea +lat_0=38 +lon_0=-98 +units=m +a=6370997.0 +ellps=sphere ,192.0,192.0,384000.0,384000.0,-55.50281143188477,29.95166778564453,0.0
S776533,ir107/2018/SEVIR_IR107_STORMEVENTS_2018_0701_1231.h5,517,ir107,2018-07-29 06:55:00,-120:-115:-110:-105:-100:-95:-90:-85:-80:-75:-70:-65:-60:-55:-50:-45:-40:-35:-30:-25:-20:-15:-10:-5:0:5:10:15:20:25:30:35:40:45:50:55:60:65:70:75:80:85:90:95:100:105:110:115:120,129631.0,776533.0,Thunderstorm Wind,35.932101944154184,-100.86567889941963,39.41196471892697,-96.5333607413852,+proj=laea +lat_0=38 +lon_0=-98 +units=m +a=6370997.0 +ellps=sphere ,192.0,192.0,384000.0,384000.0,-80.52967834472656,20.21310043334961,0.0
S780823,ir107/2018/SEVIR_IR107_STORMEVENTS_2018_0701_1231.h5,529,ir107,2018-08-31 13:50:00,-120:-115:-110:-105:-100:-95:-90:-85:-80:-75:-70:-65:-60:-55:-50:-45:-40:-35:-30:-25:-20:-15:-10:-5:0:5:10:15:20:25:30:35:40:45:50:55:60:65:70:75:80:85:90:95:100:105:110:115:120,130309.0,780823.0,Heavy Rain,35.94357334458325,-95.6450762744292,39.219860220294784,-91.07271218433831,+proj=laea +lat_0=38 +lon_0=-98 +units=m +a=6370997.0 +ellps=sphere ,192.0,192.0,384000.0,384000.0,-69.54387664794922,25.57473945617676,0.0
S766197,ir107/2018/SEVIR_IR107_STORMEVENTS_2018_0701_1231.h5,530,ir107,2018-07-04 00:23:00,-118:-113:-108:-103:-98:-93:-88:-83:-78:-73:-68:-63:-58:-53:-48:-43:-38:-33:-28:-23:-18:-13:-8:-3:2:7:12:17:22:27:32:37:42:47:52:57:62:67:72:77:82:87:92:97:102:107:112:117:122,127758.0,766197.0,Thunderstorm Wind,29.543747509831643,-86.5197056211039,32.46398076869307,-81.98977064510777,+proj=laea +lat_0=38 +lon_0=-98 +units=m +a=6370997.0 +ellps=sphere ,192.0,192.0,384000.0,384000.0,-77.72172546386719,27.27021598815918,0.0
S776709,ir107/2018/SEVIR_IR107_STORMEVENTS_2018_0701_1231.h5,531,ir107,2018-07-21 07:55:00,-120:-115:-110:-105:-100:-95:-90:-85:-80:-75:-70:-65:-60:-55:-50:-45:-40:-35:-30:-25:-20:-15:-10:-5:0:5:10:15:20:25:30:35:40:45:50:55:60:65:70:75:80:85:90:95:100:105:110:115:120,129430.0,776709.0,Thunderstorm Wind,33.369585685909044,-94.87889821690986,36.62205393377626,-90.43663916883528,+proj=laea +lat_0=38 +lon_0=-98 +units=m +a=6370997.0 +ellps=sphere ,192.0,192.0,384000.0,384000.0,-83.25259399414062,27.022069931030277,0.0
S767060,ir107/2018/SEVIR_IR107_STORMEVENTS_2018_0701_1231.h5,536,ir107,2018-07-26 00:14:00,-119:-114:-109:-104:-99:-94:-89:-84:-79:-74:-69:-64:-59:-54:-49:-44:-39:-34:-29:-24:-19:-14:-9:-4:1:6:11:16:21:26:31:36:41:46:51:56:61:66:71:76:81:86:91:96:101:106:111:116:121,127827.0,767060.0,Thunderstorm Wind,32.87740062438351,-83.02301612166217,35.618689164342804,-78.14954234917322,+proj=laea +lat_0=38 +lon_0=-98 +units=m +a=6370997.0 +ellps=sphere ,192.0,192.0,384000.0,384000.0,-66.86337280273439,23.54836082458496,0.0
S775431,ir107/2018/SEVIR_IR107_STORMEVENTS_2018_0701_1231.h5,548,ir107,2018-09-15 02:07:00,-122:-117:-112:-107:-102:-97:-92:-87:-82:-77:-72:-67:-62:-57:-52:-47:-42:-37:-32:-27:-22:-17:-12:-7:-2:3:8:13:18:23:28:33:38:43:48:53:58:63:68:73:78:83:88:93:98:103:108:113:118,129425.0,775431.0,Hail,45.54163524708786,-98.17937505023546,48.91044600287557,-92.95612683817455,+proj=laea +lat_0=38 +lon_0=-98 +units=m +a=6370997.0 +ellps=sphere ,192.0,192.0,384000.0,384000.0,-65.98308563232422,18.376384735107425,0.0
S762082,ir107/2018/SEVIR_IR107_STORMEVENTS_2018_0701_1231.h5,554,ir107,2018-07-18 01:14:00,-119:-114:-109:-104:-99:-94:-89:-84:-79:-74:-69:-64:-59:-54:-49:-44:-39:-34:-29:-24:-19:-14:-9:-4:1:6:11:16:21:26:31:36:41:46:51:56:61:66:71:76:81:86:91:96:101:106:111:116:121,127150.0,762082.0,Thunderstorm Wind,41.73172903862464,-107.030182288643,45.438167261143576,-102.65845796341544,+proj=laea +lat_0=38 +lon_0=-98 +units=m +a=6370997.0 +ellps=sphere ,192.0,192.0,384000.0,384000.0,-68.73563385009766,32.551097869873054,0.0
S765364,ir107/2018/SEVIR_IR107_STORMEVENTS_2018_0701_1231.h5,564,ir107,2018-07-07 21:55:00,-120:-115:-110:-105:-100:-95:-90:-85:-80:-75:-70:-65:-60:-55:-50:-45:-40:-35:-30:-25:-20:-15:-10:-5:0:5:10:15:20:25:30:35:40:45:50:55:60:65:70:75:80:85:90:95:100:105:110:115:120,127590.0,765364.0,Thunderstorm Wind,29.182397890148174,-106.6840349530143,32.873708615143855,-102.9237455334837,+proj=laea +lat_0=38 +lon_0=-98 +units=m +a=6370997.0 +ellps=sphere ,192.0,192.0,384000.0,384000.0,-74.77259063720703,40.97527313232422,0.0
S779286,ir107/2018/SEVIR_IR107_STORMEVENTS_2018_0701_1231.h5,595,ir107,2018-08-14 23:20:00,-120:-115:-110:-105:-100:-95:-90:-85:-80:-75:-70:-65:-60:-55:-50:-45:-40:-35:-30:-25:-20:-15:-10:-5:0:5:10:15:20:25:30:35:40:45:50:55:60:65:70:75:80:85:90:95:100:105:110:115:120,130134.0,779286.0,Hail,33.40613884913471,-103.10574058719465,36.970378889971606,-99.01305829434791,+proj=laea +lat_0=38 +lon_0=-98 +units=m +a=6370997.0 +ellps=sphere ,192.0,192.0,384000.0,384000.0,-73.3199462890625,38.79545974731445,0.0
S782481,ir107/2018/SEVIR_IR107_STORMEVENTS_2018_0701_1231.h5,612,ir107,2018-10-21 23:40:00,-120:-115:-110:-105:-100:-95:-90:-85:-80:-75:-70:-65:-60:-55:-50:-45:-40:-35:-30:-25:-20:-15:-10:-5:0:5:10:15:20:25:30:35:40:45:50:55:60:65:70:75:80:85:90:95:100:105:110:115:120,130763.0,782481.0,Hail,31.06302164890373,-113.13530724040702,34.95494791243032,-109.5798199827848,+proj=laea +lat_0=38 +lon_0=-98 +units=m +a=6370997.0 +ellps=sphere ,192.0,192.0,384000.0,384000.0,-68.43868255615234,34.96627426147461,0.0
S776908,ir107/2018/SEVIR_IR107_STORMEVENTS_2018_0701_1231.h5,622,ir107,2018-07-18 22:36:00,-121:-116:-111:-106:-101:-96:-91:-86:-81:-76:-71:-66:-61:-56:-51:-46:-41:-36:-31:-26:-21:-16:-11:-6:-1:4:9:14:19:24:29:34:39:44:49:54:59:64:69:74:79:84:89:94:99:104:109:114:119,129718.0,776908.0,Thunderstorm Wind,31.312243975089803,-83.37780817375399,34.080673681803844,-78.62527923484645,+proj=laea +lat_0=38 +lon_0=-98 +units=m +a=6370997.0 +ellps=sphere ,192.0,192.0,384000.0,384000.0,-81.46722412109375,27.452545166015625,0.0
S779032,ir107/2018/SEVIR_IR107_STORMEVENTS_2018_0701_1231.h5,623,ir107,2018-08-12 21:05:00,-120:-115:-110:-105:-100:-95:-90:-85:-80:-75:-70:-65:-60:-55:-50:-45:-40:-35:-30:-25:-20:-15:-10:-5:0:5:10:15:20:25:30:35:40:45:50:55:60:65:70:75:80:85:90:95:100:105:110:115:120,130077.0,779032.0,Thunderstorm Wind,40.874518700100175,-110.73249865562563,44.70481423511124,-106.63370193208053,+proj=laea +lat_0=38 +lon_0=-98 +units=m +a=6370997.0 +ellps=sphere ,192.0,192.0,384000.0,384000.0,-48.3177490234375,49.55435562133789,0.0
S775068,ir107/2018/SEVIR_IR107_STORMEVENTS_2018_0701_1231.h5,643,ir107,2018-08-12 18:40:00,-120:-115:-110:-105:-100:-95:-90:-85:-80:-75:-70:-65:-60:-55:-50:-45:-40:-35:-30:-25:-20:-15:-10:-5:0:5:10:15:20:25:30:35:40:45:50:55:60:65:70:75:80:85:90:95:100:105:110:115:120,129353.0,775068.0,Thunderstorm Wind,37.177284907089245,-80.4733762453243,39.7660080544028,-75.16106353717,+proj=laea +lat_0=38 +lon_0=-98 +units=m +a=6370997.0 +ellps=sphere ,192.0,192.0,384000.0,384000.0,-66.75140380859375,26.010263442993164,0.0
S781936,ir107/2018/SEVIR_IR107_STORMEVENTS_2018_0701_1231.h5,651,ir107,2018-08-11 15:30:00,-120:-115:-110:-105:-100:-95:-90:-85:-80:-75:-70:-65:-60:-55:-50:-45:-40:-35:-30:-25:-20:-15:-10:-5:0:5:10:15:20:25:30:35:40:45:50:55:60:65:70:75:80:85:90:95:100:105:110:115:120,130635.0,781936.0,Flash Flood,32.51854038838993,-111.960971911416,36.37571637256217,-108.30421095376845,+proj=laea +lat_0=38 +lon_0=-98 +units=m +a=6370997.0 +ellps=sphere ,192.0,192.0,384000.0,384000.0,-50.03129196166992,39.95832443237305,0.0
S779250,ir107/2018/SEVIR_IR107_STORMEVENTS_2018_0701_1231.h5,661,ir107,2018-08-28 23:30:00,-120:-115:-110:-105:-100:-95:-90:-85:-80:-75:-70:-65:-60:-55:-50:-45:-40:-35:-30:-25:-20:-15:-10:-5:0:5:10:15:20:25:30:35:40:45:50:55:60:65:70:75:80:85:90:95:100:105:110:115:120,130128.0,779250.0,Thunderstorm Wind,38.3409326516714,-95.88999690922203,41.62201182467418,-91.16110150527358,+proj=laea +lat_0=38 +lon_0=-98 +units=m +a=6370997.0 +ellps=sphere ,192.0,192.0,384000.0,384000.0,-83.39126586914062,29.32826042175293,0.0
S767847,ir107/2018/SEVIR_IR107_STORMEVENTS_2018_0701_1231.h5,668,ir107,2018-07-04 03:15:00,-120:-115:-110:-105:-100:-95:-90:-85:-80:-75:-70:-65:-60:-55:-50:-45:-40:-35:-30:-25:-20:-15:-10:-5:0:5:10:15:20:25:30:35:40:45:50:55:60:65:70:75:80:85:90:95:100:105:110:115:120,125868.0,767847.0,Thunderstorm Wind,45.39981878470451,-107.99905574379612,49.14876107230052,-103.42381796776937,+proj=laea +lat_0=38 +lon_0=-98 +units=m +a=6370997.0 +ellps=sphere ,192.0,192.0,384000.0,384000.0,-69.27834320068361,16.855627059936527,0.0
S781652,ir107/2018/SEVIR_IR107_STORMEVENTS_2018_0701_1231.h5,673,ir107,2018-10-13 21:50:00,-120:-115:-110:-105:-100:-95:-90:-85:-80:-75:-70:-65:-60:-55:-50:-45:-40:-35:-30:-25:-20:-15:-10:-5:0:5:10:15:20:25:30:35:40:45:50:55:60:65:70:75:80:85:90:95:100:105:110:115:120,130590.0,781652.0,Flash Flood,30.96317453839913,-114.48386741424612,34.89448374212889,-110.9908287082994,+proj=laea +lat_0=38 +lon_0=-98 +units=m +a=6370997.0 +ellps=sphere ,192.0,192.0,384000.0,384000.0,-44.20396041870117,26.7866268157959,0.0
S783744,ir107/2018/SEVIR_IR107_STORMEVENTS_2018_0701_1231.h5,678,ir107,2018-09-08 21:54:00,-119:-114:-109:-104:-99:-94:-89:-84:-79:-74:-69:-64:-59:-54:-49:-44:-39:-34:-29:-24:-19:-14:-9:-4:1:6:11:16:21:26:31:36:41:46:51:56:61:66:71:76:81:86:91:96:101:106:111:116:121,131008.0,783744.0,Thunderstorm Wind,36.68345392891168,-88.78403472860454,39.66550379710596,-83.85704014044111,+proj=laea +lat_0=38 +lon_0=-98 +units=m +a=6370997.0 +ellps=sphere ,192.0,192.0,384000.0,384000.0,-74.50755310058594,18.538787841796875,0.0
S773707,ir107/2018/SEVIR_IR107_STORMEVENTS_2018_0701_1231.h5,686,ir107,2018-07-09 00:35:00,-120:-115:-110:-105:-100:-95:-90:-85:-80:-75:-70:-65:-60:-55:-50:-45:-40:-35:-30:-25:-20:-15:-10:-5:0:5:10:15:20:25:30:35:40:45:50:55:60:65:70:75:80:85:90:95:100:105:110:115:120,129077.0,773707.0,Hail,45.10606684546274,-97.10975752052624,48.42985944807161,-91.86510639702692,+proj=laea +lat_0=38 +lon_0=-98 +units=m +a=6370997.0 +ellps=sphere ,192.0,192.0,384000.0,384000.0,-75.57794952392578,27.985803604125977,0.0
S774494,ir107/2018/SEVIR_IR107_STORMEVENTS_2018_0701_1231.h5,699,ir107,2018-07-11 23:25:00,-120:-115:-110:-105:-100:-95:-90:-85:-80:-75:-70:-65:-60:-55:-50:-45:-40:-35:-30:-25:-20:-15:-10:-5:0:5:10:15:20:25:30:35:40:45:50:55:60:65:70:75:80:85:90:95:100:105:110:115:120,129237.0,774494.0,Hail,35.57880608553518,-81.20391639907274,38.2148734538801,-76.05552311954743,+proj=laea +lat_0=38 +lon_0=-98 +units=m +a=6370997.0 +ellps=sphere ,192.0,192.0,384000.0,384000.0,-68.50061798095703,31.649646759033203,0.0
S775739,ir107/2018/SEVIR_IR107_STORMEVENTS_2018_0701_1231.h5,702,ir107,2018-08-26 01:15:00,-120:-115:-110:-105:-100:-95:-90:-85:-80:-75:-70:-65:-60:-55:-50:-45:-40:-35:-30:-25:-20:-15:-10:-5:0:5:10:15:20:25:30:35:40:45:50:55:60:65:70:75:80:85:90:95:100:105:110:115:120,129484.0,775739.0,Thunderstorm Wind,41.49697322168589,-103.38109097206537,45.070541810389,-98.81344238806884,+proj=laea +lat_0=38 +lon_0=-98 +units=m +a=6370997.0 +ellps=sphere ,192.0,192.0,384000.0,384000.0,-66.29849243164061,28.150638580322266,0.0
S788338,ir107/2018/SEVIR_IR107_STORMEVENTS_2018_0701_1231.h5,706,ir107,2018-09-28 03:45:00,-120:-115:-110:-105:-100:-95:-90:-85:-80:-75:-70:-65:-60:-55:-50:-45:-40:-35:-30:-25:-20:-15:-10:-5:0:5:10:15:20:25:30:35:40:45:50:55:60:65:70:75:80:85:90:95:100:105:110:115:120,131430.0,788338.0,Flood,38.13169755172172,-81.66930103401516,40.77253581885572,-76.32055368078986,+proj=laea +lat_0=38 +lon_0=-98 +units=m +a=6370997.0 +ellps=sphere ,192.0,192.0,384000.0,384000.0,-66.4429931640625,15.067058563232422,0.0
S781027,ir107/2018/SEVIR_IR107_STORMEVENTS_2018_0701_1231.h5,709,ir107,2018-08-17 22:10:00,-120:-115:-110:-105:-100:-95:-90:-85:-80:-75:-70:-65:-60:-55:-50:-45:-40:-35:-30:-25:-20:-15:-10:-5:0:5:10:15:20:25:30:35:40:45:50:55:60:65:70:75:80:85:90:95:100:105:110:115:120,130255.0,781027.0,Thunderstorm Wind,32.86871955890929,-101.61664069265758,36.38003476900585,-97.48621360206552,+proj=laea +lat_0=38 +lon_0=-98 +units=m +a=6370997.0 +ellps=sphere ,192.0,192.0,384000.0,384000.0,-81.42753601074219,38.93500900268555,0.0
S758688,ir107/2018/SEVIR_IR107_STORMEVENTS_2018_0701_1231.h5,723,ir107,2018-07-09 00:15:00,-120:-115:-110:-105:-100:-95:-90:-85:-80:-75:-70:-65:-60:-55:-50:-45:-40:-35:-30:-25:-20:-15:-10:-5:0:5:10:15:20:25:30:35:40:45:50:55:60:65:70:75:80:85:90:95:100:105:110:115:120,126578.0,758688.0,Thunderstorm Wind,44.20693766656788,-100.20515082269807,47.65880931582963,-95.2319802055126,+proj=laea +lat_0=38 +lon_0=-98 +units=m +a=6370997.0 +ellps=sphere ,192.0,192.0,384000.0,384000.0,-77.23063659667969,28.97783088684082,0.0
S779990,ir107/2018/SEVIR_IR107_STORMEVENTS_2018_0701_1231.h5,724,ir107,2018-08-31 00:30:00,-120:-115:-110:-105:-100:-95:-90:-85:-80:-75:-70:-65:-60:-55:-50:-45:-40:-35:-30:-25:-20:-15:-10:-5:0:5:10:15:20:25:30:35:40:45:50:55:60:65:70:75:80:85:90:95:100:105:110:115:120,130282.0,779990.0,Thunderstorm Wind,33.21861890484884,-96.23841061445056,36.52559900083706,-91.86151385367592,+proj=laea +lat_0=38 +lon_0=-98 +units=m +a=6370997.0 +ellps=sphere ,192.0,192.0,384000.0,384000.0,-75.4920883178711,28.748226165771484,0.0
S785028,ir107/2018/SEVIR_IR107_STORMEVENTS_2018_0701_1231.h5,732,ir107,2018-09-03 19:28:00,-118:-113:-108:-103:-98:-93:-88:-83:-78:-73:-68:-63:-58:-53:-48:-43:-38:-33:-28:-23:-18:-13:-8:-3:2:7:12:17:22:27:32:37:42:47:52:57:62:67:72:77:82:87:92:97:102:107:112:117:122,131206.0,785028.0,Thunderstorm Wind,40.40947186168851,-90.19321457270397,43.43986170498597,-85.02055558457583,+proj=laea +lat_0=38 +lon_0=-98 +units=m +a=6370997.0 +ellps=sphere ,192.0,192.0,384000.0,384000.0,-74.13184356689453,27.79977035522461,0.0
S786228,ir107/2018/SEVIR_IR107_STORMEVENTS_2018_0701_1231.h5,748,ir107,2018-09-22 00:30:00,-120:-115:-110:-105:-100:-95:-90:-85:-80:-75:-70:-65:-60:-55:-50:-45:-40:-35:-30:-25:-20:-15:-10:-5:0:5:10:15:20:25:30:35:40:45:50:55:60:65:70:75:80:85:90:95:100:105:110:115:120,131308.0,786228.0,Thunderstorm Wind,39.231078145532734,-82.83477848740797,41.92174980539874,-77.43419053453546,+proj=laea +lat_0=38 +lon_0=-98 +units=m +a=6370997.0 +ellps=sphere ,192.0,192.0,384000.0,384000.0,-66.74531555175781,22.39752769470215,0.0
S778034,ir107/2018/SEVIR_IR107_STORMEVENTS_2018_0701_1231.h5,749,ir107,2018-09-01 06:34:00,-119:-114:-109:-104:-99:-94:-89:-84:-79:-74:-69:-64:-59:-54:-49:-44:-39:-34:-29:-24:-19:-14:-9:-4:1:6:11:16:21:26:31:36:41:46:51:56:61:66:71:76:81:86:91:96:101:106:111:116:121,129486.0,778034.0,Thunderstorm Wind,38.83369979355943,-100.655798812671,42.30349575576928,-96.1285337684284,+proj=laea +lat_0=38 +lon_0=-98 +units=m +a=6370997.0 +ellps=sphere ,192.0,192.0,384000.0,384000.0,-19984.005859375,18.951171875,0.0752451371173469
S783300,ir107/2018/SEVIR_IR107_STORMEVENTS_2018_0701_1231.h5,769,ir107,2018-09-05 20:33:00,-118:-113:-108:-103:-98:-93:-88:-83:-78:-73:-68:-63:-58:-53:-48:-43:-38:-33:-28:-23:-18:-13:-8:-3:2:7:12:17:22:27:32:37:42:47:52:57:62:67:72:77:82:87:92:97:102:107:112:117:122,130907.0,783300.0,Thunderstorm Wind,41.82989327951415,-77.11355228887862,44.20971162138012,-71.20193781536395,+proj=laea +lat_0=38 +lon_0=-98 +units=m +a=6370997.0 +ellps=sphere ,192.0,192.0,384000.0,384000.0,-64.48597717285156,28.689483642578125,0.0107023278061224
S774794,ir107/2018/SEVIR_IR107_STORMEVENTS_2018_0701_1231.h5,776,ir107,2018-07-10 11:30:00,-120:-115:-110:-105:-100:-95:-90:-85:-80:-75:-70:-65:-60:-55:-50:-45:-40:-35:-30:-25:-20:-15:-10:-5:0:5:10:15:20:25:30:35:40:45:50:55:60:65:70:70:80:85:90:95:100:105:110:115:120,129311.0,774794.0,Hail,43.58555077284174,-99.61223841419456,47.01338726129126,-94.6590038987815,+proj=laea +lat_0=38 +lon_0=-98 +units=m +a=6370997.0 +ellps=sphere ,192.0,192.0,384000.0,384000.0,-77.23455810546875,18.60508918762207,0.0
S793744,ir107/2018/SEVIR_IR107_STORMEVENTS_2018_0701_1231.h5,784,ir107,2018-12-28 13:17:00,-122:-117:-112:-107:-102:-97:-92:-87:-82:-77:-72:-67:-62:-57:-52:-47:-42:-37:-32:-27:-22:-17:-12:-7:-2:3:8:13:18:23:28:33:38:43:48:53:58:63:68:73:78:83:88:93:98:103:108:113:118,132655.0,793744.0,Thunderstorm Wind,30.013811050673127,-106.67767763567456,33.70394830742687,-102.88580683498289,+proj=laea +lat_0=38 +lon_0=-98 +units=m +a=6370997.0 +ellps=sphere ,192.0,192.0,384000.0,384000.0,-34.420909881591804,7.183337688446045,0.0
S765044,ir107/2018/SEVIR_IR107_STORMEVENTS_2018_0701_1231.h5,786,ir107,2018-07-03 00:45:00,-120:-115:-110:-105:-100:-95:-90:-85:-80:-75:-70:-65:-60:-55:-50:-45:-40:-35:-30:-25:-20:-15:-10:-5:0:5:10:15:20:25:30:35:40:45:50:55:60:65:70:75:80:85:90:95:100:105:110:115:120,127588.0,765044.0,Thunderstorm Wind,31.081326504588127,-104.50548600979587,34.697119644420745,-100.58082900485525,+proj=laea +lat_0=38 +lon_0=-98 +units=m +a=6370997.0 +ellps=sphere ,192.0,192.0,384000.0,384000.0,-78.03323364257812,37.53199768066406,0.0204081632653061
S773515,ir107/2018/SEVIR_IR107_STORMEVENTS_2018_0701_1231.h5,787,ir107,2018-07-11 00:55:00,-120:-115:-110:-105:-100:-95:-90:-85:-80:-75:-70:-65:-60:-55:-50:-45:-40:-35:-30:-25:-20:-15:-10:-5:0:5:10:15:20:25:30:35:40:45:50:55:60:65:70:75:80:85:90:95:100:105:110:115:120,126152.0,773515.0,Thunderstorm Wind,46.36040513575764,-108.2214343419905,50.12001924346843,-103.58450777606356,+proj=laea +lat_0=38 +lon_0=-98 +units=m +a=6370997.0 +ellps=sphere ,192.0,192.0,384000.0,384000.0,-77.61487579345703,28.19569969177246,0.0
S780617,ir107/2018/SEVIR_IR107_STORMEVENTS_2018_0701_1231.h5,788,ir107,2018-07-22 16:15:00,-120:-115:-110:-105:-100:-95:-90:-85:-80:-75:-70:-65:-60:-55:-50:-45:-40:-35:-30:-25:-20:-15:-10:-5:0:5:10:15:20:25:30:35:40:45:50:55:60:65:70:75:80:85:90:95:100:105:110:115:120,130346.0,780617.0,Thunderstorm Wind,28.19200455483605,-83.90274673103734,31.00616312919975,-79.36378232956011,+proj=laea +lat_0=38 +lon_0=-98 +units=m +a=6370997.0 +ellps=sphere ,192.0,192.0,384000.0,384000.0,-78.89068603515625,31.34764671325684,0.0
S774731,ir107/2018/SEVIR_IR107_STORMEVENTS_2018_0701_1231.h5,792,ir107,2018-07-03 03:27:00,-122:-117:-112:-107:-102:-97:-92:-87:-82:-77:-72:-67:-62:-57:-52:-47:-42:-37:-32:-27:-22:-17:-12:-7:-2:3:8:13:18:23:28:33:38:43:48:53:58:63:68:73:78:83:88:93:98:103:108:113:118,129306.0,774731.0,Hail,42.95990705875453,-101.217572238766,46.45148116528753,-96.41172300770064,+proj=laea +lat_0=38 +lon_0=-98 +units=m +a=6370997.0 +ellps=sphere ,192.0,192.0,384000.0,384000.0,-74.01779174804688,24.660160064697266,0.0
S770301,ir107/2018/SEVIR_IR107_STORMEVENTS_2018_0701_1231.h5,802,ir107,2018-08-14 22:54:00,-119:-114:-109:-104:-99:-94:-89:-84:-79:-74:-69:-64:-59:-54:-49:-44:-39:-34:-29:-24:-19:-14:-9:-4:1:6:11:16:21:26:31:36:41:46:51:56:61:66:71:76:81:86:91:96:101:106:111:116:121,128401.0,770301.0,Hail,38.39998366173817,-107.17842212998691,42.106941461386334,-103.01887167783252,+proj=laea +lat_0=38 +lon_0=-98 +units=m +a=6370997.0 +ellps=sphere ,192.0,192.0,384000.0,384000.0,-65.74110412597656,37.30265426635742,0.0
S768252,ir107/2018/SEVIR_IR107_STORMEVENTS_2018_0701_1231.h5,814,ir107,2018-08-09 03:18:00,-118:-113:-108:-103:-98:-93:-88:-83:-78:-73:-68:-63:-58:-53:-48:-43:-38:-33:-28:-23:-18:-13:-8:-3:2:7:12:17:22:27:32:37:42:47:52:57:62:67:72:77:82:87:92:97:102:107:112:117:122,127973.0,768252.0,Thunderstorm Wind,31.41275481451489,-113.62374006069084,35.31920899315384,-110.07893223738908,+proj=laea +lat_0=38 +lon_0=-98 +units=m +a=6370997.0 +ellps=sphere ,192.0,192.0,384000.0,384000.0,-77.13027954101562,31.60080718994141,0.0
S781438,ir107/2018/SEVIR_IR107_STORMEVENTS_2018_0701_1231.h5,822,ir107,2018-08-28 09:36:00,-121:-116:-111:-106:-101:-96:-91:-86:-81:-76:-71:-66:-61:-56:-51:-46:-41:-36:-31:-26:-21:-16:-11:-6:-1:4:9:14:19:24:29:34:39:44:49:54:59:64:69:74:79:79:79:79:99:99:109:114:119,130538.0,781438.0,Hail,41.470060291774026,-98.6718198471436,44.860452805843366,-93.84385268102533,+proj=laea +lat_0=38 +lon_0=-98 +units=m +a=6370997.0 +ellps=sphere ,192.0,192.0,384000.0,384000.0,-73.56883239746094,21.423139572143555,0.0038641758786848
S759948,ir107/2018/SEVIR_IR107_STORMEVENTS_2018_0701_1231.h5,825,ir107,2018-07-27 03:17:00,-122:-117:-112:-107:-102:-97:-92:-87:-82:-77:-72:-67:-62:-57:-52:-47:-42:-37:-32:-27:-22:-17:-12:-7:-2:3:8:13:18:23:28:33:38:43:48:53:58:63:68:73:78:83:88:93:98:103:108:113:118,126762.0,759948.0,Thunderstorm Wind,38.00563699000782,-106.66906836137429,41.69466607228743,-102.50468799335876,+proj=laea +lat_0=38 +lon_0=-98 +units=m +a=6370997.0 +ellps=sphere ,192.0,192.0,384000.0,384000.0,-67.48480987548828,21.596437454223643,0.0
S760284,ir107/2018/SEVIR_IR107_STORMEVENTS_2018_0701_1231.h5,835,ir107,2018-07-21 10:22:00,-122:-117:-112:-107:-102:-97:-92:-87:-82:-77:-72:-67:-62:-57:-52:-47:-42:-37:-32:-27:-22:-17:-12:-7:-2:3:8:13:18:23:28:33:38:43:48:53:58:63:68:73:78:83:88:93:98:103:108:113:118,126753.0,760284.0,Thunderstorm Wind,31.596062517421853,-92.34500767354368,34.75204271182623,-87.90721577084021,+proj=laea +lat_0=38 +lon_0=-98 +units=m +a=6370997.0 +ellps=sphere ,192.0,192.0,384000.0,384000.0,-80.30084991455078,23.17319679260254,0.0
S787557,ir107/2018/SEVIR_IR107_STORMEVENTS_2018_0701_1231.h5,838,ir107,2018-09-12 15:29:00,-119:-114:-109:-104:-99:-94:-89:-84:-79:-74:-69:-64:-59:-54:-49:-44:-39:-34:-29:-24:-19:-14:-9:-4:1:6:11:16:21:26:31:36:41:46:51:56:61:66:71:76:81:86:91:96:101:106:111:116:121,131644.0,787557.0,Flood,25.97114533927293,-99.47243156371596,29.42204661884913,-95.5698024894568,+proj=laea +lat_0=38 +lon_0=-98 +units=m +a=6370997.0 +ellps=sphere ,192.0,192.0,384000.0,384000.0,-69.30511474609375,25.65480232238769,0.0
S776826,ir107/2018/SEVIR_IR107_STORMEVENTS_2018_0701_1231.h5,841,ir107,2018-07-21 07:10:00,-120:-115:-110:-105:-100:-95:-90:-85:-80:-75:-70:-65:-60:-55:-50:-45:-40:-35:-30:-25:-20:-15:-10:-5:0:5:10:15:20:25:30:35:40:45:50:55:60:65:70:75:80:85:90:95:100:105:110:115:120,128299.0,776826.0,Thunderstorm Wind,33.19680310424255,-86.90506459228891,36.11258745936641,-82.15558904633316,+proj=laea +lat_0=38 +lon_0=-98 +units=m +a=6370997.0 +ellps=sphere ,192.0,192.0,384000.0,384000.0,-75.60428619384766,21.79138565063477,0.0
S777270,ir107/2018/SEVIR_IR107_STORMEVENTS_2018_0701_1231.h5,860,ir107,2018-07-21 06:42:00,-122:-117:-112:-107:-102:-97:-92:-87:-82:-77:-72:-67:-62:-57:-52:-47:-42:-37:-32:-27:-22:-17:-12:-7:-2:3:8:13:18:23:28:33:38:43:48:53:58:63:68:73:78:83:88:93:98:103:108:113:118,129752.0,777270.0,Thunderstorm Wind,34.419212415906486,-87.8169423478128,37.36901896661274,-83.0178367347599,+proj=laea +lat_0=38 +lon_0=-98 +units=m +a=6370997.0 +ellps=sphere ,192.0,192.0,384000.0,384000.0,-73.48233032226562,22.61435127258301,0.0
S767072,ir107/2018/SEVIR_IR107_STORMEVENTS_2018_0701_1231.h5,871,ir107,2018-07-29 17:00:00,-120:-115:-110:-105:-100:-95:-90:-85:-80:-75:-70:-65:-60:-55:-50:-45:-40:-35:-30:-25:-20:-15:-10:-5:0:5:10:15:20:25:30:35:40:45:50:55:60:65:70:75:80:85:90:95:100:105:110:115:120,127878.0,767072.0,Heavy Rain,32.51159821499079,-83.69400601347999,35.28636921413634,-78.87107532125455,+proj=laea +lat_0=38 +lon_0=-98 +units=m +a=6370997.0 +ellps=sphere ,192.0,192.0,384000.0,384000.0,-70.21542358398439,29.47685623168945,0.0
S787598,ir107/2018/SEVIR_IR107_STORMEVENTS_2018_0701_1231.h5,875,ir107,2018-09-15 04:40:00,-120:-115:-110:-105:-100:-95:-90:-85:-80:-75:-70:-65:-60:-55:-50:-45:-40:-35:-30:-25:-20:-15:-10:-5:0:5:10:15:20:25:30:35:40:45:50:55:60:65:70:75:80:85:90:95:100:105:110:115:120,131653.0,787598.0,Flood,26.06234310827169,-99.41394894292672,29.510825319662533,-95.50567136139028,+proj=laea +lat_0=38 +lon_0=-98 +units=m +a=6370997.0 +ellps=sphere ,192.0,192.0,384000.0,384000.0,-78.87431335449219,18.37483596801757,0.0
S785159,ir107/2018/SEVIR_IR107_STORMEVENTS_2018_0701_1231.h5,883,ir107,2018-09-24 13:28:00,-118:-113:-108:-103:-98:-93:-88:-83:-78:-73:-68:-63:-58:-53:-48:-43:-38:-33:-28:-23:-18:-13:-8:-3:2:7:12:17:22:27:32:37:42:47:52:57:62:67:72:77:82:87:92:97:102:107:112:117:122,131229.0,785159.0,Lightning,28.85306382091145,-89.03692996357587,31.884983223563854,-84.63476048588926,+proj=laea +lat_0=38 +lon_0=-98 +units=m +a=6370997.0 +ellps=sphere ,192.0,192.0,384000.0,384000.0,-66.44309234619139,24.075292587280277,0.0
S777954,ir107/2018/SEVIR_IR107_STORMEVENTS_2018_0701_1231.h5,886,ir107,2018-08-09 21:03:00,-118:-113:-108:-103:-98:-93:-88:-83:-78:-73:-68:-63:-58:-53:-48:-43:-38:-33:-28:-23:-18:-13:-8:-3:2:7:12:17:22:27:32:37:42:47:52:57:62:67:72:77:82:87:92:97:102:107:112:117:122,129822.0,777954.0,Thunderstorm Wind,32.77410063503535,-86.83093042883014,35.688946915596844,-82.10738650353541,+proj=laea +lat_0=38 +lon_0=-98 +units=m +a=6370997.0 +ellps=sphere ,192.0,192.0,384000.0,384000.0,-77.14029693603516,25.535505294799805,0.0
S786320,ir107/2018/SEVIR_IR107_STORMEVENTS_2018_0701_1231.h5,887,ir107,2018-08-18 23:58:00,-118:-113:-108:-103:-98:-93:-88:-83:-78:-73:-68:-63:-58:-53:-48:-43:-38:-33:-28:-23:-18:-13:-8:-3:2:7:12:17:22:27:32:37:42:47:52:57:62:67:72:77:82:87:92:97:102:107:112:117:122,131402.0,786320.0,Thunderstorm Wind,32.60865321989412,-113.6243790008988,36.51581567911134,-110.041115629206,+proj=laea +lat_0=38 +lon_0=-98 +units=m +a=6370997.0 +ellps=sphere ,192.0,192.0,384000.0,384000.0,-74.02857208251953,40.81442260742188,0.0
R19032013277317,vis/2019/SEVIR_VIS_RANDOMEVENTS_2019_0311_0320.h5,61,vis,2019-03-20 13:25:00,-120:-115:-110:-105:-100:-95:-90:-85:-80:-75:-70:-65:-60:-55:-50:-45:-40:-35:-30:-25:-20:-15:-10:-5:0:5:10:15:20:25:30:35:40:45:50:55:60:65:70:75:80:85:90:95:100:105:110:115:120,,,,32.696125911557886,-122.09939260236668,36.83304466759246,-118.91902324705596,+proj=laea +lat_0=38 +lon_0=-98 +units=m +a=6370997.0 +ellps=sphere ,768.0,768.0,384000.0,384000.0,-0.0030376815702766,0.6387972235679626,0.0003238254123263
R19031121407622,vis/2019/SEVIR_VIS_RANDOMEVENTS_2019_0311_0320.h5,64,vis,2019-03-11 21:40:00,-120:-115:-110:-105:-100:-95:-90:-85:-80:-75:-70:-65:-60:-55:-50:-45:-40:-35:-30:-25:-20:-15:-10:-5:0:5:10:15:20:25:30:35:40:45:50:55:60:65:70:75:80:85:90:95:100:105:110:115:120,,,,32.29558151304021,-89.1844073520376,35.31568538904509,-84.58219937177418,+proj=laea +lat_0=38 +lon_0=-98 +units=m +a=6370997.0 +ellps=sphere ,768.0,768.0,384000.0,384000.0,0.0004864482325501,0.8994866609573364,0.0
R19031708507874,vis/2019/SEVIR_VIS_RANDOMEVENTS_2019_0311_0320.h5,88,vis,2019-03-17 08:50:00,-120:-115:-110:-105:-100:-95:-90:-85:-80:-75:-70:-65:-60:-55:-50:-45:-40:-35:-30:-25:-20:-15:-10:-5:0:5:10:15:20:25:30:35:40:45:50:55:60:65:70:75:80:85:90:95:100:105:110:115:120,,,,36.691788875069705,-98.98691932990502,40.099117896428815,-94.51936897961583,+proj=laea +lat_0=38 +lon_0=-98 +units=m +a=6370997.0 +ellps=sphere ,768.0,768.0,384000.0,384000.0,-0.0028810917865484,0.0038301134482026,0.0
R19031812277278,vis/2019/SEVIR_VIS_RANDOMEVENTS_2019_0311_0320.h5,115,vis,2019-03-18 12:25:00,-120:-115:-110:-105:-100:-95:-90:-85:-80:-75:-70:-65:-60:-55:-50:-45:-40:-35:-30:-25:-20:-15:-10:-5:0:5:10:15:20:25:30:35:40:45:50:55:60:65:70:75:80:85:90:95:100:105:110:115:120,,,,23.90785314478175,-98.2343118443025,27.322172822190797,-94.37057147509104,+proj=laea +lat_0=38 +lon_0=-98 +units=m +a=6370997.0 +ellps=sphere ,768.0,768.0,384000.0,384000.0,-0.0034404322504997,0.8400469422340393,0.0
R19010904277867,vis/2019/SEVIR_VIS_RANDOMEVENTS_2019_0101_0110.h5,5,vis,2019-01-09 04:25:00,-120:-115:-110:-105:-100:-95:-90:-85:-80:-75:-70:-70:-60:-55:-50:-45:-40:-35:-30:-25:-20:-15:-10:-5:0:5:10:15:20:25:30:35:40:45:50:55:60:65:70:75:80:85:90:95:100:105:110:115:120,,,,45.33304182717803,-119.39388854648008,49.44056538854785,-115.63433938973247,+proj=laea +lat_0=38 +lon_0=-98 +units=m +a=6370997.0 +ellps=sphere ,768.0,768.0,384000.0,384000.0,-0.0029349520336836,0.0037011110689491,0.0
R19010510528266,vis/2019/SEVIR_VIS_RANDOMEVENTS_2019_0101_0110.h5,46,vis,2019-01-05 10:50:00,-120:-115:-110:-105:-100:-95:-90:-85:-80:-75:-70:-65:-60:-55:-50:-45:-40:-35:-30:-25:-20:-15:-10:-5:0:5:10:15:20:25:30:35:40:45:50:55:60:65:70:75:80:85:90:95:100:105:110:115:120,,,,41.442866730845054,-78.56953466664619,43.90251065409701,-72.76261716550115,+proj=laea +lat_0=38 +lon_0=-98 +units=m +a=6370997.0 +ellps=sphere ,768.0,768.0,384000.0,384000.0,-0.0031273260246962,0.3997189700603485,0.0
R19012121117387,vis/2019/SEVIR_VIS_RANDOMEVENTS_2019_0121_0131.h5,30,vis,2019-01-21 21:10:00,-120:-115:-110:-105:-100:-95:-90:-85:-80:-75:-70:-65:-60:-55:-50:-45:-40:-35:-30:-25:-20:-15:-10:-5:0:5:10:15:20:25:30:35:40:45:50:55:60:65:70:75:80:85:90:95:100:105:110:115:120,,,,33.29567545222764,-119.78838952998991,37.375047358644366,-116.4806543790007,+proj=laea +lat_0=38 +lon_0=-98 +units=m +a=6370997.0 +ellps=sphere ,768.0,768.0,384000.0,384000.0,0.0216370560228824,0.8161837458610535,0.0
R19012723028155,vis/2019/SEVIR_VIS_RANDOMEVENTS_2019_0121_0131.h5,87,vis,2019-01-27 23:00:00,-120:-115:-110:-105:-100:-95:-90:-85:-80:-75:-70:-65:-60:-55:-50:-45:-40:-35:-30:-25:-20:-15:-10:-5:0:5:10:15:20:25:30:35:40:45:50:55:60:65:70:75:80:85:90:95:100:105:110:115:120,,,,40.554285498482734,-97.98816648980257,43.91773566920787,-93.19655385568106,+proj=laea +lat_0=38 +lon_0=-98 +units=m +a=6370997.0 +ellps=sphere ,768.0,768.0,384000.0,384000.0,-0.0030721826478838,0.4102046489715576,0.0
R18092910038218,vis/2018/SEVIR_VIS_RANDOMEVENTS_2018_0921_0930.h5,8,vis,2018-09-29 10:00:00,-120:-115:-110:-105:-100:-95:-90:-85:-80:-75:-70:-65:-60:-55:-50:-45:-40:-35:-30:-25:-20:-15:-10:-5:0:5:10:15:20:25:30:35:40:45:50:55:60:65:70:75:80:85:90:95:100:105:110:115:120,,,,40.8984165279882,-79.16207810712015,43.39304176672044,-73.43848312704397,+proj=laea +lat_0=38 +lon_0=-98 +units=m +a=6370997.0 +ellps=sphere ,768.0,768.0,384000.0,384000.0,-0.0032177586108446,0.3882190287113189,0.0
R18092820257412,vis/2018/SEVIR_VIS_RANDOMEVENTS_2018_0921_0930.h5,27,vis,2018-09-28 20:25:00,-120:-115:-110:-105:-100:-95:-90:-85:-80:-75:-70:-65:-60:-55:-50:-45:-40:-35:-30:-25:-20:-15:-10:-5:0:5:10:15:20:25:30:35:40:45:50:55:60:65:70:75:80:85:90:95:100:105:110:115:120,,,,27.61710030778205,-96.62525256044404,30.957209523324853,-92.55297864375233,+proj=laea +lat_0=38 +lon_0=-98 +units=m +a=6370997.0 +ellps=sphere ,768.0,768.0,384000.0,384000.0,0.0165068786591291,1.2159581184387207,0.0001411005482922
R18092308287400,vis/2018/SEVIR_VIS_RANDOMEVENTS_2018_0921_0930.h5,38,vis,2018-09-23 08:25:00,-120:-115:-110:-105:-100:-95:-90:-85:-80:-75:-70:-65:-60:-55:-50:-45:-40:-35:-30:-25:-20:-15:-10:-5:0:5:10:15:20:25:30:35:40:45:50:55:60:65:70:75:80:85:90:95:100:105:110:115:120,,,,27.31173587541485,-96.77049570627396,30.65847546090751,-92.71719408994628,+proj=laea +lat_0=38 +lon_0=-98 +units=m +a=6370997.0 +ellps=sphere ,768.0,768.0,384000.0,384000.0,-0.003257957054302,0.0035100013483315,0.0
R18092206157943,vis/2018/SEVIR_VIS_RANDOMEVENTS_2018_0921_0930.h5,45,vis,2018-09-22 06:15:00,-120:-115:-110:-105:-100:-95:-90:-85:-80:-75:-70:-65:-60:-55:-50:-45:-40:-35:-30:-25:-20:-15:-10:-5:0:5:10:15:20:25:30:35:40:45:50:55:60:65:70:75:80:85:90:95:100:105:110:115:120,,,,37.42556315937944,-83.24843816770165,40.14763241705574,-78.02725638008302,+proj=laea +lat_0=38 +lon_0=-98 +units=m +a=6370997.0 +ellps=sphere ,768.0,768.0,384000.0,384000.0,-0.003607282647863,0.0039018518291413,0.0
R18092206157671,vis/2018/SEVIR_VIS_RANDOMEVENTS_2018_0921_0930.h5,47,vis,2018-09-22 06:15:00,-120:-115:-110:-105:-100:-95:-90:-85:-80:-75:-70:-65:-60:-55:-50:-45:-40:-35:-30:-25:-20:-15:-10:-5:0:5:10:15:20:25:30:35:40:45:50:55:60:65:70:75:80:85:90:95:100:105:110:115:120,,,,32.949657227816594,-94.37993436484128,36.18338840891471,-89.94244969312517,+proj=laea +lat_0=38 +lon_0=-98 +units=m +a=6370997.0 +ellps=sphere ,768.0,768.0,384000.0,384000.0,-0.0035580655094236,0.004605115391314,0.0
R18093001567472,vis/2018/SEVIR_VIS_RANDOMEVENTS_2018_0921_0930.h5,60,vis,2018-09-30 01:55:00,-120:-115:-110:-105:-100:-95:-90:-85:-80:-75:-70:-65:-60:-55:-50:-45:-40:-35:-30:-25:-20:-15:-10:-5:0:5:10:15:20:25:30:35:40:45:50:55:60:65:70:75:80:85:90:95:100:105:110:115:120,,,,29.207993404622982,-92.95285327331104,32.398795655530485,-88.67071968683308,+proj=laea +lat_0=38 +lon_0=-98 +units=m +a=6370997.0 +ellps=sphere ,768.0,768.0,384000.0,384000.0,-0.0033433262724429,0.1764598339796066,0.0
R18092114077683,vis/2018/SEVIR_VIS_RANDOMEVENTS_2018_0921_0930.h5,74,vis,2018-09-21 14:05:00,-120:-115:-110:-105:-100:-95:-90:-85:-80:-75:-70:-65:-60:-55:-50:-45:-40:-35:-30:-25:-20:-15:-10:-5:0:5:10:15:20:25:30:35:40:45:50:55:60:65:70:75:80:85:90:95:100:105:110:115:120,,,,34.06772027608972,-103.77722161951316,37.655249604961135,-99.681306912392,+proj=laea +lat_0=38 +lon_0=-98 +units=m +a=6370997.0 +ellps=sphere ,768.0,768.0,384000.0,384000.0,-0.0029270183295011,1.1284449100494385,0.0
R18092206307773,vis/2018/SEVIR_VIS_RANDOMEVENTS_2018_0921_0930.h5,97,vis,2018-09-22 06:30:00,-120:-115:-110:-105:-100:-95:-90:-85:-80:-75:-70:-65:-60:-55:-50:-45:-40:-35:-30:-25:-20:-15:-10:-5:0:5:10:15:20:25:30:35:40:45:50:55:60:65:70:75:80:85:90:95:100:105:110:115:120,,,,34.83022655817582,-97.06907420500856,38.16591806064815,-92.63114815691222,+proj=laea +lat_0=38 +lon_0=-98 +units=m +a=6370997.0 +ellps=sphere ,768.0,768.0,384000.0,384000.0,-0.0039812140166759,0.0036432698834687,0.0
R18092206307772,vis/2018/SEVIR_VIS_RANDOMEVENTS_2018_0921_0930.h5,99,vis,2018-09-22 06:30:00,-120:-115:-110:-105:-100:-95:-90:-85:-80:-75:-70:-65:-60:-55:-50:-45:-40:-35:-30:-25:-20:-15:-10:-5:0:5:10:15:20:25:30:35:40:45:50:55:60:65:70:75:80:85:90:95:100:105:110:115:120,,,,34.65799203675052,-90.5797932521638,37.72725791064703,-85.8764394783023,+proj=laea +lat_0=38 +lon_0=-98 +units=m +a=6370997.0 +ellps=sphere ,768.0,768.0,384000.0,384000.0,-0.0041827578097581,0.0036063846200704,0.0
R18093001397443,vis/2018/SEVIR_VIS_RANDOMEVENTS_2018_0921_0930.h5,114,vis,2018-09-30 01:35:00,-120:-115:-110:-105:-100:-95:-90:-85:-80:-75:-70:-65:-60:-55:-50:-45:-40:-35:-30:-25:-20:-15:-10:-5:0:5:10:15:20:25:30:35:40:45:50:55:60:65:70:75:80:85:90:95:100:105:110:115:120,,,,29.579423826617862,-85.58771282861578,32.458638046050105,-81.02317366001313,+proj=laea +lat_0=38 +lon_0=-98 +units=m +a=6370997.0 +ellps=sphere ,768.0,768.0,384000.0,384000.0,-0.0034099461045116,0.0176024548709392,0.0
R18093015187460,vis/2018/SEVIR_VIS_RANDOMEVENTS_2018_0921_0930.h5,122,vis,2018-09-30 15:15:00,-120:-115:-110:-105:-100:-95:-90:-85:-80:-75:-70:-65:-60:-55:-50:-45:-40:-35:-30:-25:-20:-15:-10:-5:0:5:10:15:20:25:30:35:40:45:50:55:60:65:70:75:80:85:90:95:100:105:110:115:120,,,,28.76684961919537,-95.72952283497337,32.06848481348591,-91.57069221856707,+proj=laea +lat_0=38 +lon_0=-98 +units=m +a=6370997.0 +ellps=sphere ,768.0,768.0,384000.0,384000.0,0.0106970565393567,1.2141577005386353,0.0134604317801339
R18092218227700,vis/2018/SEVIR_VIS_RANDOMEVENTS_2018_0921_0930.h5,132,vis,2018-09-22 18:20:00,-120:-115:-110:-105:-100:-95:-90:-85:-80:-75:-70:-65:-60:-55:-50:-45:-40:-35:-30:-25:-20:-15:-10:-5:0:5:10:15:20:25:30:35:40:45:50:55:60:65:70:75:80:85:90:95:100:105:110:115:120,,,,33.45199406032855,-93.56040730189724,36.65074274025461,-89.05880444341305,+proj=laea +lat_0=38 +lon_0=-98 +units=m +a=6370997.0 +ellps=sphere ,768.0,768.0,384000.0,384000.0,0.0284636337310075,1.220109462738037,0.0
R18092218227862,vis/2018/SEVIR_VIS_RANDOMEVENTS_2018_0921_0930.h5,133,vis,2018-09-22 18:20:00,-120:-115:-110:-105:-100:-95:-90:-85:-80:-75:-70:-65:-60:-55:-50:-45:-40:-35:-30:-25:-20:-15:-10:-5:0:5:10:15:20:25:30:35:40:45:50:55:60:65:70:75:80:85:90:95:100:105:110:115:120,,,,36.21222951585676,-85.39757769087477,39.04279445236581,-80.36532388821128,+proj=laea +lat_0=38 +lon_0=-98 +units=m +a=6370997.0 +ellps=sphere ,768.0,768.0,384000.0,384000.0,0.0217290036380291,1.220109462738037,0.0
R18092218227111,vis/2018/SEVIR_VIS_RANDOMEVENTS_2018_0921_0930.h5,134,vis,2018-09-22 18:20:00,-120:-115:-110:-105:-100:-95:-90:-85:-80:-75:-70:-65:-60:-55:-50:-45:-40:-35:-30:-25:-20:-15:-10:-5:0:5:10:15:20:25:30:35:40:45:50:55:60:65:70:75:80:85:90:95:100:105:110:115:120,,,,22.963340537030174,-83.74832191424555,25.8108313867108,-79.48390600165544,+proj=laea +lat_0=38 +lon_0=-98 +units=m +a=6370997.0 +ellps=sphere ,768.0,768.0,384000.0,384000.0,0.0122797396034002,1.220109462738037,0.0
R18092406477688,vis/2018/SEVIR_VIS_RANDOMEVENTS_2018_0921_0930.h5,145,vis,2018-09-24 06:45:00,-120:-115:-110:-105:-100:-95:-90:-85:-80:-75:-70:-65:-60:-55:-50:-45:-40:-35:-30:-25:-20:-15:-10:-5:0:5:10:15:20:25:30:35:40:45:50:55:60:65:70:75:80:85:90:95:100:105:110:115:120,,,,33.25723997847784,-92.98939916248656,36.43324605591194,-88.47661089912431,+proj=laea +lat_0=38 +lon_0=-98 +units=m +a=6370997.0 +ellps=sphere ,768.0,768.0,384000.0,384000.0,-0.0032946246210485,0.0042069912888109,0.0
R18092406477423,vis/2018/SEVIR_VIS_RANDOMEVENTS_2018_0921_0930.h5,149,vis,2018-09-24 06:45:00,-120:-115:-110:-105:-100:-95:-90:-85:-80:-75:-70:-65:-60:-55:-50:-45:-40:-35:-30:-25:-20:-15:-10:-5:0:5:10:15:20:25:30:35:40:45:50:55:60:65:70:75:80:85:90:95:100:105:110:115:120,,,,27.991222198878468,-94.99619108646904,31.26762038215541,-90.84860917191278,+proj=laea +lat_0=38 +lon_0=-98 +units=m +a=6370997.0 +ellps=sphere ,768.0,768.0,384000.0,384000.0,-0.0034578526392579,0.0037512311246246,0.0
R18092920477507,vis/2018/SEVIR_VIS_RANDOMEVENTS_2018_0921_0930.h5,154,vis,2018-09-29 20:45:00,-120:-115:-110:-105:-100:-95:-90:-85:-80:-75:-70:-65:-60:-55:-50:-45:-40:-35:-30:-25:-20:-15:-10:-5:0:5:10:15:20:25:30:35:40:45:50:55:60:65:70:75:80:85:90:95:100:105:110:115:120,,,,29.775167425846032,-96.10863742088718,33.08776189122035,-91.91371406580365,+proj=laea +lat_0=38 +lon_0=-98 +units=m +a=6370997.0 +ellps=sphere ,768.0,768.0,384000.0,384000.0,0.0205616746097803,0.8643613457679749,0.0
R18092920477097,vis/2018/SEVIR_VIS_RANDOMEVENTS_2018_0921_0930.h5,158,vis,2018-09-29 20:45:00,-120:-115:-110:-105:-100:-95:-90:-85:-80:-75:-70:-65:-60:-55:-50:-45:-40:-35:-30:-25:-20:-15:-10:-5:0:5:10:15:20:25:30:35:40:45:50:55:60:65:70:75:80:85:90:95:100:105:110:115:120,,,,22.66424039892023,-83.5500168992569,25.505656090651,-79.294311380548,+proj=laea +lat_0=38 +lon_0=-98 +units=m +a=6370997.0 +ellps=sphere ,768.0,768.0,384000.0,384000.0,0.0019102304941043,1.1706454753875732,0.0
R19041215417493,vis/2019/SEVIR_VIS_RANDOMEVENTS_2019_0411_0420.h5,25,vis,2019-04-12 15:39:00,-120:-115:-110:-105:-100:-95:-90:-85:-80:-75:-70:-65:-60:-55:-50:-45:-40:-35:-30:-25:-20:-15:-10:-5:0:5:10:15:20:25:30:35:40:45:50:55:60:65:70:75:80:85:90:95:100:105:110:115:120,,,,30.87717901716876,-83.2365355324757,33.64219012766711,-78.50783256122817,+proj=laea +lat_0=38 +lon_0=-98 +units=m +a=6370997.0 +ellps=sphere ,768.0,768.0,384000.0,384000.0,0.0160041078925132,1.2113806009292605,0.0
R19041509407625,vis/2019/SEVIR_VIS_RANDOMEVENTS_2019_0411_0420.h5,32,vis,2019-04-15 09:39:00,-120:-115:-110:-105:-100:-95:-90:-85:-80:-75:-70:-65:-60:-55:-50:-45:-40:-35:-30:-25:-20:-15:-10:-5:0:5:10:15:20:25:30:35:40:45:50:55:60:65:70:75:80:85:90:95:100:105:110:115:120,,,,32.3052060727947,-89.79253006919237,35.35127884201824,-85.21308056898063,+proj=laea +lat_0=38 +lon_0=-98 +units=m +a=6370997.0 +ellps=sphere ,768.0,768.0,384000.0,384000.0,-0.0032648087944835,0.0341018438339233,0.0
R19041509408475,vis/2019/SEVIR_VIS_RANDOMEVENTS_2019_0411_0420.h5,36,vis,2019-04-15 09:39:00,-120:-115:-110:-105:-100:-95:-90:-85:-80:-75:-70:-65:-60:-55:-50:-45:-40:-35:-30:-25:-20:-15:-10:-5:0:5:10:15:20:25:30:35:40:45:50:55:60:65:70:75:80:85:90:95:100:105:110:115:120,,,,43.852328510971184,-74.07327291787523,46.04803774956986,-67.79361667814008,+proj=laea +lat_0=38 +lon_0=-98 +units=m +a=6370997.0 +ellps=sphere ,768.0,768.0,384000.0,384000.0,-0.0029196322429925,0.468380868434906,0.0
R19041509408069,vis/2019/SEVIR_VIS_RANDOMEVENTS_2019_0411_0420.h5,39,vis,2019-04-15 09:39:00,-120:-115:-110:-105:-100:-95:-90:-85:-80:-75:-70:-65:-60:-55:-50:-45:-40:-35:-30:-25:-20:-15:-10:-5:0:5:10:15:20:25:30:35:40:45:50:55:60:65:70:75:80:85:90:95:100:105:110:115:120,,,,39.729217521552265,-75.7353573671327,42.05438400320035,-69.99147243900083,+proj=laea +lat_0=38 +lon_0=-98 +units=m +a=6370997.0 +ellps=sphere ,768.0,768.0,384000.0,384000.0,-0.003412501187995,0.592700183391571,0.0
R19041123167525,vis/2019/SEVIR_VIS_RANDOMEVENTS_2019_0411_0420.h5,51,vis,2019-04-11 23:14:00,-120:-115:-110:-105:-100:-95:-90:-85:-80:-75:-70:-65:-60:-55:-50:-45:-40:-35:-30:-25:-20:-15:-10:-5:0:5:10:15:20:25:30:35:40:45:50:55:60:65:70:75:80:85:90:95:100:105:110:115:120,,,,30.758693608613616,-104.77578687099148,34.384145220395695,-100.87607572144309,+proj=laea +lat_0=38 +lon_0=-98 +units=m +a=6370997.0 +ellps=sphere ,768.0,768.0,384000.0,384000.0,0.0004605948051903,0.8205180764198303,0.0
R19041123168697,vis/2019/SEVIR_VIS_RANDOMEVENTS_2019_0411_0420.h5,52,vis,2019-04-11 23:14:00,-120:-115:-110:-105:-100:-95:-90:-85:-80:-75:-70:-65:-60:-55:-50:-45:-40:-35:-30:-25:-20:-15:-10:-5:0:5:10:15:20:25:30:35:40:45:50:55:60:65:70:75:80:85:90:95:100:105:110:115:120,,,,45.5680340693131,-91.3899953945695,48.6373616793711,-85.7616252544116,+proj=laea +lat_0=38 +lon_0=-98 +units=m +a=6370997.0 +ellps=sphere ,768.0,768.0,384000.0,384000.0,-0.0029224902391433,0.7142890691757202,0.0
R19041123168211,vis/2019/SEVIR_VIS_RANDOMEVENTS_2019_0411_0420.h5,54,vis,2019-04-11 23:14:00,-120:-115:-110:-105:-100:-95:-90:-85:-80:-75:-70:-65:-60:-55:-50:-45:-40:-35:-30:-25:-20:-15:-10:-5:0:5:10:15:20:25:30:35:40:45:50:55:60:65:70:75:80:85:90:95:100:105:110:115:120,,,,40.59789421330788,-91.89545533604704,43.70355829397458,-86.78931222392667,+proj=laea +lat_0=38 +lon_0=-98 +units=m +a=6370997.0 +ellps=sphere ,768.0,768.0,384000.0,384000.0,-0.0031083680223673,0.8773564696311951,0.0
R19041506128118,vis/2019/SEVIR_VIS_RANDOMEVENTS_2019_0411_0420.h5,60,vis,2019-04-15 06:09:00,-120:-115:-110:-105:-100:-95:-90:-85:-80:-75:-70:-65:-60:-55:-50:-45:-40:-35:-30:-25:-20:-15:-10:-5:0:5:10:15:20:25:30:35:40:45:50:55:60:65:70:75:80:85:90:95:100:105:110:115:120,,,,39.860996377218704,-78.94746970353054,42.35261819168472,-73.32107890170106,+proj=laea +lat_0=38 +lon_0=-98 +units=m +a=6370997.0 +ellps=sphere ,768.0,768.0,384000.0,384000.0,-0.0032425383105874,0.6995577216148376,0.0151044019495819
R19041506128115,vis/2019/SEVIR_VIS_RANDOMEVENTS_2019_0411_0420.h5,64,vis,2019-04-15 06:09:00,-120:-115:-110:-105:-100:-95:-90:-85:-80:-75:-70:-65:-60:-55:-50:-45:-40:-35:-30:-25:-20:-15:-10:-5:0:5:10:15:20:25:30:35:40:45:50:55:60:65:70:75:80:85:90:95:100:105:110:115:120,,,,39.90409718414245,-78.31808580104118,42.3629804297054,-72.66122493874144,+proj=laea +lat_0=38 +lon_0=-98 +units=m +a=6370997.0 +ellps=sphere ,768.0,768.0,384000.0,384000.0,-0.0032425383105874,0.6995577216148376,0.0173962305462549
R19041412407696,vis/2019/SEVIR_VIS_RANDOMEVENTS_2019_0411_0420.h5,95,vis,2019-04-14 12:39:00,-120:-115:-110:-105:-100:-95:-90:-85:-80:-75:-70:-65:-60:-55:-50:-45:-40:-35:-30:-25:-20:-15:-10:-5:0:5:10:15:20:25:30:35:40:45:50:55:60:65:70:75:80:85:90:95:100:105:110:115:120,,,,33.42576451853789,-91.19800009538606,36.526446606771614,-86.60215178902314,+proj=laea +lat_0=38 +lon_0=-98 +units=m +a=6370997.0 +ellps=sphere ,768.0,768.0,384000.0,384000.0,-0.0030667153187096,1.0018261671066284,0.0
R19041412407976,vis/2019/SEVIR_VIS_RANDOMEVENTS_2019_0411_0420.h5,98,vis,2019-04-14 12:39:00,-120:-115:-110:-105:-100:-95:-90:-85:-80:-75:-70:-65:-60:-55:-50:-45:-40:-35:-30:-25:-20:-15:-10:-5:0:5:10:15:20:25:30:35:40:45:50:55:60:65:70:75:80:85:90:95:100:105:110:115:120,,,,37.79398495375273,-83.81058741983306,40.54067067811476,-78.5810084780004,+proj=laea +lat_0=38 +lon_0=-98 +units=m +a=6370997.0 +ellps=sphere ,768.0,768.0,384000.0,384000.0,-0.0026945704594254,0.7086844444274902,0.0
R19041412407658,vis/2019/SEVIR_VIS_RANDOMEVENTS_2019_0411_0420.h5,100,vis,2019-04-14 12:39:00,-120:-115:-110:-105:-100:-95:-90:-85:-80:-75:-70:-65:-60:-55:-50:-45:-40:-35:-30:-25:-20:-15:-10:-5:0:5:10:15:20:25:30:35:40:45:50:55:60:65:70:75:80:85:90:95:100:105:110:115:120,,,,33.37747698937782,-84.25636543933621,36.17244669129156,-79.39316929025713,+proj=laea +lat_0=38 +lon_0=-98 +units=m +a=6370997.0 +ellps=sphere ,768.0,768.0,384000.0,384000.0,-0.0026504071429371,0.8193839192390442,0.0
R19041405198050,vis/2019/SEVIR_VIS_RANDOMEVENTS_2019_0411_0420.h5,103,vis,2019-04-14 05:19:00,-120:-115:-110:-105:-100:-95:-90:-85:-80:-75:-70:-65:-60:-55:-50:-45:-40:-35:-30:-25:-20:-15:-10:-5:0:5:10:15:20:25:30:35:40:45:50:55:60:65:70:75:80:85:90:95:100:105:110:115:120,,,,39.43235565945052,-76.40345007554795,41.7954583026068,-70.71634956347316,+proj=laea +lat_0=38 +lon_0=-98 +units=m +a=6370997.0 +ellps=sphere ,768.0,768.0,384000.0,384000.0,-0.0033519070129841,0.0388111919164657,0.0435408334883432
R19041405197684,vis/2019/SEVIR_VIS_RANDOMEVENTS_2019_0411_0420.h5,106,vis,2019-04-14 05:19:00,-120:-115:-110:-105:-100:-95:-90:-85:-80:-75:-70:-65:-60:-55:-50:-45:-40:-35:-30:-25:-20:-15:-10:-5:0:5:10:15:20:25:30:35:40:45:50:55:60:65:70:75:80:85:90:95:100:105:110:115:120,,,,33.20352129494909,-91.72229834384144,36.327142768148505,-87.16175572808834,+proj=laea +lat_0=38 +lon_0=-98 +units=m +a=6370997.0 +ellps=sphere ,768.0,768.0,384000.0,384000.0,-0.0035131194163113,0.545365035533905,0.0046410939050099
S793422,vis/2018/SEVIR_VIS_STORMEVENTS_2018_1101_1130.h5,15,vis,2018-12-01 05:17:00,-122:-117:-112:-107:-102:-97:-92:-87:-82:-77:-72:-67:-62:-57:-52:-47:-42:-37:-32:-27:-22:-17:-12:-7:-2:3:8:13:18:23:28:33:38:43:48:53:58:63:68:73:78:83:88:93:98:103:108:113:118,132590.0,793422.0,Thunderstorm Wind,31.34119978721981,-97.87385736668806,34.71654098287048,-93.66704864234109,+proj=laea +lat_0=38 +lon_0=-98 +units=m +a=6370997.0 +ellps=sphere ,768.0,768.0,384000.0,384000.0,-0.0032481374219059,0.0036381296813488,0.0
S830464,vil/2019/SEVIR_VIL_STORMEVENTS_2019_0101_0630.h5,3,vil,2019-05-10 03:25:00,-120:-115:-110:-105:-100:-95:-90:-85:-80:-75:-70:-65:-60:-55:-50:-45:-40:-35:-30:-25:-20:-15:-10:-5:0:5:10:15:20:25:30:35:40:45:50:55:60:65:70:75:80:85:90:95:100:105:110:115:120,137256.0,830464.0,Flash Flood,28.237520440897327,-97.32870551834472,31.60184782722301,-93.25315835353588,+proj=laea +lat_0=38 +lon_0=-98 +units=m +a=6370997.0 +ellps=sphere ,384.0,384.0,384000.0,384000.0,0.0,254.0,0.2653061224489796
S807772,vil/2019/SEVIR_VIL_STORMEVENTS_2019_0101_0630.h5,8,vil,2019-04-15 07:40:00,-120:-115:-110:-105:-100:-95:-90:-85:-80:-75:-70:-65:-60:-55:-50:-45:-40:-35:-30:-25:-20:-15:-10:-5:0:5:10:15:20:25:30:35:40:45:50:55:60:65:70:75:80:85:90:95:100:105:110:115:120,134771.0,807772.0,Thunderstorm Wind,38.63292814601488,-77.76426623561976,41.073655925591424,-72.21008541899779,+proj=laea +lat_0=38 +lon_0=-98 +units=m +a=6370997.0 +ellps=sphere ,384.0,384.0,384000.0,384000.0,0.0,254.0,0.0
S808982,vil/2019/SEVIR_VIL_STORMEVENTS_2019_0101_0630.h5,25,vil,2019-04-07 22:34:00,-119:-114:-109:-104:-99:-94:-89:-84:-79:-74:-69:-64:-59:-54:-49:-44:-39:-34:-29:-24:-19:-14:-9:-4:1:6:11:16:21:26:31:36:41:46:51:56:61:66:71:76:81:86:91:96:101:106:111:116:121,134986.0,808982.0,Hail,38.12215950874521,-94.93554343773737,41.36429003457586,-90.17718956576915,+proj=laea +lat_0=38 +lon_0=-98 +units=m +a=6370997.0 +ellps=sphere ,384.0,384.0,384000.0,384000.0,0.0,254.0,0.0
S825312,vil/2019/SEVIR_VIL_STORMEVENTS_2019_0101_0630.h5,35,vil,2019-06-18 00:58:00,-118:-113:-108:-103:-98:-93:-88:-83:-78:-73:-68:-63:-58:-53:-48:-43:-38:-33:-28:-23:-18:-13:-8:-3:2:7:12:17:22:27:32:37:42:47:52:57:62:67:72:77:82:87:92:97:102:107:112:117:122,137431.0,825312.0,Thunderstorm Wind,37.45512400838938,-86.31093750645519,40.32119830283385,-81.21611238433785,+proj=laea +lat_0=38 +lon_0=-98 +units=m +a=6370997.0 +ellps=sphere ,384.0,384.0,384000.0,384000.0,0.0,254.0,0.308621845548115
S817783,vil/2019/SEVIR_VIL_STORMEVENTS_2019_0101_0630.h5,38,vil,2019-05-19 22:04:00,-119:-114:-109:-104:-99:-94:-89:-84:-79:-74:-69:-64:-59:-54:-49:-44:-39:-34:-29:-24:-19:-14:-9:-4:1:6:11:16:21:26:31:36:41:46:51:56:61:66:71:76:81:86:91:96:101:106:111:116:121,136276.0,817783.0,Thunderstorm Wind,36.12999589480837,-84.12393943577692,38.90164472244055,-79.04638974196969,+proj=laea +lat_0=38 +lon_0=-98 +units=m +a=6370997.0 +ellps=sphere ,384.0,384.0,384000.0,384000.0,0.0,254.0,0.0
S835788,vil/2019/SEVIR_VIL_STORMEVENTS_2019_0101_0630.h5,39,vil,2019-06-24 23:20:00,-120:-115:-110:-105:-100:-95:-90:-85:-80:-75:-70:-65:-60:-55:-50:-45:-40:-35:-30:-25:-20:-15:-10:-5:0:5:10:15:20:25:30:35:40:45:50:55:60:65:70:75:80:85:90:95:100:105:110:115:120,138938.0,835788.0,Thunderstorm Wind,37.13081253335275,-83.57127650817758,39.87015290955176,-78.38856690817938,+proj=laea +lat_0=38 +lon_0=-98 +units=m +a=6370997.0 +ellps=sphere ,384.0,384.0,384000.0,384000.0,0.0,254.0,0.5525592968307115
S823789,vil/2019/SEVIR_VIL_STORMEVENTS_2019_0101_0630.h5,46,vil,2019-05-21 03:35:00,-120:-115:-110:-105:-100:-95:-90:-85:-80:-75:-70:-65:-60:-55:-50:-45:-40:-35:-30:-25:-20:-15:-10:-5:0:5:10:15:20:25:30:35:40:45:50:55:60:65:70:75:80:85:90:95:100:105:110:115:120,137246.0,823789.0,Thunderstorm Wind,34.58007948420226,-97.3230715791471,37.926291471966685,-92.91153436501386,+proj=laea +lat_0=38 +lon_0=-98 +units=m +a=6370997.0 +ellps=sphere ,384.0,384.0,384000.0,384000.0,0.0,254.0,0.0
S817358,vil/2019/SEVIR_VIL_STORMEVENTS_2019_0101_0630.h5,47,vil,2019-05-13 19:52:00,-122:-117:-112:-107:-102:-97:-92:-87:-82:-77:-72:-67:-62:-57:-52:-47:-42:-37:-32:-27:-22:-17:-12:-7:-2:3:8:13:18:23:28:33:38:43:48:53:58:63:68:73:78:83:88:93:98:103:108:113:118,136209.0,817358.0,Hail,29.9946354566815,-104.26264410647434,33.6035968009408,-100.37408028855306,+proj=laea +lat_0=38 +lon_0=-98 +units=m +a=6370997.0 +ellps=sphere ,384.0,384.0,384000.0,384000.0,0.0,254.0,0.2031744094122024
S842399,vil/2019/SEVIR_VIL_STORMEVENTS_2019_0101_0630.h5,53,vil,2019-06-27 21:25:00,-120:-115:-110:-105:-100:-95:-90:-85:-80:-75:-70:-65:-60:-55:-50:-45:-40:-35:-30:-25:-20:-15:-10:-5:0:5:10:15:20:25:30:35:40:45:50:55:60:65:70:75:80:85:90:95:100:105:110:115:120,140016.0,842399.0,Thunderstorm Wind,41.88757848247229,-91.39980777128542,44.96745311218264,-86.15146106460861,+proj=laea +lat_0=38 +lon_0=-98 +units=m +a=6370997.0 +ellps=sphere ,384.0,384.0,384000.0,384000.0,0.0,254.0,0.2625657684948979
S819119,vil/2019/SEVIR_VIL_STORMEVENTS_2019_0101_0630.h5,60,vil,2019-05-12 18:56:00,-121:-116:-111:-106:-101:-96:-91:-86:-81:-76:-71:-66:-61:-56:-51:-46:-41:-36:-31:-26:-21:-16:-11:-6:-1:4:9:14:19:24:29:34:39:44:49:54:59:64:69:74:79:84:89:94:99:104:109:114:119,136487.0,819119.0,Thunderstorm Wind,30.00247267507203,-85.24811369994762,32.8639356649046,-80.64585464037263,+proj=laea +lat_0=38 +lon_0=-98 +units=m +a=6370997.0 +ellps=sphere ,384.0,384.0,384000.0,384000.0,0.0,254.0,0.0
S838131,vil/2019/SEVIR_VIL_STORMEVENTS_2019_0101_0630.h5,76,vil,2019-06-15 05:05:00,-120:-115:-110:-105:-100:-95:-90:-85:-80:-75:-70:-65:-60:-55:-50:-45:-40:-35:-30:-25:-20:-15:-10:-5:0:5:10:15:20:25:30:35:40:45:50:55:60:65:70:75:80:85:90:95:100:105:110:115:120,139344.0,838131.0,Thunderstorm Wind,35.90937519990077,-100.2650416003163,39.36663562732667,-95.90602272767576,+proj=laea +lat_0=38 +lon_0=-98 +units=m +a=6370997.0 +ellps=sphere ,384.0,384.0,384000.0,384000.0,0.0,254.0,0.0
S836483,vil/2019/SEVIR_VIL_STORMEVENTS_2019_0101_0630.h5,91,vil,2019-06-14 21:22:00,-122:-117:-112:-107:-102:-97:-92:-87:-82:-77:-72:-67:-62:-57:-52:-47:-42:-37:-32:-27:-22:-17:-12:-7:-2:3:8:13:18:23:28:33:38:43:48:53:58:63:68:73:78:83:88:93:98:103:108:113:118,139069.0,836483.0,Hail,45.66096429752899,-113.20304066636815,49.58615481159597,-108.97157092250964,+proj=laea +lat_0=38 +lon_0=-98 +units=m +a=6370997.0 +ellps=sphere ,384.0,384.0,384000.0,384000.0,0.0,254.0,0.1113043199050453
S838368,vil/2019/SEVIR_VIL_STORMEVENTS_2019_0101_0630.h5,125,vil,2019-06-29 19:20:00,-120:-115:-110:-105:-100:-95:-90:-85:-80:-75:-70:-65:-60:-55:-50:-45:-40:-35:-30:-25:-20:-15:-10:-5:0:5:10:15:20:25:30:35:40:45:50:55:60:65:70:75:80:85:90:95:100:105:110:115:120,138098.0,838368.0,Thunderstorm Wind,40.5746913522215,-78.79095237337238,43.05267258514471,-73.0852830748965,+proj=laea +lat_0=38 +lon_0=-98 +units=m +a=6370997.0 +ellps=sphere ,384.0,384.0,384000.0,384000.0,0.0,254.0,0.02633895355017
S810893,vil/2019/SEVIR_VIL_STORMEVENTS_2019_0101_0630.h5,137,vil,2019-04-27 22:10:00,-120:-115:-110:-105:-100:-95:-90:-85:-80:-75:-70:-65:-60:-55:-50:-45:-40:-35:-30:-25:-20:-15:-10:-5:0:5:10:15:20:25:30:35:40:45:50:55:60:65:70:75:80:85:90:95:100:105:110:115:120,135234.0,810893.0,Hail,31.81040257425044,-102.92740111931045,35.37021913878603,-98.9041448399901,+proj=laea +lat_0=38 +lon_0=-98 +units=m +a=6370997.0 +ellps=sphere ,384.0,384.0,384000.0,384000.0,0.0,254.0,0.0
S815938,vil/2019/SEVIR_VIL_STORMEVENTS_2019_0101_0630.h5,138,vil,2019-05-28 07:27:00,-122:-117:-112:-107:-102:-97:-92:-87:-82:-77:-72:-67:-62:-57:-52:-47:-42:-37:-32:-27:-22:-17:-12:-7:-2:3:8:13:18:23:28:33:38:43:48:53:58:63:68:73:78:83:88:93:98:103:108:113:118,135977.0,815938.0,Hail,37.854943255218245,-106.99508489251868,41.555083447941605,-102.8561388213954,+proj=laea +lat_0=38 +lon_0=-98 +units=m +a=6370997.0 +ellps=sphere ,384.0,384.0,384000.0,384000.0,0.0,254.0,0.0
S812378,vil/2019/SEVIR_VIL_STORMEVENTS_2019_0101_0630.h5,139,vil,2019-04-24 20:51:00,-121:-116:-111:-106:-101:-96:-91:-86:-81:-76:-71:-66:-61:-56:-51:-46:-41:-36:-31:-26:-21:-16:-11:-6:-1:4:9:14:19:24:29:34:39:44:49:54:59:64:69:74:79:84:89:94:99:104:109:114:119,135448.0,812378.0,Hail,35.57754692322445,-91.64777116185982,38.68888513053565,-86.92530885872904,+proj=laea +lat_0=38 +lon_0=-98 +units=m +a=6370997.0 +ellps=sphere ,384.0,384.0,384000.0,384000.0,0.0,254.0,0.0
S829927,vil/2019/SEVIR_VIL_STORMEVENTS_2019_0101_0630.h5,144,vil,2019-05-19 19:55:00,-120:-115:-110:-105:-100:-95:-90:-85:-80:-75:-70:-65:-60:-55:-50:-45:-40:-35:-30:-25:-20:-15:-10:-5:0:5:10:15:20:25:30:35:40:45:50:55:60:65:70:75:80:85:90:95:100:105:110:115:120,138056.0,829927.0,Hail,29.20053668584813,-95.34933673608124,32.485847087401744,-91.15510045132636,+proj=laea +lat_0=38 +lon_0=-98 +units=m +a=6370997.0 +ellps=sphere ,384.0,384.0,384000.0,384000.0,0.0,254.0,0.0
S831916,vil/2019/SEVIR_VIL_STORMEVENTS_2019_0101_0630.h5,154,vil,2019-06-27 03:50:00,-120:-115:-110:-105:-100:-95:-90:-85:-80:-75:-70:-65:-60:-55:-50:-45:-40:-35:-30:-25:-20:-15:-10:-5:0:5:10:15:20:25:30:35:40:45:50:55:60:65:70:75:80:85:90:95:100:105:110:115:120,138344.0,831916.0,Hail,42.152731354993065,-104.35966074266076,45.763368223439606,-99.80080522437645,+proj=laea +lat_0=38 +lon_0=-98 +units=m +a=6370997.0 +ellps=sphere ,384.0,384.0,384000.0,384000.0,0.0,254.0,0.1465535758574263
S815893,vil/2019/SEVIR_VIL_STORMEVENTS_2019_0101_0630.h5,155,vil,2019-04-23 00:28:00,-118:-113:-108:-103:-98:-93:-88:-83:-78:-73:-68:-63:-58:-53:-48:-43:-38:-33:-28:-23:-18:-13:-8:-3:2:7:12:17:22:27:32:37:42:47:52:57:62:67:72:77:82:87:92:97:102:107:112:117:122,135967.0,815893.0,Hail,39.96243434949532,-92.9518213551368,43.11599954488439,-87.95228853894653,+proj=laea +lat_0=38 +lon_0=-98 +units=m +a=6370997.0 +ellps=sphere ,384.0,384.0,384000.0,384000.0,0.0,254.0,0.0
S809699,vil/2019/SEVIR_VIL_STORMEVENTS_2019_0101_0630.h5,162,vil,2019-04-25 15:01:00,-121:-116:-111:-106:-101:-96:-91:-86:-81:-76:-71:-66:-61:-56:-51:-46:-41:-36:-31:-26:-21:-16:-11:-6:-1:4:9:14:19:24:29:34:39:44:49:54:59:64:69:74:79:84:89:94:99:104:109:114:119,135096.0,809699.0,Thunderstorm Wind,28.38157927933645,-92.29140268987196,31.54962836677416,-88.02872763544242,+proj=laea +lat_0=38 +lon_0=-98 +units=m +a=6370997.0 +ellps=sphere ,384.0,384.0,384000.0,384000.0,0.0,254.0,0.0
S834579,vil/2019/SEVIR_VIL_STORMEVENTS_2019_0101_0630.h5,189,vil,2019-06-27 20:06:00,-121:-116:-111:-106:-101:-96:-91:-86:-81:-76:-71:-66:-61:-56:-51:-46:-41:-36:-31:-26:-21:-16:-11:-6:-1:4:9:14:19:24:29:34:39:44:49:54:59:64:69:74:79:84:89:94:99:104:109:114:119,136950.0,834579.0,Thunderstorm Wind,39.07216687273989,-83.01105158945751,41.77243258538058,-77.63284213927469,+proj=laea +lat_0=38 +lon_0=-98 +units=m +a=6370997.0 +ellps=sphere ,384.0,384.0,384000.0,384000.0,0.0,254.0,0.0
S836537,vil/2019/SEVIR_VIL_STORMEVENTS_2019_0101_0630.h5,197,vil,2019-06-28 01:18:00,-118:-113:-108:-103:-98:-93:-88:-83:-78:-73:-68:-63:-58:-53:-48:-43:-38:-33:-28:-23:-18:-13:-8:-3:2:7:12:17:22:27:32:37:42:47:52:57:62:67:72:77:82:87:92:97:102:107:112:117:122,139080.0,836537.0,Thunderstorm Wind,46.355667737594594,-110.8777143758865,50.20722484525496,-106.42991016340164,+proj=laea +lat_0=38 +lon_0=-98 +units=m +a=6370997.0 +ellps=sphere ,384.0,384.0,384000.0,384000.0,0.0,254.0,0.2205315068735828
S819889,vil/2019/SEVIR_VIL_STORMEVENTS_2019_0101_0630.h5,208,vil,2019-06-17 20:10:00,-120:-115:-110:-105:-100:-95:-90:-85:-80:-75:-70:-65:-60:-55:-50:-45:-40:-35:-30:-25:-20:-15:-10:-5:0:5:10:15:20:25:30:35:40:45:50:55:60:65:70:75:80:85:90:95:100:105:110:115:120,136659.0,819889.0,Hail,33.4278333338432,-107.32366286232626,37.137378877622034,-103.41907065585156,+proj=laea +lat_0=38 +lon_0=-98 +units=m +a=6370997.0 +ellps=sphere ,384.0,384.0,384000.0,384000.0,0.0,254.0,0.0
S814193,vil/2019/SEVIR_VIL_STORMEVENTS_2019_0101_0630.h5,217,vil,2019-05-19 22:40:00,-120:-115:-110:-105:-100:-95:-90:-85:-80:-75:-70:-65:-60:-55:-50:-45:-40:-35:-30:-25:-20:-15:-10:-5:0:5:10:15:20:25:30:35:40:45:50:55:60:65:70:75:80:85:90:95:100:105:110:115:120,135691.0,814193.0,Thunderstorm Wind,34.09677589666874,-121.70385867180498,38.226387805144455,-118.47411819457706,+proj=laea +lat_0=38 +lon_0=-98 +units=m +a=6370997.0 +ellps=sphere ,384.0,384.0,384000.0,384000.0,0.0,254.0,0.0
S820947,vil/2019/SEVIR_VIL_STORMEVENTS_2019_0101_0630.h5,218,vil,2019-04-30 20:29:00,-119:-114:-109:-104:-99:-94:-89:-84:-79:-74:-69:-64:-59:-54:-49:-44:-39:-34:-29:-24:-19:-14:-9:-4:1:6:11:16:21:26:31:36:41:46:51:56:61:66:71:76:81:86:91:96:101:106:111:116:121,136690.0,820947.0,Hail,32.257489809283534,-100.95335504519942,35.74561037456182,-96.8256412233238,+proj=laea +lat_0=38 +lon_0=-98 +units=m +a=6370997.0 +ellps=sphere ,384.0,384.0,384000.0,384000.0,0.0,254.0,0.0
S827498,vil/2019/SEVIR_VIL_STORMEVENTS_2019_0101_0630.h5,219,vil,2019-05-20 23:40:00,-120:-115:-110:-105:-100:-95:-90:-85:-80:-75:-70:-65:-60:-55:-50:-45:-40:-35:-30:-25:-20:-15:-10:-5:0:5:10:15:20:25:30:35:40:45:50:55:60:65:70:75:80:85:90:95:100:105:110:115:120,137355.0,827498.0,Thunderstorm Wind,35.735175257149194,-96.05025561708952,39.0282959512168,-91.50977572098894,+proj=laea +lat_0=38 +lon_0=-98 +units=m +a=6370997.0 +ellps=sphere ,384.0,384.0,384000.0,384000.0,0.0,254.0,0.0
S823822,vil/2019/SEVIR_VIL_STORMEVENTS_2019_0101_0630.h5,230,vil,2019-05-20 18:19:00,-119:-114:-109:-104:-99:-94:-89:-84:-79:-74:-69:-64:-59:-54:-49:-44:-39:-34:-29:-24:-19:-14:-9:-4:1:6:11:16:21:26:31:36:41:46:51:56:61:66:71:76:81:86:91:96:101:106:111:116:121,137246.0,823822.0,Hail,35.04672184708718,-97.1434403665886,38.3848691598246,-92.69542185045572,+proj=laea +lat_0=38 +lon_0=-98 +units=m +a=6370997.0 +ellps=sphere ,384.0,384.0,384000.0,384000.0,0.0,254.0,0.0
S823852,vil/2019/SEVIR_VIL_STORMEVENTS_2019_0101_0630.h5,231,vil,2019-06-22 09:04:00,-119:-114:-109:-104:-99:-94:-89:-84:-79:-74:-69:-64:-59:-54:-49:-44:-39:-34:-29:-24:-19:-14:-9:-4:1:6:11:16:21:26:31:36:41:46:51:56:61:66:71:76:81:86:91:96:101:106:111:116:121,137248.0,823852.0,Thunderstorm Wind,32.03307189621245,-82.80406190565816,34.77006758476904,-77.98194874218268,+proj=laea +lat_0=38 +lon_0=-98 +units=m +a=6370997.0 +ellps=sphere ,384.0,384.0,384000.0,384000.0,0.0,254.0,0.1632653061224489
S819453,vil/2019/SEVIR_VIL_STORMEVENTS_2019_0101_0630.h5,234,vil,2019-05-07 22:00:00,-120:-115:-110:-105:-100:-95:-90:-85:-80:-75:-70:-65:-60:-55:-50:-45:-40:-35:-30:-25:-20:-15:-10:-5:0:5:10:15:20:25:30:35:40:45:50:55:60:65:70:75:80:85:90:95:100:105:110:115:120,136571.0,819453.0,Tornado,40.43457983752693,-116.24330982070973,44.43360556380287,-112.49985699373708,+proj=laea +lat_0=38 +lon_0=-98 +units=m +a=6370997.0 +ellps=sphere ,384.0,384.0,384000.0,384000.0,0.0,227.0,0.3683448151395975
S817502,vil/2019/SEVIR_VIL_STORMEVENTS_2019_0101_0630.h5,235,vil,2019-05-17 00:51:00,-121:-116:-111:-106:-101:-96:-91:-86:-81:-76:-71:-66:-61:-56:-51:-46:-41:-36:-31:-26:-21:-16:-11:-6:-1:4:9:14:19:24:29:34:39:44:49:54:59:64:69:74:79:84:89:94:99:104:109:114:119,136229.0,817502.0,Hail,30.52520796777751,-106.11845950038344,34.196256634409785,-102.28362768830284,+proj=laea +lat_0=38 +lon_0=-98 +units=m +a=6370997.0 +ellps=sphere ,384.0,384.0,384000.0,384000.0,0.0,254.0,0.1836734693877551
S804333,vil/2019/SEVIR_VIL_STORMEVENTS_2019_0101_0630.h5,242,vil,2019-03-09 15:29:00,-119:-114:-109:-104:-99:-94:-89:-84:-79:-74:-69:-64:-59:-54:-49:-44:-39:-34:-29:-24:-19:-14:-9:-4:1:6:11:16:21:26:31:36:41:46:51:56:61:66:71:76:81:86:91:96:101:106:111:116:121,134298.0,804333.0,Thunderstorm Wind,31.301445405348225,-97.07534379763456,34.64638590136239,-92.83888101244864,+proj=laea +lat_0=38 +lon_0=-98 +units=m +a=6370997.0 +ellps=sphere ,384.0,384.0,384000.0,384000.0,0.0,254.0,0.0
S827358,vil/2019/SEVIR_VIL_STORMEVENTS_2019_0101_0630.h5,244,vil,2019-05-07 20:13:00,-118:-113:-108:-103:-98:-93:-88:-83:-78:-73:-68:-63:-58:-53:-48:-43:-38:-33:-28:-23:-18:-13:-8:-3:2:7:12:17:22:27:32:37:42:47:52:57:62:67:72:77:82:87:92:97:102:107:112:117:122,137560.0,827358.0,Thunderstorm Wind,25.28168790168793,-82.3722255065872,28.05020779584945,-77.94821840827775,+proj=laea +lat_0=38 +lon_0=-98 +units=m +a=6370997.0 +ellps=sphere ,384.0,384.0,384000.0,384000.0,0.0,254.0,0.0
S824376,vil/2019/SEVIR_VIL_STORMEVENTS_2019_0101_0630.h5,245,vil,2019-05-29 01:22:00,-122:-117:-112:-107:-102:-97:-92:-87:-82:-77:-72:-67:-62:-57:-52:-47:-42:-37:-32:-27:-22:-17:-12:-7:-2:3:8:13:18:23:28:33:38:43:48:53:58:63:68:73:78:83:88:93:98:103:108:113:118,137341.0,824376.0,Hail,38.885243316185296,-92.61198911014873,42.02708730640674,-87.68438222048289,+proj=laea +lat_0=38 +lon_0=-98 +units=m +a=6370997.0 +ellps=sphere ,384.0,384.0,384000.0,384000.0,0.0,254.0,0.0
S825747,vil/2019/SEVIR_VIL_STORMEVENTS_2019_0101_0630.h5,246,vil,2019-05-07 00:34:00,-119:-114:-109:-104:-99:-94:-89:-84:-79:-74:-69:-64:-59:-54:-49:-44:-39:-34:-29:-24:-19:-14:-9:-4:1:6:11:16:21:26:31:36:41:46:51:56:61:66:71:76:81:86:91:96:101:106:111:116:121,137486.0,825747.0,Hail,33.36215697908116,-104.00897081582268,36.958387843722186,-99.95841645140722,+proj=laea +lat_0=38 +lon_0=-98 +units=m +a=6370997.0 +ellps=sphere ,384.0,384.0,384000.0,384000.0,0.0,254.0,0.1632653061224489
S815393,vil/2019/SEVIR_VIL_STORMEVENTS_2019_0101_0630.h5,251,vil,2019-04-06 19:00:00,-120:-115:-110:-105:-100:-95:-90:-85:-80:-75:-70:-65:-60:-55:-50:-45:-40:-35:-30:-25:-20:-15:-10:-5:0:5:10:15:20:25:30:35:40:45:50:55:60:65:70:75:80:85:90:95:100:105:110:115:120,135859.0,815393.0,Thunderstorm Wind,30.132749308975548,-93.95253458340687,33.35958790503169,-89.65804887924456,+proj=laea +lat_0=38 +lon_0=-98 +units=m +a=6370997.0 +ellps=sphere ,384.0,384.0,384000.0,384000.0,0.0,254.0,0.0
S807481,vil/2019/SEVIR_VIL_STORMEVENTS_2019_0101_0630.h5,262,vil,2019-04-12 11:56:00,-121:-116:-111:-106:-101:-96:-91:-86:-81:-76:-71:-66:-61:-56:-51:-46:-41:-36:-31:-26:-21:-16:-11:-6:-1:4:9:14:19:24:29:34:39:44:49:54:59:64:69:74:79:84:89:94:99:104:109:114:119,134743.0,807481.0,Thunderstorm Wind,38.04418493136245,-86.79355642087847,40.92955825920371,-81.67032990832627,+proj=laea +lat_0=38 +lon_0=-98 +units=m +a=6370997.0 +ellps=sphere ,384.0,384.0,384000.0,384000.0,0.0,254.0,0.0
S822507,vil/2019/SEVIR_VIL_STORMEVENTS_2019_0101_0630.h5,266,vil,2019-06-16 19:45:00,-120:-115:-110:-105:-100:-95:-90:-85:-80:-75:-70:-65:-60:-55:-50:-45:-40:-35:-30:-25:-20:-15:-10:-5:0:5:10:15:20:25:30:35:40:45:50:55:60:65:70:75:80:85:90:95:100:105:110:115:120,137070.0,822507.0,Heavy Rain,27.52824256687313,-84.24322893487981,30.36226677038237,-79.75389120730998,+proj=laea +lat_0=38 +lon_0=-98 +units=m +a=6370997.0 +ellps=sphere ,384.0,384.0,384000.0,384000.0,0.0,254.0,0.0
S830087,vil/2019/SEVIR_VIL_STORMEVENTS_2019_0101_0630.h5,271,vil,2019-06-29 19:08:00,-118:-113:-108:-103:-98:-93:-88:-83:-78:-73:-68:-63:-58:-53:-48:-43:-38:-33:-28:-23:-18:-13:-8:-3:2:7:12:17:22:27:32:37:42:47:52:57:62:67:72:77:82:87:92:97:102:107:112:117:122,138104.0,830087.0,Thunderstorm Wind,38.6717922433464,-78.20562318453402,41.13486428414495,-72.66538650788462,+proj=laea +lat_0=38 +lon_0=-98 +units=m +a=6370997.0 +ellps=sphere ,384.0,384.0,384000.0,384000.0,0.0,254.0,0.0399567134796626
S832864,vil/2019/SEVIR_VIL_STORMEVENTS_2019_0101_0630.h5,286,vil,2019-06-19 00:37:00,-122:-117:-112:-107:-102:-97:-92:-87:-82:-77:-72:-67:-62:-57:-52:-47:-42:-37:-32:-27:-22:-17:-12:-7:-2:3:8:13:18:23:28:33:38:43:48:53:58:63:68:73:78:83:88:93:98:103:108:113:118,138514.0,832864.0,Hail,28.44086652401437,-105.45019647693763,32.09245369606821,-101.66927302641771,+proj=laea +lat_0=38 +lon_0=-98 +units=m +a=6370997.0 +ellps=sphere ,384.0,384.0,384000.0,384000.0,0.0,254.0,0.4301075492045777
S820077,vil/2019/SEVIR_VIL_STORMEVENTS_2019_0101_0630.h5,289,vil,2019-06-14 00:52:00,-122:-117:-112:-107:-102:-97:-92:-87:-82:-77:-72:-67:-62:-57:-52:-47:-42:-37:-32:-27:-22:-17:-12:-7:-2:3:8:13:18:23:28:33:38:43:48:53:58:63:68:73:78:83:88:93:98:103:108:113:118,136688.0,820077.0,Thunderstorm Wind,40.89973128590599,-105.17068916018049,44.53860365712202,-100.74666747402692,+proj=laea +lat_0=38 +lon_0=-98 +units=m +a=6370997.0 +ellps=sphere ,384.0,384.0,384000.0,384000.0,0.0,254.0,0.2246180943080357
S820469,vil/2019/SEVIR_VIL_STORMEVENTS_2019_0101_0630.h5,294,vil,2019-06-22 19:54:00,-119:-114:-109:-104:-99:-94:-89:-84:-79:-74:-69:-64:-59:-54:-49:-44:-39:-34:-29:-24:-19:-14:-9:-4:1:6:11:16:21:26:31:36:41:46:51:56:61:66:71:76:81:86:91:96:101:106:111:116:121,136762.0,820469.0,Hail,40.813422703858144,-73.5952008681041,43.01294960061144,-67.65161303808964,+proj=laea +lat_0=38 +lon_0=-98 +units=m +a=6370997.0 +ellps=sphere ,384.0,384.0,384000.0,384000.0,0.0,254.0,0.0
S830947,vil/2019/SEVIR_VIL_STORMEVENTS_2019_0101_0630.h5,310,vil,2019-05-29 01:59:00,-119:-114:-109:-104:-99:-94:-89:-84:-79:-74:-69:-64:-59:-54:-49:-44:-39:-34:-29:-24:-19:-14:-9:-4:1:6:11:16:21:26:31:36:41:46:51:56:61:66:71:76:81:86:91:96:101:106:111:116:121,136056.0,830947.0,Thunderstorm Wind,38.14282104681989,-98.50313714614178,41.52939459819397,-93.91554406120692,+proj=laea +lat_0=38 +lon_0=-98 +units=m +a=6370997.0 +ellps=sphere ,384.0,384.0,384000.0,384000.0,0.0,254.0,0.0
S824755,vil/2019/SEVIR_VIL_STORMEVENTS_2019_0101_0630.h5,312,vil,2019-05-02 18:42:00,-122:-117:-112:-107:-102:-97:-92:-87:-82:-77:-72:-67:-62:-57:-52:-47:-42:-37:-32:-27:-22:-17:-12:-7:-2:3:8:13:18:23:28:33:38:43:48:53:58:63:68:73:78:83:88:93:98:103:108:113:118,137106.0,824755.0,Hail,30.3574264135188,-100.5377717955876,33.83420567817278,-96.48517407702214,+proj=laea +lat_0=38 +lon_0=-98 +units=m +a=6370997.0 +ellps=sphere ,384.0,384.0,384000.0,384000.0,0.0,254.0,0.2100385808620323
S841365,vil/2019/SEVIR_VIL_STORMEVENTS_2019_0101_0630.h5,321,vil,2019-06-27 20:06:00,-121:-116:-111:-106:-101:-96:-91:-86:-81:-76:-71:-66:-61:-56:-51:-46:-41:-36:-31:-26:-21:-16:-11:-6:-1:4:9:14:19:24:29:34:39:44:49:54:59:64:69:74:79:84:89:94:99:104:109:114:119,139868.0,841365.0,Hail,43.35027580342478,-73.27359492042223,45.50637689717984,-67.02276653154661,+proj=laea +lat_0=38 +lon_0=-98 +units=m +a=6370997.0 +ellps=sphere ,384.0,384.0,384000.0,384000.0,0.0,254.0,0.0
S836470,vil/2019/SEVIR_VIL_STORMEVENTS_2019_0101_0630.h5,323,vil,2019-06-13 19:45:00,-120:-115:-110:-105:-100:-95:-90:-85:-80:-75:-70:-65:-60:-55:-50:-45:-40:-35:-30:-25:-20:-15:-10:-5:0:5:10:15:20:25:30:35:40:45:50:55:60:65:70:75:80:85:90:95:100:105:110:115:120,139066.0,836470.0,Hail,44.19009857327071,-113.46250487874596,48.11790535983665,-109.34303414758836,+proj=laea +lat_0=38 +lon_0=-98 +units=m +a=6370997.0 +ellps=sphere ,384.0,384.0,384000.0,384000.0,0.0,254.0,0.0
S839779,vil/2019/SEVIR_VIL_STORMEVENTS_2019_0101_0630.h5,325,vil,2019-06-22 02:26:00,-121:-116:-111:-106:-101:-96:-91:-86:-81:-76:-71:-66:-61:-56:-51:-46:-41:-36:-31:-26:-21:-16:-11:-6:-1:4:9:14:19:24:29:34:39:44:49:54:59:64:69:74:79:84:89:94:99:104:109:114:119,139617.0,839779.0,Thunderstorm Wind,33.662020324807266,-88.67185716487482,36.65321255672554,-83.95955139987718,+proj=laea +lat_0=38 +lon_0=-98 +units=m +a=6370997.0 +ellps=sphere ,384.0,384.0,384000.0,384000.0,0.0,254.0,0.0426699406976332
S812771,vil/2019/SEVIR_VIL_STORMEVENTS_2019_0101_0630.h5,345,vil,2019-03-29 12:06:00,-121:-116:-111:-106:-101:-96:-91:-86:-81:-76:-71:-66:-61:-56:-51:-46:-41:-36:-31:-26:-21:-16:-11:-6:-1:4:9:14:19:24:29:34:39:44:49:54:59:64:69:74:79:84:89:94:99:104:109:114:119,135323.0,812771.0,Hail,34.95362867173966,-99.2065923012268,38.37197002159029,-94.85612008345215,+proj=laea +lat_0=38 +lon_0=-98 +units=m +a=6370997.0 +ellps=sphere ,384.0,384.0,384000.0,384000.0,0.0,254.0,0.0
S823306,vil/2019/SEVIR_VIL_STORMEVENTS_2019_0101_0630.h5,355,vil,2019-06-29 02:55:00,-120:-115:-110:-105:-100:-95:-90:-85:-80:-75:-70:-65:-60:-55:-50:-45:-40:-35:-30:-25:-20:-15:-10:-5:0:5:10:15:20:25:30:35:40:45:50:55:60:65:70:75:80:85:90:95:100:105:110:115:120,137184.0,823306.0,Thunderstorm Wind,38.28925093643858,-107.21048531274128,41.99719670152496,-103.05884006353403,+proj=laea +lat_0=38 +lon_0=-98 +units=m +a=6370997.0 +ellps=sphere ,384.0,384.0,384000.0,384000.0,0.0,233.0,0.1224489795918367
S827642,vil/2019/SEVIR_VIL_STORMEVENTS_2019_0101_0630.h5,357,vil,2019-05-15 22:56:00,-121:-116:-111:-106:-101:-96:-91:-86:-81:-76:-71:-66:-61:-56:-51:-46:-41:-36:-31:-26:-21:-16:-11:-6:-1:4:9:14:19:24:29:34:39:44:49:54:59:64:69:74:79:84:89:94:99:104:109:114:119,137767.0,827642.0,Hail,24.578159866425565,-82.53391948994094,27.359585255955487,-78.15216605095236,+proj=laea +lat_0=38 +lon_0=-98 +units=m +a=6370997.0 +ellps=sphere ,384.0,384.0,384000.0,384000.0,0.0,254.0,0.0211870881164966
S841959,vil/2019/SEVIR_VIL_STORMEVENTS_2019_0101_0630.h5,375,vil,2019-06-22 05:28:00,-118:-113:-108:-103:-98:-93:-88:-83:-78:-73:-68:-63:-58:-53:-48:-43:-38:-33:-28:-23:-18:-13:-8:-3:2:7:12:17:22:27:32:37:42:47:52:57:62:67:72:77:82:87:92:97:102:107:112:117:122,139569.0,841959.0,Thunderstorm Wind,32.88931174100172,-85.84268287280055,35.75937026257174,-81.07377553189761,+proj=laea +lat_0=38 +lon_0=-98 +units=m +a=6370997.0 +ellps=sphere ,384.0,384.0,384000.0,384000.0,0.0,254.0,0.4081632653061225
S817190,vil/2019/SEVIR_VIL_STORMEVENTS_2019_0101_0630.h5,377,vil,2019-05-23 21:24:00,-119:-114:-109:-104:-99:-94:-89:-84:-79:-74:-69:-64:-59:-54:-49:-44:-39:-34:-29:-24:-19:-14:-9:-4:1:6:11:16:21:26:31:36:41:46:51:56:61:66:71:76:81:86:91:96:101:106:111:116:121,136185.0,817190.0,Thunderstorm Wind,37.753175901261336,-86.58538266736696,40.6303988245809,-81.47755953014197,+proj=laea +lat_0=38 +lon_0=-98 +units=m +a=6370997.0 +ellps=sphere ,384.0,384.0,384000.0,384000.0,0.0,254.0,0.0
S824296,vil/2019/SEVIR_VIL_STORMEVENTS_2019_0101_0630.h5,384,vil,2019-05-07 19:40:00,-120:-115:-110:-105:-100:-95:-90:-85:-80:-75:-70:-65:-60:-55:-50:-45:-40:-35:-30:-25:-20:-15:-10:-5:0:5:10:15:20:25:30:35:40:45:50:55:60:65:70:75:80:85:90:95:100:105:110:115:120,137328.0,824296.0,Hail,29.03357568515675,-98.08203446372296,32.42346580283645,-93.99717066825104,+proj=laea +lat_0=38 +lon_0=-98 +units=m +a=6370997.0 +ellps=sphere ,384.0,384.0,384000.0,384000.0,0.0,254.0,0.0
S813123,vil/2019/SEVIR_VIL_STORMEVENTS_2019_0101_0630.h5,393,vil,2019-05-02 18:33:00,-118:-113:-108:-103:-98:-93:-88:-83:-78:-73:-68:-63:-58:-53:-48:-43:-38:-33:-28:-23:-18:-13:-8:-3:2:7:12:17:22:27:32:37:42:47:52:57:62:67:72:77:82:87:92:97:102:107:112:117:122,135544.0,813123.0,Tornado,33.31696118245652,-94.32118724456534,36.54711423976988,-89.85912475601955,+proj=laea +lat_0=38 +lon_0=-98 +units=m +a=6370997.0 +ellps=sphere ,384.0,384.0,384000.0,384000.0,0.0,235.0,0.2259510412237812
S812025,vil/2019/SEVIR_VIL_STORMEVENTS_2019_0101_0630.h5,422,vil,2019-04-14 22:14:00,-119:-114:-109:-104:-99:-94:-89:-84:-79:-74:-69:-64:-59:-54:-49:-44:-39:-34:-29:-24:-19:-14:-9:-4:1:6:11:16:21:26:31:36:41:46:51:56:61:66:71:76:81:86:91:96:101:106:111:116:121,134815.0,812025.0,Thunderstorm Wind,38.36726794600253,-85.51322535036067,41.19133384967024,-80.30652531389659,+proj=laea +lat_0=38 +lon_0=-98 +units=m +a=6370997.0 +ellps=sphere ,384.0,384.0,384000.0,384000.0,0.0,254.0,0.1206093439980158
S811079,vil/2019/SEVIR_VIL_STORMEVENTS_2019_0101_0630.h5,426,vil,2019-04-08 23:42:00,-122:-117:-112:-107:-102:-97:-92:-87:-82:-77:-72:-67:-62:-57:-52:-47:-42:-37:-32:-27:-22:-17:-12:-7:-2:3:8:13:18:23:28:33:38:43:48:53:58:63:68:73:78:83:88:93:98:103:108:113:118,135289.0,811079.0,Hail,31.7254502834182,-91.722778653012,34.8552363862072,-87.25334317011819,+proj=laea +lat_0=38 +lon_0=-98 +units=m +a=6370997.0 +ellps=sphere ,384.0,384.0,384000.0,384000.0,0.0,254.0,0.0
S811216,vil/2019/SEVIR_VIL_STORMEVENTS_2019_0101_0630.h5,440,vil,2019-05-02 18:45:00,-120:-115:-110:-105:-100:-95:-90:-85:-80:-75:-70:-65:-60:-55:-50:-45:-40:-35:-30:-25:-20:-15:-10:-5:0:5:10:15:20:25:30:35:40:45:50:55:60:65:70:75:80:85:90:95:100:105:110:115:120,135297.0,811216.0,Hail,37.27044688292237,-86.63708439653301,40.15250701004988,-81.57140158996897,+proj=laea +lat_0=38 +lon_0=-98 +units=m +a=6370997.0 +ellps=sphere ,384.0,384.0,384000.0,384000.0,0.0,254.0,0.2244897959183672
S827049,vil/2019/SEVIR_VIL_STORMEVENTS_2019_0101_0630.h5,461,vil,2019-05-10 19:07:00,-122:-117:-112:-107:-102:-97:-92:-87:-82:-77:-72:-67:-62:-57:-52:-47:-42:-37:-32:-27:-22:-17:-12:-7:-2:3:8:13:18:23:28:33:38:43:48:53:58:63:68:73:78:83:88:93:98:103:108:113:118,137658.0,827049.0,Thunderstorm Wind,41.55814462341817,-78.32335734864971,44.00400941123441,-72.49336324141542,+proj=laea +lat_0=38 +lon_0=-98 +units=m +a=6370997.0 +ellps=sphere ,384.0,384.0,384000.0,384000.0,0.0,254.0,0.0
S819538,vil/2019/SEVIR_VIL_STORMEVENTS_2019_0101_0630.h5,465,vil,2019-06-16 22:56:00,-121:-116:-111:-106:-101:-96:-91:-86:-81:-76:-71:-66:-61:-56:-51:-46:-41:-36:-31:-26:-21:-16:-11:-6:-1:4:9:14:19:24:29:34:39:44:49:54:59:64:69:74:79:84:89:94:99:104:109:114:119,136598.0,819538.0,Funnel Cloud,45.18092009796497,-97.69439174914486,48.5294180054887,-92.4775183758704,+proj=laea +lat_0=38 +lon_0=-98 +units=m +a=6370997.0 +ellps=sphere ,384.0,384.0,384000.0,384000.0,0.0,254.0,0.3146115949635062
S820293,vil/2019/SEVIR_VIL_STORMEVENTS_2019_0101_0630.h5,471,vil,2019-04-15 02:50:00,-120:-115:-110:-105:-100:-95:-90:-85:-80:-75:-70:-65:-60:-55:-50:-45:-40:-35:-30:-25:-20:-15:-10:-5:0:5:10:15:20:25:30:35:40:45:50:55:60:65:70:75:80:85:90:95:100:105:110:115:120,136654.0,820293.0,Thunderstorm Wind,35.23414554890584,-83.32146392425406,37.97368531619336,-78.283103686438,+proj=laea +lat_0=38 +lon_0=-98 +units=m +a=6370997.0 +ellps=sphere ,384.0,384.0,384000.0,384000.0,0.0,254.0,0.0
S812915,vil/2019/SEVIR_VIL_STORMEVENTS_2019_0101_0630.h5,480,vil,2019-04-26 23:10:00,-120:-115:-110:-105:-100:-95:-90:-85:-80:-75:-70:-65:-60:-55:-50:-45:-40:-35:-30:-25:-20:-15:-10:-5:0:5:10:15:20:25:30:35:40:45:50:55:60:65:70:75:80:85:90:95:100:105:110:115:120,135519.0,812915.0,Hail,37.57031453879375,-84.52249929112699,40.35215238718825,-79.34209574153084,+proj=laea +lat_0=38 +lon_0=-98 +units=m +a=6370997.0 +ellps=sphere ,384.0,384.0,384000.0,384000.0,0.0,231.0,0.0
S836143,vil/2019/SEVIR_VIL_STORMEVENTS_2019_0101_0630.h5,490,vil,2019-06-15 19:50:00,-120:-115:-110:-105:-100:-95:-90:-85:-80:-75:-70:-65:-60:-55:-50:-45:-40:-35:-30:-25:-20:-15:-10:-5:0:5:10:15:20:25:30:35:40:45:50:55:60:65:70:75:80:85:90:95:100:105:110:115:120,139014.0,836143.0,Thunderstorm Wind,41.97511029914336,-97.58895286699352,45.321032581917066,-92.66009852466507,+proj=laea +lat_0=38 +lon_0=-98 +units=m +a=6370997.0 +ellps=sphere ,384.0,384.0,384000.0,384000.0,0.0,254.0,0.0
S837442,vil/2019/SEVIR_VIL_STORMEVENTS_2019_0101_0630.h5,497,vil,2019-06-16 20:50:00,-120:-115:-110:-105:-100:-95:-90:-85:-80:-75:-70:-65:-60:-55:-50:-45:-40:-35:-30:-25:-20:-15:-10:-5:0:5:10:15:20:25:30:35:40:45:50:55:60:65:70:75:80:85:90:95:100:105:110:115:120,139223.0,837442.0,Hail,39.0919912879958,-103.96136943456855,42.68552203891555,-99.58923740212757,+proj=laea +lat_0=38 +lon_0=-98 +units=m +a=6370997.0 +ellps=sphere ,384.0,384.0,384000.0,384000.0,0.0,254.0,0.1224489795918367
S808730,vil/2019/SEVIR_VIL_STORMEVENTS_2019_0101_0630.h5,498,vil,2019-04-06 23:21:00,-121:-116:-111:-106:-101:-96:-91:-86:-81:-76:-71:-66:-61:-56:-51:-46:-41:-36:-31:-26:-21:-16:-11:-6:-1:4:9:14:19:24:29:34:39:44:49:54:59:64:69:74:79:84:89:94:99:104:109:114:119,134954.0,808730.0,Hail,28.87082332600769,-83.96936296590692,31.683095173111703,-79.39223736446783,+proj=laea +lat_0=38 +lon_0=-98 +units=m +a=6370997.0 +ellps=sphere ,384.0,384.0,384000.0,384000.0,0.0,254.0,0.0
S809830,vil/2019/SEVIR_VIL_STORMEVENTS_2019_0101_0630.h5,505,vil,2019-04-13 11:23:00,-118:-113:-108:-103:-98:-93:-88:-83:-78:-73:-68:-63:-58:-53:-48:-43:-38:-33:-28:-23:-18:-13:-8:-3:2:7:12:17:22:27:32:37:42:47:52:57:62:67:72:77:82:87:92:97:102:107:112:117:122,135114.0,809830.0,Thunderstorm Wind,31.16410216654655,-95.27177345419638,34.439341853034314,-90.97186078354684,+proj=laea +lat_0=38 +lon_0=-98 +units=m +a=6370997.0 +ellps=sphere ,384.0,384.0,384000.0,384000.0,0.0,254.0,0.2244897959183672
S836644,vil/2019/SEVIR_VIL_STORMEVENTS_2019_0101_0630.h5,510,vil,2019-06-18 19:11:00,-121:-116:-111:-106:-101:-96:-91:-86:-81:-76:-71:-66:-61:-56:-51:-46:-41:-36:-31:-26:-21:-16:-11:-6:-1:4:9:14:19:24:29:34:39:44:49:54:59:64:69:74:79:84:89:94:99:104:109:114:119,136669.0,836644.0,Thunderstorm Wind,35.62012170662646,-81.87316348817116,38.28816693802877,-76.74741464228138,+proj=laea +lat_0=38 +lon_0=-98 +units=m +a=6370997.0 +ellps=sphere ,384.0,384.0,384000.0,384000.0,0.0,254.0,0.0993179009885204
S820034,vil/2019/SEVIR_VIL_STORMEVENTS_2019_0101_0630.h5,516,vil,2019-04-15 05:07:00,-122:-117:-112:-107:-102:-97:-92:-87:-82:-77:-72:-67:-62:-57:-52:-47:-42:-37:-32:-27:-22:-17:-12:-7:-2:3:8:13:18:23:28:33:38:43:48:53:58:63:68:73:78:83:88:93:98:103:108:113:118,136359.0,820034.0,Thunderstorm Wind,35.416274800827885,-80.71974974846785,38.03004642659555,-75.56593645302905,+proj=laea +lat_0=38 +lon_0=-98 +units=m +a=6370997.0 +ellps=sphere ,384.0,384.0,384000.0,384000.0,0.0,254.0,0.0
S854814,vil/2019/SEVIR_VIL_STORMEVENTS_2019_0101_0630.h5,517,vil,2019-06-24 23:00:00,-120:-115:-110:-105:-100:-95:-90:-85:-80:-75:-70:-65:-60:-55:-50:-45:-40:-35:-30:-25:-20:-15:-10:-5:0:5:10:15:20:25:30:35:40:45:50:55:60:65:70:75:80:85:90:95:100:105:110:115:120,142205.0,854814.0,Thunderstorm Wind,24.67736062776893,-100.02522906457024,28.152585689702303,-96.19096920124716,+proj=laea +lat_0=38 +lon_0=-98 +units=m +a=6370997.0 +ellps=sphere ,384.0,384.0,384000.0,384000.0,0.0,254.0,0.5893374765270691
S834490,vil/2019/SEVIR_VIL_STORMEVENTS_2019_0101_0630.h5,531,vil,2019-06-29 21:35:00,-120:-115:-110:-105:-100:-95:-90:-85:-80:-75:-70:-65:-60:-55:-50:-45:-40:-35:-30:-25:-20:-15:-10:-5:0:5:10:15:20:25:30:35:40:45:50:55:60:65:70:75:80:85:90:95:100:105:110:115:120,138777.0,834490.0,Thunderstorm Wind,36.890581373814335,-80.37999080115802,39.47680940511467,-75.08900785781684,+proj=laea +lat_0=38 +lon_0=-98 +units=m +a=6370997.0 +ellps=sphere ,384.0,384.0,384000.0,384000.0,0.0,254.0,0.2299592932876275
S818956,vil/2019/SEVIR_VIL_STORMEVENTS_2019_0101_0630.h5,538,vil,2019-04-24 20:20:00,-120:-115:-110:-105:-100:-95:-90:-85:-80:-75:-70:-65:-60:-55:-50:-45:-40:-35:-30:-25:-20:-15:-10:-5:0:5:10:15:20:25:30:35:40:45:50:55:60:65:70:75:80:85:90:95:100:105:110:115:120,135490.0,818956.0,Thunderstorm Wind,28.858558764385915,-99.67877954689595,32.30786194603065,-95.661655408791,+proj=laea +lat_0=38 +lon_0=-98 +units=m +a=6370997.0 +ellps=sphere ,384.0,384.0,384000.0,384000.0,0.0,254.0,0.0
S820279,vil/2019/SEVIR_VIL_STORMEVENTS_2019_0101_0630.h5,539,vil,2019-04-04 12:45:00,-120:-115:-110:-105:-100:-95:-90:-85:-80:-75:-70:-65:-60:-55:-50:-45:-40:-35:-30:-25:-20:-15:-10:-5:0:5:10:15:20:25:30:35:40:45:50:55:60:65:70:75:80:85:90:95:100:105:110:115:120,136572.0,820279.0,Thunderstorm Wind,28.342116144787877,-94.35374166975056,31.59207677767817,-90.16618942044528,+proj=laea +lat_0=38 +lon_0=-98 +units=m +a=6370997.0 +ellps=sphere ,384.0,384.0,384000.0,384000.0,0.0,254.0,0.0
S828275,vil/2019/SEVIR_VIL_STORMEVENTS_2019_0101_0630.h5,542,vil,2019-05-09 00:15:00,-120:-115:-110:-105:-100:-95:-90:-85:-80:-75:-70:-65:-60:-55:-50:-45:-40:-35:-30:-25:-20:-15:-10:-5:0:5:10:15:20:25:30:35:40:45:50:55:60:65:70:75:80:85:90:95:100:105:110:115:120,136978.0,828275.0,Thunderstorm Wind,30.801769556568928,-93.52540985702382,34.008889970176874,-89.17825147866773,+proj=laea +lat_0=38 +lon_0=-98 +units=m +a=6370997.0 +ellps=sphere ,384.0,384.0,384000.0,384000.0,0.0,254.0,0.3908207000248016
S834193,vil/2019/SEVIR_VIL_STORMEVENTS_2019_0101_0630.h5,546,vil,2019-06-26 01:30:00,-120:-115:-110:-105:-100:-95:-90:-85:-80:-75:-70:-65:-60:-55:-50:-45:-40:-35:-30:-25:-20:-15:-10:-5:0:5:10:15:20:25:30:35:40:45:50:55:60:65:70:75:80:85:90:95:100:105:110:115:120,138714.0,834193.0,Thunderstorm Wind,38.82024039657849,-93.19526158236472,41.987308540825424,-88.30056486619875,+proj=laea +lat_0=38 +lon_0=-98 +units=m +a=6370997.0 +ellps=sphere ,384.0,384.0,384000.0,384000.0,0.0,254.0,0.0
S819754,vil/2019/SEVIR_VIL_STORMEVENTS_2019_0101_0630.h5,552,vil,2019-06-13 23:25:00,-120:-115:-110:-105:-100:-95:-90:-85:-80:-75:-70:-65:-60:-55:-50:-45:-40:-35:-30:-25:-20:-15:-10:-5:0:5:10:15:20:25:30:35:40:45:50:55:60:65:70:75:80:85:90:95:100:105:110:115:120,136639.0,819754.0,Hail,31.098835904594782,-106.8867142124638,34.79489230627471,-103.06091345766814,+proj=laea +lat_0=38 +lon_0=-98 +units=m +a=6370997.0 +ellps=sphere ,384.0,384.0,384000.0,384000.0,0.0,254.0,0.296669335051729
S828776,vil/2019/SEVIR_VIL_STORMEVENTS_2019_0101_0630.h5,562,vil,2019-05-23 10:28:00,-118:-113:-108:-103:-98:-93:-88:-83:-78:-73:-68:-63:-58:-53:-48:-43:-38:-33:-28:-23:-18:-13:-8:-3:2:7:12:17:22:27:32:37:42:47:52:57:62:67:72:77:82:87:92:97:102:107:112:117:122,137897.0,828776.0,Thunderstorm Wind,39.63257068786472,-86.58638441861766,42.500492779589294,-81.31477963689879,+proj=laea +lat_0=38 +lon_0=-98 +units=m +a=6370997.0 +ellps=sphere ,384.0,384.0,384000.0,384000.0,0.0,254.0,0.0
S829189,vil/2019/SEVIR_VIL_STORMEVENTS_2019_0101_0630.h5,564,vil,2019-06-29 17:55:00,-120:-115:-110:-105:-100:-95:-90:-85:-80:-75:-70:-65:-60:-55:-50:-45:-40:-35:-30:-25:-20:-15:-10:-5:0:5:10:15:20:25:30:35:40:45:50:55:60:65:70:75:80:85:90:95:100:105:110:115:120,137969.0,829189.0,Thunderstorm Wind,45.21012307791499,-99.35051004046429,48.627542617727634,-94.23200800341688,+proj=laea +lat_0=38 +lon_0=-98 +units=m +a=6370997.0 +ellps=sphere ,384.0,384.0,384000.0,384000.0,0.0,254.0,0.1329607282366071
S822130,vil/2019/SEVIR_VIL_STORMEVENTS_2019_0101_0630.h5,572,vil,2019-05-17 02:38:00,-118:-113:-108:-103:-98:-93:-88:-83:-78:-73:-68:-63:-58:-53:-48:-43:-38:-33:-28:-23:-18:-13:-8:-3:2:7:12:17:22:27:32:37:42:47:52:57:62:67:72:77:82:87:92:97:102:107:112:117:122,137003.0,822130.0,Thunderstorm Wind,39.844449564480016,-96.5945240479622,43.1519117300718,-91.78645096106273,+proj=laea +lat_0=38 +lon_0=-98 +units=m +a=6370997.0 +ellps=sphere ,384.0,384.0,384000.0,384000.0,0.0,254.0,0.0634495741656037
S808466,vil/2019/SEVIR_VIL_STORMEVENTS_2019_0101_0630.h5,581,vil,2019-03-02 10:53:00,-118:-113:-108:-103:-98:-93:-88:-83:-78:-73:-68:-63:-58:-53:-48:-43:-38:-33:-28:-23:-18:-13:-8:-3:2:7:12:17:22:27:32:37:42:47:52:57:62:67:72:77:82:87:92:97:102:107:112:117:122,134886.0,808466.0,Hail,28.98567187028959,-87.26969486530092,31.94175405430093,-82.79855804780807,+proj=laea +lat_0=38 +lon_0=-98 +units=m +a=6370997.0 +ellps=sphere ,384.0,384.0,384000.0,384000.0,0.0,254.0,0.0
S814633,vil/2019/SEVIR_VIL_STORMEVENTS_2019_0101_0630.h5,599,vil,2019-03-14 23:35:00,-120:-115:-110:-105:-100:-95:-90:-85:-80:-75:-70:-65:-60:-55:-50:-45:-40:-35:-30:-25:-20:-15:-10:-5:0:5:10:15:20:25:30:35:40:45:50:55:60:65:70:75:80:85:90:95:100:105:110:115:120,133866.0,814633.0,Thunderstorm Wind,41.15632515616578,-86.63957882359988,44.01942711049739,-81.22709491405912,+proj=laea +lat_0=38 +lon_0=-98 +units=m +a=6370997.0 +ellps=sphere ,384.0,384.0,384000.0,384000.0,0.0,254.0,0.0
S811313,vil/2019/SEVIR_VIL_STORMEVENTS_2019_0101_0630.h5,605,vil,2019-04-14 21:26:00,-121:-116:-111:-106:-101:-96:-91:-86:-81:-76:-71:-66:-61:-56:-51:-46:-41:-36:-31:-26:-21:-16:-11:-6:-1:4:9:14:19:24:29:34:39:44:49:54:59:64:69:74:79:84:89:94:99:104:109:114:119,134696.0,811313.0,Thunderstorm Wind,39.5839431071225,-84.08733001371282,42.333284533762864,-78.70831905492217,+proj=laea +lat_0=38 +lon_0=-98 +units=m +a=6370997.0 +ellps=sphere ,384.0,384.0,384000.0,384000.0,0.0,254.0,0.0783051990327381
S819586,vil/2019/SEVIR_VIL_STORMEVENTS_2019_0101_0630.h5,631,vil,2019-05-17 00:00:00,-120:-115:-110:-105:-100:-95:-90:-85:-80:-75:-70:-65:-60:-55:-50:-45:-40:-35:-30:-25:-20:-15:-10:-5:0:5:10:15:20:25:30:35:40:45:50:55:60:65:70:75:80:85:90:95:100:105:110:115:120,136625.0,819586.0,Hail,42.20773417479873,-110.9719280980136,46.049224567395584,-106.80997712250112,+proj=laea +lat_0=38 +lon_0=-98 +units=m +a=6370997.0 +ellps=sphere ,384.0,384.0,384000.0,384000.0,0.0,254.0,0.2865272573873299
S834459,vil/2019/SEVIR_VIL_STORMEVENTS_2019_0101_0630.h5,638,vil,2019-06-28 21:50:00,-120:-115:-110:-105:-100:-95:-90:-85:-80:-75:-70:-65:-60:-55:-50:-45:-40:-35:-30:-25:-20:-15:-10:-5:0:5:10:15:20:25:30:35:40:45:50:55:60:65:70:75:80:85:90:95:100:105:110:115:120,138773.0,834459.0,Thunderstorm Wind,36.44671673978513,-81.05719572660746,39.06940927337628,-75.83101308432197,+proj=laea +lat_0=38 +lon_0=-98 +units=m +a=6370997.0 +ellps=sphere ,384.0,384.0,384000.0,384000.0,0.0,254.0,0.3237420944940476
S836898,vil/2019/SEVIR_VIL_STORMEVENTS_2019_0101_0630.h5,646,vil,2019-06-18 23:58:00,-118:-113:-108:-103:-98:-93:-88:-83:-78:-73:-68:-63:-58:-53:-48:-43:-38:-33:-28:-23:-18:-13:-8:-3:2:7:12:17:22:27:32:37:42:47:52:57:62:67:72:77:82:87:92:97:102:107:112:117:122,139142.0,836898.0,Thunderstorm Wind,41.64119843760765,-113.6241599862966,45.56549824582093,-109.65995897291236,+proj=laea +lat_0=38 +lon_0=-98 +units=m +a=6370997.0 +ellps=sphere ,384.0,384.0,384000.0,384000.0,0.0,236.0,0.4897959183673469
S813016,vil/2019/SEVIR_VIL_STORMEVENTS_2019_0101_0630.h5,650,vil,2019-03-28 00:35:00,-120:-115:-110:-105:-100:-95:-90:-85:-80:-75:-70:-65:-60:-55:-50:-45:-40:-35:-30:-25:-20:-15:-10:-5:0:5:10:15:20:25:30:35:40:45:50:55:60:65:70:75:80:85:90:95:100:105:110:115:120,135531.0,813016.0,Hail,34.50756101555709,-103.04299689853646,38.068586318579456,-98.89103270657696,+proj=laea +lat_0=38 +lon_0=-98 +units=m +a=6370997.0 +ellps=sphere ,384.0,384.0,384000.0,384000.0,0.0,249.0,0.0
S813578,vil/2019/SEVIR_VIL_STORMEVENTS_2019_0101_0630.h5,658,vil,2019-05-14 16:51:00,-121:-116:-111:-106:-101:-96:-91:-86:-81:-76:-71:-66:-61:-56:-51:-46:-41:-36:-31:-26:-21:-16:-11:-6:-1:4:9:14:19:24:29:34:39:44:49:54:59:64:69:74:79:84:89:94:99:104:109:114:119,135606.0,813578.0,Thunderstorm Wind,26.95536760136128,-83.73072053356306,29.770975288329375,-79.25721352398334,+proj=laea +lat_0=38 +lon_0=-98 +units=m +a=6370997.0 +ellps=sphere ,384.0,384.0,384000.0,384000.0,0.0,243.0,0.5307332079967404
S823798,vil/2019/SEVIR_VIL_STORMEVENTS_2019_0101_0630.h5,673,vil,2019-05-21 11:08:00,-118:-113:-108:-103:-98:-93:-88:-83:-78:-73:-68:-63:-58:-53:-48:-43:-38:-33:-28:-23:-18:-13:-8:-3:2:7:12:17:22:27:32:37:42:47:52:57:62:67:72:77:82:87:92:97:102:107:112:117:122,137246.0,823798.0,Tornado,34.293743490011344,-98.30463727641327,37.67867310589522,-93.95301400738524,+proj=laea +lat_0=38 +lon_0=-98 +units=m +a=6370997.0 +ellps=sphere ,384.0,384.0,384000.0,384000.0,0.0,254.0,0.0
S820254,vil/2019/SEVIR_VIL_STORMEVENTS_2019_0101_0630.h5,693,vil,2019-04-04 07:45:00,-120:-115:-110:-105:-100:-95:-90:-85:-80:-75:-70:-65:-60:-55:-50:-45:-40:-35:-30:-25:-20:-15:-10:-5:0:5:10:15:20:25:30:35:40:45:50:55:60:65:70:75:80:85:90:95:100:105:110:115:120,136572.0,820254.0,Hail,29.254626623028702,-95.34783943567244,32.539675164960016,-91.15083082689432,+proj=laea +lat_0=38 +lon_0=-98 +units=m +a=6370997.0 +ellps=sphere ,384.0,384.0,384000.0,384000.0,0.0,254.0,0.0
S819072,vil/2019/SEVIR_VIL_STORMEVENTS_2019_0101_0630.h5,704,vil,2019-04-09 18:10:00,-120:-115:-110:-105:-100:-95:-90:-85:-80:-75:-70:-65:-60:-55:-50:-45:-40:-35:-30:-25:-20:-15:-10:-5:0:5:10:15:20:25:30:35:40:45:50:55:60:65:70:75:80:85:90:95:100:105:110:115:120,136472.0,819072.0,Thunderstorm Wind,41.43431581445529,-77.36794626382928,43.83096468898183,-71.51070647437429,+proj=laea +lat_0=38 +lon_0=-98 +units=m +a=6370997.0 +ellps=sphere ,384.0,384.0,384000.0,384000.0,0.0,241.0,0.0
S831590,vil/2019/SEVIR_VIL_STORMEVENTS_2019_0101_0630.h5,709,vil,2019-05-07 02:07:00,-122:-117:-112:-107:-102:-97:-92:-87:-82:-77:-72:-67:-62:-57:-52:-47:-42:-37:-32:-27:-22:-17:-12:-7:-2:3:8:13:18:23:28:33:38:43:48:53:58:63:68:73:78:83:88:93:98:103:108:113:118,138314.0,831590.0,Flood,36.34679366068965,-121.08130865608013,40.46576683692145,-117.76330421870146,+proj=laea +lat_0=38 +lon_0=-98 +units=m +a=6370997.0 +ellps=sphere ,384.0,384.0,384000.0,384000.0,0.0,222.0,0.0
S817176,vil/2019/SEVIR_VIL_STORMEVENTS_2019_0101_0630.h5,716,vil,2019-04-30 07:16:00,-121:-116:-111:-106:-101:-96:-91:-86:-81:-76:-71:-66:-61:-56:-51:-46:-41:-36:-31:-26:-21:-16:-11:-6:-1:4:9:14:19:24:29:34:39:44:49:54:59:64:69:74:79:84:89:94:99:104:109:114:119,136178.0,817176.0,Hail,38.79493848222934,-94.53732299941532,42.0189227952016,-89.70893190689004,+proj=laea +lat_0=38 +lon_0=-98 +units=m +a=6370997.0 +ellps=sphere ,384.0,384.0,384000.0,384000.0,0.0,254.0,0.0
S818821,vil/2019/SEVIR_VIL_STORMEVENTS_2019_0101_0630.h5,736,vil,2019-05-01 01:30:00,-120:-115:-110:-105:-100:-95:-90:-85:-80:-75:-70:-65:-60:-55:-50:-45:-40:-35:-30:-25:-20:-15:-10:-5:0:5:10:15:20:25:30:35:40:45:50:55:60:65:70:75:80:85:90:95:100:105:110:115:120,135812.0,818821.0,Thunderstorm Wind,31.9888150792286,-98.46590677178608,35.38495745075959,-94.24910374978322,+proj=laea +lat_0=38 +lon_0=-98 +units=m +a=6370997.0 +ellps=sphere ,384.0,384.0,384000.0,384000.0,0.0,254.0,0.0
S809177,vil/2019/SEVIR_VIL_STORMEVENTS_2019_0101_0630.h5,749,vil,2019-04-24 01:58:00,-118:-113:-108:-103:-98:-93:-88:-83:-78:-73:-68:-63:-58:-53:-48:-43:-38:-33:-28:-23:-18:-13:-8:-3:2:7:12:17:22:27:32:37:42:47:52:57:62:67:72:77:82:87:92:97:102:107:112:117:122,135026.0,809177.0,Thunderstorm Wind,37.62669027816701,-83.3349573456387,40.35164535817276,-78.10000069779987,+proj=laea +lat_0=38 +lon_0=-98 +units=m +a=6370997.0 +ellps=sphere ,384.0,384.0,384000.0,384000.0,0.0,254.0,0.0
S840156,vil/2019/SEVIR_VIL_STORMEVENTS_2019_0101_0630.h5,755,vil,2019-06-19 01:30:00,-120:-115:-110:-105:-100:-95:-90:-85:-80:-75:-70:-65:-60:-55:-50:-45:-40:-35:-30:-25:-20:-15:-10:-5:0:5:10:15:20:25:30:35:40:45:50:55:60:65:70:75:80:85:90:95:100:105:110:115:120,139683.0,840156.0,Hail,33.84328538551815,-103.39277061196373,37.41734378504616,-99.29088418276964,+proj=laea +lat_0=38 +lon_0=-98 +units=m +a=6370997.0 +ellps=sphere ,384.0,384.0,384000.0,384000.0,0.0,254.0,0.2046540621456916
S814025,vil/2019/SEVIR_VIL_STORMEVENTS_2019_0101_0630.h5,756,vil,2019-04-29 23:44:00,-119:-114:-109:-104:-99:-94:-89:-84:-79:-74:-69:-64:-59:-54:-49:-44:-39:-34:-29:-24:-19:-14:-9:-4:1:6:11:16:21:26:31:36:41:46:51:56:61:66:71:76:81:86:91:96:101:106:111:116:121,135666.0,814025.0,Hail,29.911903479086437,-105.04624309951332,33.547667885913484,-101.19246182334604,+proj=laea +lat_0=38 +lon_0=-98 +units=m +a=6370997.0 +ellps=sphere ,384.0,384.0,384000.0,384000.0,0.0,254.0,0.0
S813512,vil/2019/SEVIR_VIL_STORMEVENTS_2019_0101_0630.h5,760,vil,2019-05-17 22:41:00,-121:-116:-111:-106:-101:-96:-91:-86:-81:-76:-71:-66:-61:-56:-51:-46:-41:-36:-31:-26:-21:-16:-11:-6:-1:4:9:14:19:24:29:34:39:44:49:54:59:64:69:74:79:84:89:94:99:104:109:114:119,135592.0,813512.0,Hail,38.78299619247945,-105.30175711699492,42.42464576197696,-101.01997090252397,+proj=laea +lat_0=38 +lon_0=-98 +units=m +a=6370997.0 +ellps=sphere ,384.0,384.0,384000.0,384000.0,0.0,254.0,0.0
S822848,vil/2019/SEVIR_VIL_STORMEVENTS_2019_0101_0630.h5,762,vil,2019-06-17 22:30:00,-120:-115:-110:-105:-100:-95:-90:-85:-80:-75:-70:-65:-60:-55:-50:-45:-40:-35:-30:-25:-20:-15:-10:-5:0:5:10:15:20:25:30:35:40:45:50:55:60:65:70:75:80:85:90:95:100:105:110:115:120,137126.0,822848.0,Thunderstorm Wind,34.907593292469805,-84.4957062708688,37.704056087737,-79.52868928518524,+proj=laea +lat_0=38 +lon_0=-98 +units=m +a=6370997.0 +ellps=sphere ,384.0,384.0,384000.0,384000.0,0.0,254.0,0.4963401050524376
S840100,vil/2019/SEVIR_VIL_STORMEVENTS_2019_0101_0630.h5,769,vil,2019-06-16 01:00:00,-120:-115:-110:-105:-100:-95:-90:-85:-80:-75:-70:-65:-60:-55:-50:-45:-40:-35:-30:-25:-20:-15:-10:-5:0:5:10:15:20:25:30:35:40:45:50:55:60:65:70:75:80:85:90:95:100:105:110:115:120,139669.0,840100.0,Thunderstorm Wind,33.44603662662198,-102.5902883190192,36.99179207697283,-98.47288422196507,+proj=laea +lat_0=38 +lon_0=-98 +units=m +a=6370997.0 +ellps=sphere ,384.0,384.0,384000.0,384000.0,0.0,254.0,0.1632653061224489
S825084,vil/2019/SEVIR_VIL_STORMEVENTS_2019_0101_0630.h5,782,vil,2019-06-16 00:01:00,-121:-116:-111:-106:-101:-96:-91:-86:-81:-76:-71:-66:-61:-56:-51:-46:-41:-36:-31:-26:-21:-16:-11:-6:-1:4:9:14:19:24:29:34:39:44:49:54:59:64:69:74:79:84:89:94:99:104:109:114:119,137401.0,825084.0,Hail,39.38831585507265,-95.20690613268312,42.63907576525617,-90.3650230660888,+proj=laea +lat_0=38 +lon_0=-98 +units=m +a=6370997.0 +ellps=sphere ,384.0,384.0,384000.0,384000.0,0.0,254.0,0.3061224489795918
S806181,vil/2019/SEVIR_VIL_STORMEVENTS_2019_0101_0630.h5,783,vil,2019-04-07 21:30:00,-120:-115:-110:-105:-100:-95:-90:-85:-80:-75:-70:-65:-60:-55:-50:-45:-40:-35:-30:-25:-20:-15:-10:-5:0:5:10:15:20:25:30:35:40:45:50:55:60:65:70:75:80:85:90:95:100:105:110:115:120,134543.0,806181.0,Hail,33.020993591108606,-89.00167728602707,36.02965415891709,-84.3453119998005,+proj=laea +lat_0=38 +lon_0=-98 +units=m +a=6370997.0 +ellps=sphere ,384.0,384.0,384000.0,384000.0,0.0,254.0,0.0
S816084,vil/2019/SEVIR_VIL_STORMEVENTS_2019_0101_0630.h5,786,vil,2019-04-29 01:45:00,-120:-115:-110:-105:-100:-95:-90:-85:-80:-75:-70:-65:-60:-55:-50:-45:-40:-35:-30:-25:-20:-15:-10:-5:0:5:10:15:20:25:30:35:40:45:50:55:60:65:70:75:80:85:90:95:100:105:110:115:120,136000.0,816084.0,Hail,39.78964924251817,-96.52540722575952,43.09435180796663,-91.71810179214144,+proj=laea +lat_0=38 +lon_0=-98 +units=m +a=6370997.0 +ellps=sphere ,384.0,384.0,384000.0,384000.0,0.0,254.0,0.0
S832112,vil/2019/SEVIR_VIL_STORMEVENTS_2019_0101_0630.h5,790,vil,2019-06-22 20:46:00,-121:-116:-111:-106:-101:-96:-91:-86:-81:-76:-71:-66:-61:-56:-51:-46:-41:-36:-31:-26:-21:-16:-11:-6:-1:4:9:14:19:24:29:34:39:44:49:54:59:64:69:74:79:84:89:94:99:104:109:114:119,137157.0,832112.0,Thunderstorm Wind,31.171763123685828,-83.27300314518828,33.93637578775493,-78.52610851139893,+proj=laea +lat_0=38 +lon_0=-98 +units=m +a=6370997.0 +ellps=sphere ,384.0,384.0,384000.0,384000.0,0.0,254.0,0.1428571428571428
S820237,vil/2019/SEVIR_VIL_STORMEVENTS_2019_0101_0630.h5,796,vil,2019-04-14 06:05:00,-120:-115:-110:-105:-100:-95:-90:-85:-80:-75:-70:-65:-60:-55:-50:-45:-40:-35:-30:-25:-20:-15:-10:-5:0:5:10:15:20:25:30:35:40:45:50:55:60:65:70:75:80:85:90:95:100:105:110:115:120,136733.0,820237.0,Thunderstorm Wind,30.08363081588943,-90.81587384430308,33.18334651687271,-86.40804114564214,+proj=laea +lat_0=38 +lon_0=-98 +units=m +a=6370997.0 +ellps=sphere ,384.0,384.0,384000.0,384000.0,0.0,254.0,0.3152411843643708
S812418,vil/2019/SEVIR_VIL_STORMEVENTS_2019_0101_0630.h5,801,vil,2019-05-06 20:30:00,-120:-115:-110:-105:-100:-95:-90:-85:-80:-75:-70:-65:-60:-55:-50:-45:-40:-35:-30:-25:-20:-15:-10:-5:0:5:10:15:20:25:30:35:40:45:50:55:60:65:70:75:80:85:90:95:100:105:110:115:120,135465.0,812418.0,Hail,39.43033840471149,-106.91430912939362,43.12932318089116,-102.68087178682356,+proj=laea +lat_0=38 +lon_0=-98 +units=m +a=6370997.0 +ellps=sphere ,384.0,384.0,384000.0,384000.0,0.0,254.0,0.0229443746899801
S823268,vil/2019/SEVIR_VIL_STORMEVENTS_2019_0101_0630.h5,811,vil,2019-05-09 08:05:00,-120:-115:-110:-105:-100:-95:-90:-85:-80:-75:-70:-65:-60:-55:-50:-45:-40:-35:-30:-25:-20:-15:-10:-5:0:5:10:15:20:25:30:35:40:45:50:55:60:65:70:75:80:85:90:95:100:105:110:115:120,136484.0,823268.0,Flash Flood,30.69521706908048,-96.14200666784645,34.006007486672594,-91.90094733163016,+proj=laea +lat_0=38 +lon_0=-98 +units=m +a=6370997.0 +ellps=sphere ,384.0,384.0,384000.0,384000.0,0.0,254.0,0.0184638959750566
S833512,vil/2019/SEVIR_VIL_STORMEVENTS_2019_0101_0630.h5,813,vil,2019-05-14 10:25:00,-120:-115:-110:-105:-100:-95:-90:-85:-80:-75:-70:-65:-60:-55:-50:-45:-40:-35:-30:-25:-20:-15:-10:-5:0:5:10:15:20:25:30:35:40:45:50:55:60:65:70:75:80:85:90:95:100:105:110:115:120,138631.0,833512.0,Thunderstorm Wind,24.46009383067178,-100.02126856790228,27.93598234022218,-96.19490684730664,+proj=laea +lat_0=38 +lon_0=-98 +units=m +a=6370997.0 +ellps=sphere ,384.0,384.0,384000.0,384000.0,0.0,254.0,0.3459954294217687
S822101,vil/2019/SEVIR_VIL_STORMEVENTS_2019_0101_0630.h5,817,vil,2019-06-28 22:10:00,-120:-115:-110:-105:-100:-95:-90:-85:-80:-75:-70:-65:-60:-55:-50:-45:-40:-35:-30:-25:-20:-15:-10:-5:0:5:10:15:20:25:30:35:40:45:50:55:60:65:70:75:80:85:90:95:100:105:110:115:120,136995.0,822101.0,Hail,28.27448848931496,-97.49125555521697,31.64478150502337,-93.41990443675856,+proj=laea +lat_0=38 +lon_0=-98 +units=m +a=6370997.0 +ellps=sphere ,384.0,384.0,384000.0,384000.0,0.0,254.0,0.4693877551020408
S818130,vil/2019/SEVIR_VIL_STORMEVENTS_2019_0101_0630.h5,821,vil,2019-04-11 01:23:00,-118:-113:-108:-103:-98:-93:-88:-83:-78:-73:-68:-63:-58:-53:-48:-43:-38:-33:-28:-23:-18:-13:-8:-3:2:7:12:17:22:27:32:37:42:47:52:57:62:67:72:77:82:87:92:97:102:107:112:117:122,136267.0,818130.0,Hail,38.67393231614701,-100.55767866898772,42.14004038550296,-96.03628197005794,+proj=laea +lat_0=38 +lon_0=-98 +units=m +a=6370997.0 +ellps=sphere ,384.0,384.0,384000.0,384000.0,0.0,254.0,0.0
S829658,vil/2019/SEVIR_VIL_STORMEVENTS_2019_0101_0630.h5,825,vil,2019-05-06 20:49:00,-119:-114:-109:-104:-99:-94:-89:-84:-79:-74:-69:-64:-59:-54:-49:-44:-39:-34:-29:-24:-19:-14:-9:-4:1:6:11:16:21:26:31:36:41:46:51:56:61:66:71:76:81:86:91:96:101:106:111:116:121,137702.0,829658.0,Thunderstorm Wind,37.80571512818269,-99.8441273185942,41.24496842104218,-95.34526246067404,+proj=laea +lat_0=38 +lon_0=-98 +units=m +a=6370997.0 +ellps=sphere ,384.0,384.0,384000.0,384000.0,0.0,254.0,0.1022553389845521
S819843,vil/2019/SEVIR_VIL_STORMEVENTS_2019_0101_0630.h5,826,vil,2019-04-08 21:03:00,-118:-113:-108:-103:-98:-93:-88:-83:-78:-73:-68:-63:-58:-53:-48:-43:-38:-33:-28:-23:-18:-13:-8:-3:2:7:12:17:22:27:32:37:42:47:52:57:62:67:72:77:82:87:92:97:102:107:112:117:122,136649.0,819843.0,Thunderstorm Wind,35.17994351392325,-81.58226721803699,37.83710922653625,-76.48063051294386,+proj=laea +lat_0=38 +lon_0=-98 +units=m +a=6370997.0 +ellps=sphere ,384.0,384.0,384000.0,384000.0,0.0,254.0,0.0
S821901,vil/2019/SEVIR_VIL_STORMEVENTS_2019_0101_0630.h5,834,vil,2019-04-26 16:00:00,-120:-115:-110:-105:-100:-95:-90:-85:-80:-75:-70:-65:-60:-55:-50:-45:-40:-35:-30:-25:-20:-15:-10:-5:0:5:10:15:20:25:30:35:40:45:50:55:60:65:70:75:80:85:90:95:100:105:110:115:120,136923.0,821901.0,Thunderstorm Wind,35.48434355795567,-79.29924894892066,38.02797754281828,-74.0857313608364,+proj=laea +lat_0=38 +lon_0=-98 +units=m +a=6370997.0 +ellps=sphere ,384.0,384.0,384000.0,384000.0,0.0,254.0,0.0
S823299,vil/2019/SEVIR_VIL_STORMEVENTS_2019_0101_0630.h5,844,vil,2019-06-21 21:59:00,-119:-114:-109:-104:-99:-94:-89:-84:-79:-74:-69:-64:-59:-54:-49:-44:-39:-34:-29:-24:-19:-14:-9:-4:1:6:11:16:21:26:31:36:41:46:51:56:61:66:71:76:81:86:91:96:101:106:111:116:121,137183.0,823299.0,Hail,37.30637254713327,-106.10962573989298,40.97551716693896,-101.95509336731482,+proj=laea +lat_0=38 +lon_0=-98 +units=m +a=6370997.0 +ellps=sphere ,384.0,384.0,384000.0,384000.0,0.0,254.0,0.4285714285714285
S843100,vil/2019/SEVIR_VIL_STORMEVENTS_2019_0101_0630.h5,850,vil,2019-06-11 19:37:00,-122:-117:-112:-107:-102:-97:-92:-87:-82:-77:-72:-67:-62:-57:-52:-47:-42:-37:-32:-27:-22:-17:-12:-7:-2:3:8:13:18:23:28:33:38:43:48:53:58:63:68:73:78:83:88:93:98:103:108:113:118,140137.0,843100.0,Hail,25.254562362875,-82.43652633387659,28.026154762091235,-78.0159439036008,+proj=laea +lat_0=38 +lon_0=-98 +units=m +a=6370997.0 +ellps=sphere ,384.0,384.0,384000.0,384000.0,0.0,254.0,0.0
S830464,ir107/2019/SEVIR_IR107_STORMEVENTS_2019_0101_0630.h5,2,ir107,2019-05-10 03:25:00,-121:-116:-111:-106:-101:-96:-91:-86:-81:-76:-71:-66:-61:-56:-51:-46:-41:-36:-31:-26:-21:-16:-11:-6:-1:4:9:14:19:24:29:34:39:44:49:54:59:64:69:74:79:84:89:94:99:104:109:114:119,137256.0,830464.0,Flash Flood,28.237520440897327,-97.32870551834472,31.60184782722301,-93.25315835353588,+proj=laea +lat_0=38 +lon_0=-98 +units=m +a=6370997.0 +ellps=sphere ,192.0,192.0,384000.0,384000.0,-84.68736267089844,14.459600448608398,0.0
S807772,ir107/2019/SEVIR_IR107_STORMEVENTS_2019_0101_0630.h5,6,ir107,2019-04-15 07:40:00,-121:-116:-111:-106:-101:-96:-91:-86:-81:-76:-71:-66:-61:-56:-51:-46:-41:-36:-31:-26:-21:-16:-11:-6:-1:4:9:14:19:24:29:34:39:44:49:54:59:64:69:74:79:84:89:94:99:104:109:114:119,134771.0,807772.0,Thunderstorm Wind,38.63292814601488,-77.76426623561976,41.073655925591424,-72.21008541899779,+proj=laea +lat_0=38 +lon_0=-98 +units=m +a=6370997.0 +ellps=sphere ,192.0,192.0,384000.0,384000.0,-69.45353698730469,15.351396560668944,0.0
S808982,ir107/2019/SEVIR_IR107_STORMEVENTS_2019_0101_0630.h5,21,ir107,2019-04-07 22:34:00,-120:-115:-110:-105:-100:-95:-90:-85:-80:-75:-70:-65:-60:-55:-50:-45:-40:-35:-30:-25:-20:-15:-10:-5:0:5:10:15:20:25:30:35:40:45:50:55:60:65:70:75:80:85:90:95:100:105:110:115:120,134986.0,808982.0,Hail,38.12215950874521,-94.93554343773737,41.36429003457586,-90.17718956576915,+proj=laea +lat_0=38 +lon_0=-98 +units=m +a=6370997.0 +ellps=sphere ,192.0,192.0,384000.0,384000.0,-58.93767547607422,21.700927734375,0.0
S825312,ir107/2019/SEVIR_IR107_STORMEVENTS_2019_0101_0630.h5,27,ir107,2019-06-18 00:58:00,-119:-114:-109:-104:-99:-94:-89:-84:-79:-74:-69:-64:-59:-54:-49:-44:-39:-34:-29:-24:-19:-14:-9:-4:1:6:11:16:21:26:31:36:41:46:51:56:61:66:71:76:81:86:91:96:101:106:111:116:121,137431.0,825312.0,Thunderstorm Wind,37.45512400838938,-86.31093750645519,40.32119830283385,-81.21611238433785,+proj=laea +lat_0=38 +lon_0=-98 +units=m +a=6370997.0 +ellps=sphere ,192.0,192.0,384000.0,384000.0,-73.68390655517578,14.515323638916016,0.0
S817783,ir107/2019/SEVIR_IR107_STORMEVENTS_2019_0101_0630.h5,29,ir107,2019-05-19 22:04:00,-120:-115:-110:-105:-100:-95:-90:-85:-80:-75:-70:-65:-60:-55:-50:-45:-40:-35:-30:-25:-20:-15:-10:-5:0:5:10:15:20:25:30:35:40:45:50:55:60:65:70:75:80:85:90:95:100:105:110:115:120,136276.0,817783.0,Thunderstorm Wind,36.12999589480837,-84.12393943577692,38.90164472244055,-79.04638974196969,+proj=laea +lat_0=38 +lon_0=-98 +units=m +a=6370997.0 +ellps=sphere ,192.0,192.0,384000.0,384000.0,-65.18356323242189,27.80764579772949,0.0
S835788,ir107/2019/SEVIR_IR107_STORMEVENTS_2019_0101_0630.h5,30,ir107,2019-06-24 23:20:00,-122:-117:-112:-107:-102:-97:-92:-87:-82:-77:-72:-67:-62:-57:-52:-47:-42:-37:-32:-27:-22:-17:-12:-7:-2:3:8:13:18:23:28:33:38:43:48:53:58:63:68:73:78:83:88:93:98:103:108:113:118,138938.0,835788.0,Thunderstorm Wind,37.13081253335275,-83.57127650817758,39.87015290955176,-78.38856690817938,+proj=laea +lat_0=38 +lon_0=-98 +units=m +a=6370997.0 +ellps=sphere ,192.0,192.0,384000.0,384000.0,-75.83796691894531,26.322547912597656,0.0
S823789,ir107/2019/SEVIR_IR107_STORMEVENTS_2019_0101_0630.h5,38,ir107,2019-05-21 03:35:00,-121:-116:-111:-106:-101:-96:-91:-86:-81:-76:-71:-66:-61:-56:-51:-46:-41:-36:-31:-26:-21:-16:-11:-6:-1:4:9:14:19:24:29:34:39:44:49:54:59:64:69:74:79:84:89:94:99:104:109:114:119,137246.0,823789.0,Thunderstorm Wind,34.58007948420226,-97.3230715791471,37.926291471966685,-92.91153436501386,+proj=laea +lat_0=38 +lon_0=-98 +units=m +a=6370997.0 +ellps=sphere ,192.0,192.0,384000.0,384000.0,-83.10310363769531,19.211650848388672,0.0
S817358,ir107/2019/SEVIR_IR107_STORMEVENTS_2019_0101_0630.h5,39,ir107,2019-05-13 19:52:00,-123:-118:-113:-108:-103:-98:-93:-88:-83:-78:-73:-68:-63:-58:-53:-48:-43:-38:-33:-28:-23:-18:-13:-8:-3:2:7:12:17:22:27:32:37:42:47:52:57:62:67:72:77:82:87:92:97:102:107:112:117,136209.0,817358.0,Hail,29.9946354566815,-104.26264410647434,33.6035968009408,-100.37408028855306,+proj=laea +lat_0=38 +lon_0=-98 +units=m +a=6370997.0 +ellps=sphere ,192.0,192.0,384000.0,384000.0,-65.55646514892578,37.89003372192383,0.0
S842399,ir107/2019/SEVIR_IR107_STORMEVENTS_2019_0101_0630.h5,43,ir107,2019-06-27 21:25:00,-122:-117:-112:-107:-102:-97:-92:-87:-82:-77:-72:-67:-62:-57:-52:-47:-42:-37:-32:-27:-22:-17:-12:-7:-2:3:8:13:18:23:28:33:38:43:48:53:58:63:68:73:78:83:88:93:98:103:108:113:118,140016.0,842399.0,Thunderstorm Wind,41.88757848247229,-91.39980777128542,44.96745311218264,-86.15146106460861,+proj=laea +lat_0=38 +lon_0=-98 +units=m +a=6370997.0 +ellps=sphere ,192.0,192.0,384000.0,384000.0,-71.0589370727539,32.14013671875,0.0
S819119,ir107/2019/SEVIR_IR107_STORMEVENTS_2019_0101_0630.h5,49,ir107,2019-05-12 18:56:00,-122:-117:-112:-107:-102:-97:-92:-87:-82:-77:-72:-67:-62:-57:-52:-47:-42:-37:-32:-27:-22:-17:-12:-7:-2:3:8:13:18:23:28:33:38:43:48:53:58:63:68:73:78:83:88:93:98:103:108:113:118,136487.0,819119.0,Thunderstorm Wind,30.00247267507203,-85.24811369994762,32.8639356649046,-80.64585464037263,+proj=laea +lat_0=38 +lon_0=-98 +units=m +a=6370997.0 +ellps=sphere ,192.0,192.0,384000.0,384000.0,-67.16300964355469,27.78072166442871,0.0
S838131,ir107/2019/SEVIR_IR107_STORMEVENTS_2019_0101_0630.h5,61,ir107,2019-06-15 05:05:00,-121:-116:-111:-106:-101:-96:-91:-86:-81:-76:-71:-66:-61:-56:-51:-46:-41:-36:-31:-26:-21:-16:-11:-6:-1:4:9:14:19:24:29:34:39:44:49:54:59:64:69:74:79:84:89:94:99:104:109:114:119,139344.0,838131.0,Thunderstorm Wind,35.90937519990077,-100.2650416003163,39.36663562732667,-95.90602272767576,+proj=laea +lat_0=38 +lon_0=-98 +units=m +a=6370997.0 +ellps=sphere ,192.0,192.0,384000.0,384000.0,-76.72639465332031,20.07466697692871,0.0
S836483,ir107/2019/SEVIR_IR107_STORMEVENTS_2019_0101_0630.h5,74,ir107,2019-06-14 21:22:00,-123:-118:-113:-108:-103:-98:-93:-88:-83:-78:-73:-68:-63:-58:-53:-48:-43:-38:-33:-28:-23:-18:-13:-8:-3:2:7:12:17:22:27:32:37:42:47:52:57:62:67:72:77:82:87:92:97:102:107:112:117,139069.0,836483.0,Hail,45.66096429752899,-113.20304066636815,49.58615481159597,-108.97157092250964,+proj=laea +lat_0=38 +lon_0=-98 +units=m +a=6370997.0 +ellps=sphere ,192.0,192.0,384000.0,384000.0,-63.31728363037109,29.83372688293457,0.0
S838368,ir107/2019/SEVIR_IR107_STORMEVENTS_2019_0101_0630.h5,107,ir107,2019-06-29 19:20:00,-121:-116:-111:-106:-101:-96:-91:-86:-81:-76:-71:-66:-61:-56:-51:-46:-41:-36:-31:-26:-21:-16:-11:-6:-1:4:9:14:19:24:29:34:39:44:49:54:59:64:69:74:79:84:89:94:99:104:109:114:119,138098.0,838368.0,Thunderstorm Wind,40.5746913522215,-78.79095237337238,43.05267258514471,-73.0852830748965,+proj=laea +lat_0=38 +lon_0=-98 +units=m +a=6370997.0 +ellps=sphere ,192.0,192.0,384000.0,384000.0,-71.62039947509766,29.53425598144531,0.0
S810893,ir107/2019/SEVIR_IR107_STORMEVENTS_2019_0101_0630.h5,115,ir107,2019-04-27 22:10:00,-121:-116:-111:-106:-101:-96:-91:-86:-81:-76:-71:-66:-61:-56:-51:-46:-41:-36:-31:-26:-21:-16:-11:-6:-1:4:9:14:19:24:29:34:39:44:49:54:59:64:69:74:79:84:89:94:99:104:109:114:119,135234.0,810893.0,Hail,31.81040257425044,-102.92740111931045,35.37021913878603,-98.9041448399901,+proj=laea +lat_0=38 +lon_0=-98 +units=m +a=6370997.0 +ellps=sphere ,192.0,192.0,384000.0,384000.0,-72.37599182128906,41.330116271972656,0.0
S815938,ir107/2019/SEVIR_IR107_STORMEVENTS_2019_0101_0630.h5,116,ir107,2019-05-28 07:27:00,-123:-118:-113:-108:-103:-98:-93:-88:-83:-78:-73:-68:-63:-58:-53:-48:-43:-38:-33:-28:-23:-18:-13:-8:-3:2:7:12:17:22:27:32:37:42:47:52:57:62:67:72:77:82:87:92:97:102:107:112:117,135977.0,815938.0,Hail,37.854943255218245,-106.99508489251868,41.555083447941605,-102.8561388213954,+proj=laea +lat_0=38 +lon_0=-98 +units=m +a=6370997.0 +ellps=sphere ,192.0,192.0,384000.0,384000.0,-53.38877487182617,12.028491020202637,0.0
S812378,ir107/2019/SEVIR_IR107_STORMEVENTS_2019_0101_0630.h5,117,ir107,2019-04-24 20:51:00,-122:-117:-112:-107:-102:-97:-92:-87:-82:-77:-72:-67:-62:-57:-52:-47:-42:-37:-32:-27:-22:-17:-12:-7:-2:3:8:13:18:23:28:33:38:43:48:53:58:63:68:73:78:83:88:93:98:103:108:113:118,135448.0,812378.0,Hail,35.57754692322445,-91.64777116185982,38.68888513053565,-86.92530885872904,+proj=laea +lat_0=38 +lon_0=-98 +units=m +a=6370997.0 +ellps=sphere ,192.0,192.0,384000.0,384000.0,-67.28477478027344,24.57414245605469,0.0
S829927,ir107/2019/SEVIR_IR107_STORMEVENTS_2019_0101_0630.h5,123,ir107,2019-05-19 19:55:00,-121:-116:-111:-106:-101:-96:-91:-86:-81:-76:-71:-66:-61:-56:-51:-46:-41:-36:-31:-26:-21:-16:-11:-6:-1:4:9:14:19:24:29:34:39:44:49:54:59:64:69:74:79:84:89:94:99:104:109:114:119,138056.0,829927.0,Hail,29.20053668584813,-95.34933673608124,32.485847087401744,-91.15510045132636,+proj=laea +lat_0=38 +lon_0=-98 +units=m +a=6370997.0 +ellps=sphere ,192.0,192.0,384000.0,384000.0,-73.50055694580078,28.63100433349609,0.0
S831916,ir107/2019/SEVIR_IR107_STORMEVENTS_2019_0101_0630.h5,131,ir107,2019-06-27 03:50:00,-122:-117:-112:-107:-102:-97:-92:-87:-82:-77:-72:-67:-62:-57:-52:-47:-42:-37:-32:-27:-22:-17:-12:-7:-2:3:8:13:18:23:28:33:38:43:48:53:58:63:68:73:78:83:88:93:98:103:108:113:118,138344.0,831916.0,Hail,42.152731354993065,-104.35966074266076,45.763368223439606,-99.80080522437645,+proj=laea +lat_0=38 +lon_0=-98 +units=m +a=6370997.0 +ellps=sphere ,192.0,192.0,384000.0,384000.0,-73.94401550292969,21.08479118347168,0.0
S815893,ir107/2019/SEVIR_IR107_STORMEVENTS_2019_0101_0630.h5,132,ir107,2019-04-23 00:28:00,-119:-114:-109:-104:-99:-94:-89:-84:-79:-74:-69:-64:-59:-54:-49:-44:-39:-34:-29:-24:-19:-14:-9:-4:1:6:11:16:21:26:31:36:41:46:51:56:61:66:71:76:81:86:91:96:101:106:111:116:121,135967.0,815893.0,Hail,39.96243434949532,-92.9518213551368,43.11599954488439,-87.95228853894653,+proj=laea +lat_0=38 +lon_0=-98 +units=m +a=6370997.0 +ellps=sphere ,192.0,192.0,384000.0,384000.0,-64.60028839111328,21.40159606933593,0.0
S809699,ir107/2019/SEVIR_IR107_STORMEVENTS_2019_0101_0630.h5,137,ir107,2019-04-25 15:01:00,-122:-117:-112:-107:-102:-97:-92:-87:-82:-77:-72:-67:-62:-57:-52:-47:-42:-37:-32:-27:-22:-17:-12:-7:-2:3:8:13:18:23:28:33:38:43:48:53:58:63:68:73:78:83:88:93:98:103:108:113:118,135096.0,809699.0,Thunderstorm Wind,28.38157927933645,-92.29140268987196,31.54962836677416,-88.02872763544242,+proj=laea +lat_0=38 +lon_0=-98 +units=m +a=6370997.0 +ellps=sphere ,192.0,192.0,384000.0,384000.0,-66.73723602294922,19.40983009338379,0.0
S834579,ir107/2019/SEVIR_IR107_STORMEVENTS_2019_0101_0630.h5,161,ir107,2019-06-27 20:06:00,-123:-118:-113:-108:-103:-98:-93:-88:-83:-78:-73:-68:-63:-58:-53:-48:-43:-38:-33:-28:-23:-18:-13:-8:-3:2:7:12:17:22:27:32:37:42:47:52:57:62:67:72:77:82:87:92:97:102:107:112:117,136950.0,834579.0,Thunderstorm Wind,39.07216687273989,-83.01105158945751,41.77243258538058,-77.63284213927469,+proj=laea +lat_0=38 +lon_0=-98 +units=m +a=6370997.0 +ellps=sphere ,192.0,192.0,384000.0,384000.0,-67.47675323486328,30.94156646728516,0.0
S836537,ir107/2019/SEVIR_IR107_STORMEVENTS_2019_0101_0630.h5,167,ir107,2019-06-28 01:18:00,-120:-115:-110:-105:-100:-95:-90:-85:-80:-75:-70:-65:-60:-55:-50:-45:-40:-35:-30:-25:-20:-15:-10:-5:0:5:10:15:20:25:30:35:40:45:50:55:60:65:70:75:80:85:90:95:100:105:110:115:120,139080.0,836537.0,Thunderstorm Wind,46.355667737594594,-110.8777143758865,50.20722484525496,-106.42991016340164,+proj=laea +lat_0=38 +lon_0=-98 +units=m +a=6370997.0 +ellps=sphere ,192.0,192.0,384000.0,384000.0,-70.11398315429689,24.13108062744141,0.0
S819889,ir107/2019/SEVIR_IR107_STORMEVENTS_2019_0101_0630.h5,179,ir107,2019-06-17 20:10:00,-120:-115:-110:-105:-100:-95:-90:-85:-80:-76:-71:-66:-61:-56:-51:-46:-41:-36:-31:-26:-21:-16:-11:-6:-1:4:9:14:19:24:29:34:39:44:49:54:59:64:69:74:79:84:89:94:99:104:109:114:119,136659.0,819889.0,Hail,33.4278333338432,-107.32366286232626,37.137378877622034,-103.41907065585156,+proj=laea +lat_0=38 +lon_0=-98 +units=m +a=6370997.0 +ellps=sphere ,192.0,192.0,384000.0,384000.0,-69.53501892089844,45.55426025390625,0.0
S814193,ir107/2019/SEVIR_IR107_STORMEVENTS_2019_0101_0630.h5,188,ir107,2019-05-19 22:40:00,-121:-116:-111:-106:-101:-96:-91:-86:-81:-76:-71:-66:-61:-56:-51:-46:-41:-36:-31:-26:-21:-16:-11:-6:-1:4:9:14:19:24:29:34:39:44:49:54:59:64:69:74:79:84:89:94:99:104:109:114:119,135691.0,814193.0,Thunderstorm Wind,34.09677589666874,-121.70385867180498,38.226387805144455,-118.47411819457706,+proj=laea +lat_0=38 +lon_0=-98 +units=m +a=6370997.0 +ellps=sphere ,192.0,192.0,384000.0,384000.0,-51.61024856567383,28.526166915893555,0.0
S820947,ir107/2019/SEVIR_IR107_STORMEVENTS_2019_0101_0630.h5,189,ir107,2019-04-30 20:29:00,-120:-115:-110:-105:-100:-95:-90:-85:-80:-75:-70:-65:-60:-55:-50:-45:-40:-35:-30:-25:-20:-15:-10:-5:0:5:10:15:20:25:30:35:40:45:50:55:60:65:70:75:80:85:90:95:100:105:110:115:120,136690.0,820947.0,Hail,32.257489809283534,-100.95335504519942,35.74561037456182,-96.8256412233238,+proj=laea +lat_0=38 +lon_0=-98 +units=m +a=6370997.0 +ellps=sphere ,192.0,192.0,384000.0,384000.0,-76.4910659790039,28.37354278564453,0.0
S827498,ir107/2019/SEVIR_IR107_STORMEVENTS_2019_0101_0630.h5,190,ir107,2019-05-20 23:40:00,-121:-116:-111:-106:-101:-96:-91:-86:-81:-76:-71:-66:-61:-56:-51:-46:-41:-36:-31:-26:-21:-16:-11:-6:-1:4:9:14:19:24:29:34:39:44:49:54:59:64:69:74:79:84:89:94:99:104:109:114:119,137355.0,827498.0,Thunderstorm Wind,35.735175257149194,-96.05025561708952,39.0282959512168,-91.50977572098894,+proj=laea +lat_0=38 +lon_0=-98 +units=m +a=6370997.0 +ellps=sphere ,192.0,192.0,384000.0,384000.0,-81.67948150634766,20.641042709350582,0.0
S823822,ir107/2019/SEVIR_IR107_STORMEVENTS_2019_0101_0630.h5,201,ir107,2019-05-20 18:19:00,-120:-115:-110:-105:-100:-95:-90:-85:-80:-75:-70:-65:-60:-55:-50:-45:-40:-35:-30:-25:-20:-15:-10:-5:0:5:10:15:20:25:30:35:40:45:50:55:60:65:70:75:80:85:90:95:100:105:110:115:120,137246.0,823822.0,Hail,35.04672184708718,-97.1434403665886,38.3848691598246,-92.69542185045572,+proj=laea +lat_0=38 +lon_0=-98 +units=m +a=6370997.0 +ellps=sphere ,192.0,192.0,384000.0,384000.0,-76.2756118774414,25.39595413208008,0.0
S823852,ir107/2019/SEVIR_IR107_STORMEVENTS_2019_0101_0630.h5,202,ir107,2019-06-22 09:04:00,-120:-115:-110:-105:-100:-95:-90:-85:-80:-75:-70:-65:-60:-55:-50:-45:-40:-35:-30:-25:-20:-15:-10:-5:0:5:10:15:20:25:30:35:40:45:50:55:60:65:70:75:80:85:90:95:100:105:110:115:120,137248.0,823852.0,Thunderstorm Wind,32.03307189621245,-82.80406190565816,34.77006758476904,-77.98194874218268,+proj=laea +lat_0=38 +lon_0=-98 +units=m +a=6370997.0 +ellps=sphere ,192.0,192.0,384000.0,384000.0,-74.74308776855469,24.29788017272949,0.0
S819453,ir107/2019/SEVIR_IR107_STORMEVENTS_2019_0101_0630.h5,205,ir107,2019-05-07 22:00:00,-121:-116:-111:-106:-101:-96:-91:-86:-81:-76:-71:-66:-61:-56:-51:-46:-41:-36:-31:-26:-21:-16:-11:-6:-1:4:9:14:19:24:29:34:39:44:49:54:59:64:69:74:79:84:89:94:99:104:109:114:119,136571.0,819453.0,Tornado,40.43457983752693,-116.24330982070973,44.43360556380287,-112.49985699373708,+proj=laea +lat_0=38 +lon_0=-98 +units=m +a=6370997.0 +ellps=sphere ,192.0,192.0,384000.0,384000.0,-55.5784797668457,29.752260208129893,0.0
S817502,ir107/2019/SEVIR_IR107_STORMEVENTS_2019_0101_0630.h5,206,ir107,2019-05-17 00:51:00,-122:-117:-112:-107:-102:-97:-92:-87:-82:-77:-72:-67:-62:-57:-52:-47:-42:-37:-32:-27:-22:-17:-12:-7:-2:3:8:13:18:23:28:33:38:43:48:53:58:63:68:73:78:83:88:93:98:103:108:113:118,136229.0,817502.0,Hail,30.52520796777751,-106.11845950038344,34.196256634409785,-102.28362768830284,+proj=laea +lat_0=38 +lon_0=-98 +units=m +a=6370997.0 +ellps=sphere ,192.0,192.0,384000.0,384000.0,-66.06667327880861,35.139659881591804,0.0
S804333,ir107/2019/SEVIR_IR107_STORMEVENTS_2019_0101_0630.h5,212,ir107,2019-03-09 15:29:00,-119:-114:-109:-104:-99:-94:-89:-84:-79:-74:-69:-64:-59:-54:-49:-44:-39:-34:-29:-24:-19:-14:-9:-4:1:6:11:16:21:26:31:36:41:46:51:56:61:66:71:76:81:86:91:96:101:106:111:116:121,134298.0,804333.0,Thunderstorm Wind,31.301445405348225,-97.07534379763456,34.64638590136239,-92.83888101244864,+proj=laea +lat_0=38 +lon_0=-98 +units=m +a=6370997.0 +ellps=sphere ,192.0,192.0,384000.0,384000.0,-73.0120849609375,28.38923263549805,0.0
S827358,ir107/2019/SEVIR_IR107_STORMEVENTS_2019_0101_0630.h5,214,ir107,2019-05-07 20:13:00,-119:-114:-109:-104:-99:-94:-89:-84:-79:-74:-69:-64:-59:-54:-49:-44:-39:-34:-29:-24:-19:-14:-9:-4:1:6:11:16:21:26:31:36:41:46:51:56:61:66:71:76:81:86:91:96:101:106:111:116:121,137560.0,827358.0,Thunderstorm Wind,25.28168790168793,-82.3722255065872,28.05020779584945,-77.94821840827775,+proj=laea +lat_0=38 +lon_0=-98 +units=m +a=6370997.0 +ellps=sphere ,192.0,192.0,384000.0,384000.0,-67.68000030517578,35.640220642089844,0.0
S824376,ir107/2019/SEVIR_IR107_STORMEVENTS_2019_0101_0630.h5,215,ir107,2019-05-29 01:22:00,-123:-118:-113:-108:-103:-98:-93:-88:-83:-78:-73:-68:-63:-58:-53:-48:-43:-38:-33:-28:-23:-18:-13:-8:-3:2:7:12:17:22:27:32:37:42:47:52:57:62:67:72:77:82:87:92:97:102:107:112:117,137341.0,824376.0,Hail,38.885243316185296,-92.61198911014873,42.02708730640674,-87.68438222048289,+proj=laea +lat_0=38 +lon_0=-98 +units=m +a=6370997.0 +ellps=sphere ,192.0,192.0,384000.0,384000.0,-79.1851806640625,24.885639190673828,0.0
S825747,ir107/2019/SEVIR_IR107_STORMEVENTS_2019_0101_0630.h5,216,ir107,2019-05-07 00:34:00,-120:-115:-110:-105:-100:-95:-90:-85:-80:-75:-70:-65:-60:-55:-50:-45:-40:-35:-30:-25:-20:-15:-10:-5:0:5:10:15:20:25:30:35:40:45:50:55:60:65:70:75:80:85:90:95:100:105:110:115:120,137486.0,825747.0,Hail,33.36215697908116,-104.00897081582268,36.958387843722186,-99.95841645140722,+proj=laea +lat_0=38 +lon_0=-98 +units=m +a=6370997.0 +ellps=sphere ,192.0,192.0,384000.0,384000.0,-75.21935272216797,31.12172889709473,0.0
S815393,ir107/2019/SEVIR_IR107_STORMEVENTS_2019_0101_0630.h5,220,ir107,2019-04-06 19:00:00,-121:-116:-111:-106:-101:-96:-91:-86:-81:-76:-71:-66:-61:-56:-51:-46:-41:-36:-31:-26:-21:-16:-11:-6:-1:4:9:14:19:24:29:34:39:44:49:54:59:64:69:74:79:84:89:94:99:104:109:114:119,135859.0,815393.0,Thunderstorm Wind,30.132749308975548,-93.95253458340687,33.35958790503169,-89.65804887924456,+proj=laea +lat_0=38 +lon_0=-98 +units=m +a=6370997.0 +ellps=sphere ,192.0,192.0,384000.0,384000.0,-71.18792724609375,25.23431396484375,0.0
S807481,ir107/2019/SEVIR_IR107_STORMEVENTS_2019_0101_0630.h5,229,ir107,2019-04-12 11:56:00,-122:-117:-112:-107:-102:-97:-92:-87:-82:-77:-72:-67:-62:-57:-52:-47:-42:-37:-32:-27:-22:-17:-12:-7:-2:3:8:13:18:23:28:33:38:43:48:53:58:63:68:73:78:83:88:93:98:103:108:113:118,134743.0,807481.0,Thunderstorm Wind,38.04418493136245,-86.79355642087847,40.92955825920371,-81.67032990832627,+proj=laea +lat_0=38 +lon_0=-98 +units=m +a=6370997.0 +ellps=sphere ,192.0,192.0,384000.0,384000.0,-56.19731521606445,13.931096076965332,0.0
S822507,ir107/2019/SEVIR_IR107_STORMEVENTS_2019_0101_0630.h5,231,ir107,2019-06-16 19:45:00,-121:-116:-111:-106:-101:-96:-91:-86:-81:-76:-71:-66:-61:-56:-51:-46:-41:-36:-31:-26:-21:-16:-11:-6:-1:4:9:14:19:24:29:34:39:44:49:54:59:64:69:74:79:84:89:94:99:104:109:114:119,137070.0,822507.0,Heavy Rain,27.52824256687313,-84.24322893487981,30.36226677038237,-79.75389120730998,+proj=laea +lat_0=38 +lon_0=-98 +units=m +a=6370997.0 +ellps=sphere ,192.0,192.0,384000.0,384000.0,-76.17019653320312,30.18087387084961,0.0
S830087,ir107/2019/SEVIR_IR107_STORMEVENTS_2019_0101_0630.h5,237,ir107,2019-06-29 19:08:00,-119:-114:-109:-104:-99:-94:-89:-84:-79:-74:-69:-64:-59:-54:-49:-44:-39:-34:-29:-24:-19:-14:-9:-4:1:6:11:16:21:26:31:36:41:46:51:56:61:66:71:76:81:86:91:96:101:106:111:116:121,138104.0,830087.0,Thunderstorm Wind,38.6717922433464,-78.20562318453402,41.13486428414495,-72.66538650788462,+proj=laea +lat_0=38 +lon_0=-98 +units=m +a=6370997.0 +ellps=sphere ,192.0,192.0,384000.0,384000.0,-71.62039947509766,31.175249099731445,0.0
S832864,ir107/2019/SEVIR_IR107_STORMEVENTS_2019_0101_0630.h5,249,ir107,2019-06-19 00:37:00,-123:-118:-113:-108:-103:-98:-93:-88:-83:-78:-73:-68:-63:-58:-53:-48:-43:-38:-33:-28:-23:-18:-13:-8:-3:2:7:12:17:22:27:32:37:42:47:52:57:62:67:72:77:82:87:92:97:102:107:112:117,138514.0,832864.0,Hail,28.44086652401437,-105.45019647693763,32.09245369606821,-101.66927302641771,+proj=laea +lat_0=38 +lon_0=-98 +units=m +a=6370997.0 +ellps=sphere ,192.0,192.0,384000.0,384000.0,-81.51546478271484,42.79524612426758,0.0
S820077,ir107/2019/SEVIR_IR107_STORMEVENTS_2019_0101_0630.h5,251,ir107,2019-06-14 00:52:00,-123:-118:-113:-108:-103:-98:-93:-88:-83:-78:-73:-68:-63:-58:-53:-48:-43:-38:-33:-28:-23:-18:-13:-8:-3:2:7:12:17:22:27:32:37:42:47:52:57:62:67:72:77:82:87:92:97:102:107:112:117,136688.0,820077.0,Thunderstorm Wind,40.89973128590599,-105.17068916018049,44.53860365712202,-100.74666747402692,+proj=laea +lat_0=38 +lon_0=-98 +units=m +a=6370997.0 +ellps=sphere ,192.0,192.0,384000.0,384000.0,-72.37483215332031,24.45627212524414,0.0
S820469,ir107/2019/SEVIR_IR107_STORMEVENTS_2019_0101_0630.h5,254,ir107,2019-06-22 19:54:00,-120:-115:-110:-105:-100:-95:-90:-85:-80:-75:-70:-65:-60:-55:-50:-45:-40:-35:-30:-25:-20:-15:-10:-5:0:5:10:15:20:25:30:35:40:45:50:55:60:65:70:75:80:85:90:95:100:105:110:115:120,136762.0,820469.0,Hail,40.813422703858144,-73.5952008681041,43.01294960061144,-67.65161303808964,+proj=laea +lat_0=38 +lon_0=-98 +units=m +a=6370997.0 +ellps=sphere ,192.0,192.0,384000.0,384000.0,-46.27279281616211,28.15604019165039,0.0
S830947,ir107/2019/SEVIR_IR107_STORMEVENTS_2019_0101_0630.h5,265,ir107,2019-05-29 01:59:00,-120:-115:-110:-105:-100:-95:-90:-85:-80:-75:-70:-65:-60:-55:-50:-45:-40:-35:-30:-25:-20:-15:-10:-5:0:5:10:15:20:25:30:35:40:45:50:55:60:65:70:75:80:85:90:95:100:105:110:115:120,136056.0,830947.0,Thunderstorm Wind,38.14282104681989,-98.50313714614178,41.52939459819397,-93.91554406120692,+proj=laea +lat_0=38 +lon_0=-98 +units=m +a=6370997.0 +ellps=sphere ,192.0,192.0,384000.0,384000.0,-75.31487274169922,22.29424285888672,0.0
S824755,ir107/2019/SEVIR_IR107_STORMEVENTS_2019_0101_0630.h5,267,ir107,2019-05-02 18:42:00,-123:-118:-113:-108:-103:-98:-93:-88:-83:-78:-73:-68:-63:-58:-53:-48:-43:-38:-33:-28:-23:-18:-13:-8:-3:2:2:12:17:22:27:32:37:42:47:52:57:62:67:72:77:82:87:92:97:102:107:112:117,137106.0,824755.0,Hail,30.3574264135188,-100.5377717955876,33.83420567817278,-96.48517407702214,+proj=laea +lat_0=38 +lon_0=-98 +units=m +a=6370997.0 +ellps=sphere ,192.0,192.0,384000.0,384000.0,-79.26744079589844,28.54247665405273,0.0
S841365,ir107/2019/SEVIR_IR107_STORMEVENTS_2019_0101_0630.h5,276,ir107,2019-06-27 20:06:00,-123:-118:-113:-108:-103:-98:-93:-88:-83:-78:-73:-68:-63:-58:-53:-48:-43:-38:-33:-28:-23:-18:-13:-8:-3:2:7:12:17:22:27:32:37:42:47:52:57:62:67:72:77:82:87:92:97:102:107:112:117,139868.0,841365.0,Hail,43.35027580342478,-73.27359492042223,45.50637689717984,-67.02276653154661,+proj=laea +lat_0=38 +lon_0=-98 +units=m +a=6370997.0 +ellps=sphere ,192.0,192.0,384000.0,384000.0,-55.37998962402344,26.9358024597168,0.0
S836470,ir107/2019/SEVIR_IR107_STORMEVENTS_2019_0101_0630.h5,278,ir107,2019-06-13 19:45:00,-121:-116:-111:-106:-101:-96:-91:-86:-81:-76:-71:-66:-61:-56:-51:-46:-41:-36:-31:-26:-21:-16:-11:-6:-1:4:9:14:19:24:29:34:39:44:49:54:59:64:69:74:79:84:89:94:99:104:109:114:119,139066.0,836470.0,Hail,44.19009857327071,-113.46250487874596,48.11790535983665,-109.34303414758836,+proj=laea +lat_0=38 +lon_0=-98 +units=m +a=6370997.0 +ellps=sphere ,192.0,192.0,384000.0,384000.0,-66.77870178222656,31.09398651123047,0.0
S839779,ir107/2019/SEVIR_IR107_STORMEVENTS_2019_0101_0630.h5,280,ir107,2019-06-22 02:26:00,-122:-117:-112:-107:-102:-97:-92:-87:-82:-77:-72:-67:-62:-57:-52:-47:-42:-37:-32:-27:-22:-17:-12:-7:-2:3:8:13:18:23:28:33:38:43:48:53:58:63:68:73:78:83:88:93:98:103:108:113:118,139617.0,839779.0,Thunderstorm Wind,33.662020324807266,-88.67185716487482,36.65321255672554,-83.95955139987718,+proj=laea +lat_0=38 +lon_0=-98 +units=m +a=6370997.0 +ellps=sphere ,192.0,192.0,384000.0,384000.0,-79.34465789794922,26.13096046447754,0.0
S812771,ir107/2019/SEVIR_IR107_STORMEVENTS_2019_0101_0630.h5,293,ir107,2019-03-29 12:06:00,-121:-116:-111:-106:-101:-96:-91:-86:-81:-76:-71:-66:-61:-56:-51:-46:-41:-36:-31:-26:-21:-16:-11:-6:-1:4:9:14:19:24:29:34:39:44:49:54:59:64:69:74:79:84:89:94:99:104:109:114:119,135323.0,812771.0,Hail,34.95362867173966,-99.2065923012268,38.37197002159029,-94.85612008345215,+proj=laea +lat_0=38 +lon_0=-98 +units=m +a=6370997.0 +ellps=sphere ,192.0,192.0,384000.0,384000.0,-69.16934204101561,14.225726127624512,0.0
S823306,ir107/2019/SEVIR_IR107_STORMEVENTS_2019_0101_0630.h5,302,ir107,2019-06-29 02:55:00,-121:-116:-111:-106:-101:-96:-91:-86:-81:-76:-71:-66:-61:-56:-51:-46:-41:-36:-31:-26:-21:-16:-11:-6:-1:4:9:14:19:24:29:34:39:44:49:54:59:64:69:74:79:84:89:94:99:104:109:114:119,137184.0,823306.0,Thunderstorm Wind,38.28925093643858,-107.21048531274128,41.99719670152496,-103.05884006353403,+proj=laea +lat_0=38 +lon_0=-98 +units=m +a=6370997.0 +ellps=sphere ,192.0,192.0,384000.0,384000.0,-64.81474304199219,29.50835037231445,0.0
S827642,ir107/2019/SEVIR_IR107_STORMEVENTS_2019_0101_0630.h5,305,ir107,2019-05-15 22:56:00,-122:-117:-112:-107:-102:-97:-92:-87:-82:-77:-72:-67:-62:-57:-52:-47:-42:-37:-32:-27:-22:-17:-12:-7:-2:3:8:13:18:23:28:33:38:43:48:53:58:63:68:73:78:83:88:93:98:103:108:113:118,137767.0,827642.0,Hail,24.578159866425565,-82.53391948994094,27.359585255955487,-78.15216605095236,+proj=laea +lat_0=38 +lon_0=-98 +units=m +a=6370997.0 +ellps=sphere ,192.0,192.0,384000.0,384000.0,-61.16308975219727,27.33685302734375,0.0
S841959,ir107/2019/SEVIR_IR107_STORMEVENTS_2019_0101_0630.h5,318,ir107,2019-06-22 05:28:00,-119:-114:-109:-104:-99:-94:-89:-84:-79:-74:-69:-64:-59:-54:-49:-44:-39:-34:-29:-24:-19:-14:-9:-4:1:6:11:16:21:26:31:36:41:46:51:56:61:66:71:76:81:86:91:96:101:106:111:116:121,139569.0,841959.0,Thunderstorm Wind,32.88931174100172,-85.84268287280055,35.75937026257174,-81.07377553189761,+proj=laea +lat_0=38 +lon_0=-98 +units=m +a=6370997.0 +ellps=sphere ,192.0,192.0,384000.0,384000.0,-76.35623168945312,23.30292320251465,0.0
S817190,ir107/2019/SEVIR_IR107_STORMEVENTS_2019_0101_0630.h5,320,ir107,2019-05-23 21:24:00,-120:-115:-110:-105:-100:-95:-90:-85:-80:-75:-70:-65:-60:-55:-50:-45:-40:-35:-30:-25:-20:-15:-10:-5:0:5:10:15:20:25:30:35:40:45:50:55:60:65:70:75:80:85:90:95:100:105:110:115:120,136185.0,817190.0,Thunderstorm Wind,37.753175901261336,-86.58538266736696,40.6303988245809,-81.47755953014197,+proj=laea +lat_0=38 +lon_0=-98 +units=m +a=6370997.0 +ellps=sphere ,192.0,192.0,384000.0,384000.0,-69.22698211669922,25.60315704345703,0.0
S824296,ir107/2019/SEVIR_IR107_STORMEVENTS_2019_0101_0630.h5,325,ir107,2019-05-07 19:40:00,-121:-116:-111:-106:-101:-96:-91:-86:-81:-76:-71:-66:-61:-56:-51:-46:-41:-36:-31:-26:-21:-16:-11:-6:-1:4:9:14:19:24:29:34:39:44:49:54:59:64:69:74:79:84:89:94:99:104:109:114:119,137328.0,824296.0,Hail,29.03357568515675,-98.08203446372296,32.42346580283645,-93.99717066825104,+proj=laea +lat_0=38 +lon_0=-98 +units=m +a=6370997.0 +ellps=sphere ,192.0,192.0,384000.0,384000.0,-78.87161254882812,25.36508178710937,0.0
S813123,ir107/2019/SEVIR_IR107_STORMEVENTS_2019_0101_0630.h5,335,ir107,2019-05-02 18:33:00,-119:-114:-109:-104:-99:-94:-89:-84:-79:-74:-69:-64:-59:-54:-49:-44:-39:-34:-29:-24:-19:-14:-9:-4:1:6:11:11:21:26:31:36:41:46:51:56:61:66:71:76:81:86:91:96:101:106:111:116:121,135544.0,813123.0,Tornado,33.31696118245652,-94.32118724456534,36.54711423976988,-89.85912475601955,+proj=laea +lat_0=38 +lon_0=-98 +units=m +a=6370997.0 +ellps=sphere ,192.0,192.0,384000.0,384000.0,-69.64398956298828,20.84354019165039,0.0
S812025,ir107/2019/SEVIR_IR107_STORMEVENTS_2019_0101_0630.h5,361,ir107,2019-04-14 22:14:00,-120:-115:-110:-105:-100:-95:-90:-85:-80:-75:-70:-65:-60:-55:-50:-45:-40:-35:-30:-25:-20:-15:-10:-5:0:5:10:15:20:25:30:35:40:45:50:55:60:65:70:75:80:85:90:95:100:105:110:115:120,134815.0,812025.0,Thunderstorm Wind,38.36726794600253,-85.51322535036067,41.19133384967024,-80.30652531389659,+proj=laea +lat_0=38 +lon_0=-98 +units=m +a=6370997.0 +ellps=sphere ,192.0,192.0,384000.0,384000.0,-63.85807037353516,24.01268768310547,0.0
S811079,ir107/2019/SEVIR_IR107_STORMEVENTS_2019_0101_0630.h5,365,ir107,2019-04-08 23:42:00,-123:-118:-113:-108:-103:-98:-93:-88:-83:-78:-73:-68:-63:-58:-53:-48:-43:-38:-33:-28:-23:-18:-13:-8:-3:2:7:12:17:22:27:32:37:42:47:52:57:62:67:72:77:82:87:92:97:102:107:112:117,135289.0,811079.0,Hail,31.7254502834182,-91.722778653012,34.8552363862072,-87.25334317011819,+proj=laea +lat_0=38 +lon_0=-98 +units=m +a=6370997.0 +ellps=sphere ,192.0,192.0,384000.0,384000.0,-59.54319763183594,21.088836669921875,0.0
S811216,ir107/2019/SEVIR_IR107_STORMEVENTS_2019_0101_0630.h5,376,ir107,2019-05-02 18:45:00,-121:-116:-111:-106:-101:-96:-91:-86:-81:-76:-71:-66:-61:-56:-51:-46:-41:-36:-31:-26:-21:-16:-11:-6:-1:-1:9:14:19:24:29:34:39:44:49:54:59:64:69:74:79:84:89:94:99:104:109:114:119,135297.0,811216.0,Hail,37.27044688292237,-86.63708439653301,40.15250701004988,-81.57140158996897,+proj=laea +lat_0=38 +lon_0=-98 +units=m +a=6370997.0 +ellps=sphere ,192.0,192.0,384000.0,384000.0,-73.01036834716797,25.90062713623047,0.0
S827049,ir107/2019/SEVIR_IR107_STORMEVENTS_2019_0101_0630.h5,397,ir107,2019-05-10 19:07:00,-123:-118:-113:-108:-103:-98:-93:-88:-83:-78:-73:-68:-63:-58:-53:-48:-43:-38:-33:-28:-23:-18:-13:-8:-3:2:7:12:17:22:27:32:37:42:47:52:57:62:67:72:77:82:87:92:97:102:107:112:117,137658.0,827049.0,Thunderstorm Wind,41.55814462341817,-78.32335734864971,44.00400941123441,-72.49336324141542,+proj=laea +lat_0=38 +lon_0=-98 +units=m +a=6370997.0 +ellps=sphere ,192.0,192.0,384000.0,384000.0,-45.54964447021485,20.963991165161133,0.0
S819538,ir107/2019/SEVIR_IR107_STORMEVENTS_2019_0101_0630.h5,399,ir107,2019-06-16 22:56:00,-122:-117:-112:-107:-102:-97:-92:-87:-82:-77:-72:-67:-62:-57:-52:-47:-42:-37:-32:-27:-22:-17:-12:-7:-2:3:8:13:18:23:28:33:38:43:48:53:58:63:68:73:78:83:88:93:98:103:108:113:118,136598.0,819538.0,Funnel Cloud,45.18092009796497,-97.69439174914486,48.5294180054887,-92.4775183758704,+proj=laea +lat_0=38 +lon_0=-98 +units=m +a=6370997.0 +ellps=sphere ,192.0,192.0,384000.0,384000.0,-44.80745697021485,26.42565155029297,0.0
S820293,ir107/2019/SEVIR_IR107_STORMEVENTS_2019_0101_0630.h5,404,ir107,2019-04-15 02:50:00,-121:-116:-111:-106:-101:-96:-91:-86:-81:-76:-71:-66:-61:-56:-51:-46:-41:-36:-31:-26:-21:-16:-11:-6:-1:4:9:14:19:24:29:34:39:44:49:54:59:64:69:74:79:84:89:94:99:104:109:114:119,136654.0,820293.0,Thunderstorm Wind,35.23414554890584,-83.32146392425406,37.97368531619336,-78.283103686438,+proj=laea +lat_0=38 +lon_0=-98 +units=m +a=6370997.0 +ellps=sphere ,192.0,192.0,384000.0,384000.0,-49.94552612304688,17.758995056152344,0.0
S812915,ir107/2019/SEVIR_IR107_STORMEVENTS_2019_0101_0630.h5,412,ir107,2019-04-26 23:10:00,-121:-116:-111:-106:-101:-96:-91:-86:-81:-76:-71:-66:-61:-56:-51:-46:-41:-36:-31:-26:-21:-16:-11:-6:-1:4:9:14:19:24:29:34:39:44:49:54:59:64:69:74:79:84:89:94:99:104:109:114:119,135519.0,812915.0,Hail,37.57031453879375,-84.52249929112699,40.35215238718825,-79.34209574153084,+proj=laea +lat_0=38 +lon_0=-98 +units=m +a=6370997.0 +ellps=sphere ,192.0,192.0,384000.0,384000.0,-45.04538345336914,17.276824951171875,0.0
S836143,ir107/2019/SEVIR_IR107_STORMEVENTS_2019_0101_0630.h5,421,ir107,2019-06-15 19:50:00,-121:-116:-111:-106:-101:-96:-91:-86:-81:-76:-71:-66:-61:-56:-51:-46:-41:-36:-31:-26:-21:-16:-11:-6:-1:4:9:14:19:24:29:34:39:44:49:54:59:64:69:74:79:84:89:94:99:104:109:114:119,139014.0,836143.0,Thunderstorm Wind,41.97511029914336,-97.58895286699352,45.321032581917066,-92.66009852466507,+proj=laea +lat_0=38 +lon_0=-98 +units=m +a=6370997.0 +ellps=sphere ,192.0,192.0,384000.0,384000.0,-71.69588470458984,29.16643524169922,0.0
S837442,ir107/2019/SEVIR_IR107_STORMEVENTS_2019_0101_0630.h5,426,ir107,2019-06-16 20:50:00,-121:-116:-111:-106:-101:-96:-91:-86:-81:-76:-71:-66:-61:-56:-51:-46:-41:-36:-31:-26:-21:-16:-11:-6:-1:4:9:14:19:24:29:34:39:44:49:54:59:64:69:74:79:84:89:94:99:104:109:114:119,139223.0,837442.0,Hail,39.0919912879958,-103.96136943456855,42.68552203891555,-99.58923740212757,+proj=laea +lat_0=38 +lon_0=-98 +units=m +a=6370997.0 +ellps=sphere ,192.0,192.0,384000.0,384000.0,-70.14114379882811,33.635780334472656,0.0
S808730,ir107/2019/SEVIR_IR107_STORMEVENTS_2019_0101_0630.h5,427,ir107,2019-04-06 23:21:00,-122:-117:-112:-107:-102:-97:-92:-87:-82:-77:-72:-67:-62:-57:-52:-47:-42:-37:-32:-27:-22:-17:-12:-7:-2:3:8:13:18:23:28:33:38:43:48:53:58:63:68:73:78:83:88:93:98:103:108:113:118,134954.0,808730.0,Hail,28.87082332600769,-83.96936296590692,31.683095173111703,-79.39223736446783,+proj=laea +lat_0=38 +lon_0=-98 +units=m +a=6370997.0 +ellps=sphere ,192.0,192.0,384000.0,384000.0,-67.01011657714844,25.51826095581055,0.0
S809830,ir107/2019/SEVIR_IR107_STORMEVENTS_2019_0101_0630.h5,431,ir107,2019-04-13 11:23:00,-119:-114:-109:-104:-99:-94:-89:-84:-79:-74:-69:-64:-59:-54:-49:-44:-39:-34:-29:-24:-19:-14:-9:-4:1:6:11:16:21:26:31:36:41:46:51:56:61:66:71:76:81:86:91:96:101:106:111:116:121,135114.0,809830.0,Thunderstorm Wind,31.16410216654655,-95.27177345419638,34.439341853034314,-90.97186078354684,+proj=laea +lat_0=38 +lon_0=-98 +units=m +a=6370997.0 +ellps=sphere ,192.0,192.0,384000.0,384000.0,-73.74101257324219,15.406176567077637,0.0
S836644,ir107/2019/SEVIR_IR107_STORMEVENTS_2019_0101_0630.h5,434,ir107,2019-06-18 19:11:00,-122:-117:-112:-107:-102:-97:-92:-87:-82:-77:-72:-67:-62:-57:-52:-47:-42:-37:-32:-27:-22:-17:-12:-7:-2:3:8:13:18:23:28:33:38:43:48:53:58:63:68:73:78:83:88:93:98:103:108:113:118,136669.0,836644.0,Thunderstorm Wind,35.62012170662646,-81.87316348817116,38.28816693802877,-76.74741464228138,+proj=laea +lat_0=38 +lon_0=-98 +units=m +a=6370997.0 +ellps=sphere ,192.0,192.0,384000.0,384000.0,-74.0015640258789,27.35078430175781,0.0
S820034,ir107/2019/SEVIR_IR107_STORMEVENTS_2019_0101_0630.h5,439,ir107,2019-04-15 05:07:00,-123:-118:-113:-108:-103:-98:-93:-88:-83:-78:-73:-68:-63:-58:-53:-48:-43:-38:-33:-28:-23:-18:-13:-8:-3:2:7:12:17:22:27:32:37:42:47:52:57:62:67:72:77:82:87:92:97:102:107:112:117,136359.0,820034.0,Thunderstorm Wind,35.416274800827885,-80.71974974846785,38.03004642659555,-75.56593645302905,+proj=laea +lat_0=38 +lon_0=-98 +units=m +a=6370997.0 +ellps=sphere ,192.0,192.0,384000.0,384000.0,-67.75287628173828,17.729188919067386,0.0
S854814,ir107/2019/SEVIR_IR107_STORMEVENTS_2019_0101_0630.h5,440,ir107,2019-06-24 23:00:00,-122:-117:-112:-107:-102:-97:-92:-87:-82:-77:-72:-67:-62:-57:-52:-47:-42:-37:-32:-27:-22:-17:-12:-7:-2:3:8:13:18:23:28:33:38:43:48:53:58:63:68:73:78:83:88:93:98:103:108:113:118,142205.0,854814.0,Thunderstorm Wind,24.67736062776893,-100.02522906457024,28.152585689702303,-96.19096920124716,+proj=laea +lat_0=38 +lon_0=-98 +units=m +a=6370997.0 +ellps=sphere ,192.0,192.0,384000.0,384000.0,-88.8932113647461,37.51569366455078,0.0
S834490,ir107/2019/SEVIR_IR107_STORMEVENTS_2019_0101_0630.h5,449,ir107,2019-06-29 21:35:00,-121:-116:-111:-106:-101:-96:-91:-86:-81:-76:-71:-66:-61:-56:-51:-46:-41:-36:-31:-26:-21:-16:-11:-6:-1:4:9:14:19:24:29:34:39:44:49:54:59:64:69:74:79:84:89:94:99:104:109:114:119,138777.0,834490.0,Thunderstorm Wind,36.890581373814335,-80.37999080115802,39.47680940511467,-75.08900785781684,+proj=laea +lat_0=38 +lon_0=-98 +units=m +a=6370997.0 +ellps=sphere ,192.0,192.0,384000.0,384000.0,-71.42691802978516,31.416393280029297,0.0
S818956,ir107/2019/SEVIR_IR107_STORMEVENTS_2019_0101_0630.h5,455,ir107,2019-04-24 20:20:00,-121:-116:-111:-106:-101:-96:-91:-86:-81:-76:-71:-66:-61:-56:-51:-46:-41:-36:-31:-26:-21:-16:-11:-6:-1:4:9:14:19:24:29:34:39:44:49:54:59:64:69:74:79:84:89:94:99:104:109:114:119,135490.0,818956.0,Thunderstorm Wind,28.858558764385915,-99.67877954689595,32.30786194603065,-95.661655408791,+proj=laea +lat_0=38 +lon_0=-98 +units=m +a=6370997.0 +ellps=sphere ,192.0,192.0,384000.0,384000.0,-71.43890380859375,23.17618751525879,0.0
S820279,ir107/2019/SEVIR_IR107_STORMEVENTS_2019_0101_0630.h5,456,ir107,2019-04-04 12:45:00,-121:-116:-111:-106:-101:-96:-91:-86:-81:-76:-71:-66:-61:-56:-51:-46:-41:-36:-31:-26:-21:-16:-11:-6:-1:4:9:14:19:24:29:34:39:44:49:54:59:64:69:74:79:84:89:94:99:104:109:114:119,136572.0,820279.0,Thunderstorm Wind,28.342116144787877,-94.35374166975056,31.59207677767817,-90.16618942044528,+proj=laea +lat_0=38 +lon_0=-98 +units=m +a=6370997.0 +ellps=sphere ,192.0,192.0,384000.0,384000.0,-78.09996795654297,18.343902587890625,0.0
S828275,ir107/2019/SEVIR_IR107_STORMEVENTS_2019_0101_0630.h5,458,ir107,2019-05-09 00:15:00,-121:-116:-111:-106:-101:-96:-91:-86:-81:-76:-71:-66:-61:-56:-51:-46:-41:-36:-31:-26:-21:-16:-11:-6:-1:4:9:14:19:24:29:34:39:44:49:54:59:64:69:74:79:84:89:94:99:104:109:114:119,136978.0,828275.0,Thunderstorm Wind,30.801769556568928,-93.52540985702382,34.008889970176874,-89.17825147866773,+proj=laea +lat_0=38 +lon_0=-98 +units=m +a=6370997.0 +ellps=sphere ,192.0,192.0,384000.0,384000.0,-79.3571548461914,17.140884399414062,0.0
S834193,ir107/2019/SEVIR_IR107_STORMEVENTS_2019_0101_0630.h5,462,ir107,2019-06-26 01:30:00,-122:-117:-112:-107:-102:-97:-92:-87:-82:-77:-72:-67:-62:-57:-52:-47:-42:-37:-32:-27:-22:-17:-12:-7:-2:3:8:13:18:23:28:33:38:43:48:53:58:63:68:73:78:83:88:93:98:103:108:113:118,138714.0,834193.0,Thunderstorm Wind,38.82024039657849,-93.19526158236472,41.987308540825424,-88.30056486619875,+proj=laea +lat_0=38 +lon_0=-98 +units=m +a=6370997.0 +ellps=sphere ,192.0,192.0,384000.0,384000.0,-70.54890441894531,25.78311920166016,0.0
S819754,ir107/2019/SEVIR_IR107_STORMEVENTS_2019_0101_0630.h5,469,ir107,2019-06-13 23:25:00,-121:-116:-111:-106:-101:-96:-91:-86:-81:-76:-71:-66:-61:-56:-51:-46:-41:-36:-31:-26:-21:-16:-11:-6:-1:4:9:14:19:24:29:34:39:44:49:54:59:64:69:74:79:84:89:94:99:104:109:114:119,136639.0,819754.0,Hail,31.098835904594782,-106.8867142124638,34.79489230627471,-103.06091345766814,+proj=laea +lat_0=38 +lon_0=-98 +units=m +a=6370997.0 +ellps=sphere ,192.0,192.0,384000.0,384000.0,-79.64909362792969,41.64128112792969,0.0
S828776,ir107/2019/SEVIR_IR107_STORMEVENTS_2019_0101_0630.h5,478,ir107,2019-05-23 10:28:00,-119:-114:-109:-104:-99:-94:-89:-84:-79:-74:-69:-64:-59:-54:-49:-44:-39:-34:-29:-24:-19:-14:-9:-4:1:6:11:16:21:26:31:36:41:46:51:56:61:66:71:76:81:86:91:96:101:106:111:116:121,137897.0,828776.0,Thunderstorm Wind,39.63257068786472,-86.58638441861766,42.500492779589294,-81.31477963689879,+proj=laea +lat_0=38 +lon_0=-98 +units=m +a=6370997.0 +ellps=sphere ,192.0,192.0,384000.0,384000.0,-71.77864837646484,12.318309783935549,0.0
S829189,ir107/2019/SEVIR_IR107_STORMEVENTS_2019_0101_0630.h5,480,ir107,2019-06-29 17:55:00,-121:-116:-111:-106:-101:-96:-91:-86:-81:-76:-71:-66:-61:-56:-51:-46:-41:-36:-31:-26:-21:-16:-11:-6:-1:4:9:14:19:24:29:34:39:44:49:54:59:64:69:74:79:84:89:94:99:104:109:114:119,137969.0,829189.0,Thunderstorm Wind,45.21012307791499,-99.35051004046429,48.627542617727634,-94.23200800341688,+proj=laea +lat_0=38 +lon_0=-98 +units=m +a=6370997.0 +ellps=sphere ,192.0,192.0,384000.0,384000.0,-74.89348602294922,26.45645523071289,0.0
S822130,ir107/2019/SEVIR_IR107_STORMEVENTS_2019_0101_0630.h5,488,ir107,2019-05-17 02:38:00,-119:-114:-109:-104:-99:-94:-89:-84:-79:-74:-69:-64:-59:-54:-49:-44:-39:-34:-29:-24:-19:-14:-9:-4:1:6:11:16:21:26:31:36:41:46:51:56:61:66:71:76:81:86:91:96:101:106:111:116:121,137003.0,822130.0,Thunderstorm Wind,39.844449564480016,-96.5945240479622,43.1519117300718,-91.78645096106273,+proj=laea +lat_0=38 +lon_0=-98 +units=m +a=6370997.0 +ellps=sphere ,192.0,192.0,384000.0,384000.0,-77.20038604736328,22.01778984069824,0.0
S808466,ir107/2019/SEVIR_IR107_STORMEVENTS_2019_0101_0630.h5,495,ir107,2019-03-02 10:53:00,-118:-113:-108:-103:-98:-93:-88:-83:-78:-73:-68:-63:-58:-53:-48:-43:-38:-33:-28:-23:-18:-13:-8:-3:2:7:12:17:22:27:32:37:42:47:52:57:62:67:72:77:82:87:92:97:102:107:112:117:122,134886.0,808466.0,Hail,28.98567187028959,-87.26969486530092,31.94175405430093,-82.79855804780807,+proj=laea +lat_0=38 +lon_0=-98 +units=m +a=6370997.0 +ellps=sphere ,192.0,192.0,384000.0,384000.0,-63.84891128540039,17.86842155456543,0.0
S814633,ir107/2019/SEVIR_IR107_STORMEVENTS_2019_0101_0630.h5,513,ir107,2019-03-14 23:35:00,-120:-115:-110:-105:-100:-95:-90:-85:-80:-75:-70:-65:-60:-55:-50:-45:-40:-35:-30:-25:-20:-15:-10:-5:0:5:10:15:20:25:30:35:40:45:50:55:60:65:70:75:80:85:90:95:100:105:110:115:120,133866.0,814633.0,Thunderstorm Wind,41.15632515616578,-86.63957882359988,44.01942711049739,-81.22709491405912,+proj=laea +lat_0=38 +lon_0=-98 +units=m +a=6370997.0 +ellps=sphere ,192.0,192.0,384000.0,384000.0,-47.97749710083008,14.809545516967772,0.0
S811313,ir107/2019/SEVIR_IR107_STORMEVENTS_2019_0101_0630.h5,520,ir107,2019-04-14 21:26:00,-122:-117:-112:-107:-102:-97:-92:-87:-82:-77:-72:-67:-62:-57:-52:-47:-42:-37:-32:-27:-22:-17:-12:-7:-2:3:8:13:18:23:28:33:38:43:48:53:58:63:68:73:78:83:88:93:98:103:108:113:118,134696.0,811313.0,Thunderstorm Wind,39.5839431071225,-84.08733001371282,42.333284533762864,-78.70831905492217,+proj=laea +lat_0=38 +lon_0=-98 +units=m +a=6370997.0 +ellps=sphere ,192.0,192.0,384000.0,384000.0,-64.37059783935547,22.55062866210937,0.0
S819586,ir107/2019/SEVIR_IR107_STORMEVENTS_2019_0101_0630.h5,542,ir107,2019-05-17 00:00:00,-121:-116:-111:-106:-101:-96:-91:-86:-81:-76:-71:-66:-61:-56:-51:-46:-41:-36:-31:-26:-21:-16:-11:-6:-1:4:9:14:19:24:29:34:39:44:49:54:59:64:69:74:79:84:89:94:99:104:109:114:119,136625.0,819586.0,Hail,42.20773417479873,-110.9719280980136,46.049224567395584,-106.80997712250112,+proj=laea +lat_0=38 +lon_0=-98 +units=m +a=6370997.0 +ellps=sphere ,192.0,192.0,384000.0,384000.0,-69.72581481933594,31.459312438964844,0.0
S834459,ir107/2019/SEVIR_IR107_STORMEVENTS_2019_0101_0630.h5,547,ir107,2019-06-28 21:50:00,-121:-116:-111:-106:-101:-96:-91:-86:-81:-76:-71:-66:-61:-56:-51:-46:-41:-36:-31:-26:-21:-16:-11:-6:-1:4:9:14:19:24:29:34:39:44:49:54:59:64:69:74:79:84:89:94:99:104:109:114:119,138773.0,834459.0,Thunderstorm Wind,36.44671673978513,-81.05719572660746,39.06940927337628,-75.83101308432197,+proj=laea +lat_0=38 +lon_0=-98 +units=m +a=6370997.0 +ellps=sphere ,192.0,192.0,384000.0,384000.0,-69.83580017089844,28.91706466674805,0.0
S836898,ir107/2019/SEVIR_IR107_STORMEVENTS_2019_0101_0630.h5,555,ir107,2019-06-18 23:58:00,-119:-114:-109:-104:-99:-94:-89:-84:-79:-74:-69:-64:-59:-54:-49:-44:-39:-34:-29:-24:-19:-14:-9:-4:1:6:11:16:21:26:31:36:41:46:51:56:61:66:71:76:81:86:91:96:101:106:111:116:121,139142.0,836898.0,Thunderstorm Wind,41.64119843760765,-113.6241599862966,45.56549824582093,-109.65995897291236,+proj=laea +lat_0=38 +lon_0=-98 +units=m +a=6370997.0 +ellps=sphere ,192.0,192.0,384000.0,384000.0,-64.32402038574219,33.16144561767578,0.0
S813016,ir107/2019/SEVIR_IR107_STORMEVENTS_2019_0101_0630.h5,559,ir107,2019-03-28 00:35:00,-120:-115:-110:-105:-100:-95:-90:-85:-80:-75:-70:-65:-60:-55:-50:-45:-40:-35:-30:-25:-20:-15:-10:-5:0:5:10:15:20:25:30:35:40:45:50:55:60:65:70:75:80:85:90:95:100:105:110:115:120,135531.0,813016.0,Hail,34.50756101555709,-103.04299689853646,38.068586318579456,-98.89103270657696,+proj=laea +lat_0=38 +lon_0=-98 +units=m +a=6370997.0 +ellps=sphere ,192.0,192.0,384000.0,384000.0,-59.25545120239258,27.84217071533203,0.0
S813578,ir107/2019/SEVIR_IR107_STORMEVENTS_2019_0101_0630.h5,568,ir107,2019-05-14 16:51:00,-122:-117:-112:-107:-102:-97:-92:-87:-82:-77:-72:-67:-62:-57:-52:-47:-42:-37:-32:-27:-22:-17:-12:-7:-2:3:8:13:18:23:28:33:38:43:48:53:58:63:68:73:78:83:88:93:98:103:108:113:118,135606.0,813578.0,Thunderstorm Wind,26.95536760136128,-83.73072053356306,29.770975288329375,-79.25721352398334,+proj=laea +lat_0=38 +lon_0=-98 +units=m +a=6370997.0 +ellps=sphere ,192.0,192.0,384000.0,384000.0,-66.88182830810547,33.40004730224609,0.0
S823798,ir107/2019/SEVIR_IR107_STORMEVENTS_2019_0101_0630.h5,578,ir107,2019-05-21 11:08:00,-119:-114:-109:-104:-99:-94:-89:-84:-79:-74:-69:-64:-59:-54:-49:-44:-39:-34:-29:-24:-19:-14:-9:-4:1:6:11:16:21:26:31:36:41:46:51:56:61:66:71:76:81:86:91:96:101:106:111:116:121,137246.0,823798.0,Tornado,34.293743490011344,-98.30463727641327,37.67867310589522,-93.95301400738524,+proj=laea +lat_0=38 +lon_0=-98 +units=m +a=6370997.0 +ellps=sphere ,192.0,192.0,384000.0,384000.0,-77.18704223632812,11.147059440612791,0.0
S820254,ir107/2019/SEVIR_IR107_STORMEVENTS_2019_0101_0630.h5,599,ir107,2019-04-04 07:45:00,-121:-116:-111:-106:-101:-96:-91:-86:-81:-76:-71:-66:-61:-56:-51:-46:-41:-36:-31:-26:-21:-16:-11:-6:-1:4:9:14:19:24:29:34:39:44:49:54:59:64:69:74:79:84:89:94:99:104:109:114:119,136572.0,820254.0,Hail,29.254626623028702,-95.34783943567244,32.539675164960016,-91.15083082689432,+proj=laea +lat_0=38 +lon_0=-98 +units=m +a=6370997.0 +ellps=sphere ,192.0,192.0,384000.0,384000.0,-75.42035675048828,15.955439567565918,0.0
S819072,ir107/2019/SEVIR_IR107_STORMEVENTS_2019_0101_0630.h5,607,ir107,2019-04-09 18:10:00,-121:-116:-111:-106:-101:-96:-91:-86:-81:-76:-71:-66:-61:-56:-51:-46:-41:-36:-31:-26:-21:-16:-11:-6:-1:4:9:14:19:24:29:34:39:44:49:54:59:64:69:74:79:84:89:94:99:104:109:114:119,136472.0,819072.0,Thunderstorm Wind,41.43431581445529,-77.36794626382928,43.83096468898183,-71.51070647437429,+proj=laea +lat_0=38 +lon_0=-98 +units=m +a=6370997.0 +ellps=sphere ,192.0,192.0,384000.0,384000.0,-49.07527923583984,22.97661018371582,0.0
S831590,ir107/2019/SEVIR_IR107_STORMEVENTS_2019_0101_0630.h5,612,ir107,2019-05-07 02:07:00,-123:-118:-113:-108:-103:-98:-93:-88:-83:-78:-73:-68:-63:-58:-53:-48:-43:-38:-33:-28:-23:-18:-13:-8:-3:2:7:12:17:22:27:32:37:42:47:52:57:62:67:72:77:82:87:92:97:102:107:112:117,138314.0,831590.0,Flood,36.34679366068965,-121.08130865608013,40.46576683692145,-117.76330421870146,+proj=laea +lat_0=38 +lon_0=-98 +units=m +a=6370997.0 +ellps=sphere ,192.0,192.0,384000.0,384000.0,-64.20549011230469,27.971723556518555,0.0
S817176,ir107/2019/SEVIR_IR107_STORMEVENTS_2019_0101_0630.h5,616,ir107,2019-04-30 07:16:00,-122:-117:-112:-107:-102:-97:-92:-87:-82:-77:-72:-67:-62:-57:-52:-47:-42:-37:-32:-27:-22:-17:-12:-7:-2:3:8:13:18:23:28:33:38:43:48:53:58:63:68:73:78:83:88:93:98:103:108:113:118,136178.0,817176.0,Hail,38.79493848222934,-94.53732299941532,42.0189227952016,-89.70893190689004,+proj=laea +lat_0=38 +lon_0=-98 +units=m +a=6370997.0 +ellps=sphere ,192.0,192.0,384000.0,384000.0,-67.83755493164061,10.0017671585083,0.0
S818821,ir107/2019/SEVIR_IR107_STORMEVENTS_2019_0101_0630.h5,632,ir107,2019-05-01 01:30:00,-121:-116:-111:-106:-101:-96:-91:-86:-81:-76:-71:-66:-61:-56:-51:-46:-41:-36:-31:-26:-21:-16:-11:-6:-1:4:9:14:19:24:29:34:39:44:49:54:59:64:69:74:79:84:89:94:99:104:109:114:119,135812.0,818821.0,Thunderstorm Wind,31.9888150792286,-98.46590677178608,35.38495745075959,-94.24910374978322,+proj=laea +lat_0=38 +lon_0=-98 +units=m +a=6370997.0 +ellps=sphere ,192.0,192.0,384000.0,384000.0,-78.24305725097656,19.20309829711914,0.0
S809177,ir107/2019/SEVIR_IR107_STORMEVENTS_2019_0101_0630.h5,643,ir107,2019-04-24 01:58:00,-119:-114:-109:-104:-99:-94:-89:-84:-79:-74:-69:-64:-59:-54:-49:-44:-39:-34:-29:-24:-19:-14:-9:-4:1:6:11:16:21:26:31:36:41:46:51:56:61:66:71:76:81:86:91:96:101:106:111:116:121,135026.0,809177.0,Thunderstorm Wind,37.62669027816701,-83.3349573456387,40.35164535817276,-78.10000069779987,+proj=laea +lat_0=38 +lon_0=-98 +units=m +a=6370997.0 +ellps=sphere ,192.0,192.0,384000.0,384000.0,-59.78404998779297,19.70621681213379,0.0
S840156,ir107/2019/SEVIR_IR107_STORMEVENTS_2019_0101_0630.h5,648,ir107,2019-06-19 01:30:00,-121:-116:-111:-106:-101:-96:-91:-86:-81:-76:-71:-66:-61:-56:-51:-46:-41:-36:-31:-26:-21:-16:-11:-6:-1:4:9:14:19:24:29:34:39:44:49:54:59:64:69:74:79:84:89:94:99:104:109:114:119,139683.0,840156.0,Hail,33.84328538551815,-103.39277061196373,37.41734378504616,-99.29088418276964,+proj=laea +lat_0=38 +lon_0=-98 +units=m +a=6370997.0 +ellps=sphere ,192.0,192.0,384000.0,384000.0,-76.04290771484375,28.89754676818848,0.0
S814025,ir107/2019/SEVIR_IR107_STORMEVENTS_2019_0101_0630.h5,649,ir107,2019-04-29 23:44:00,-120:-115:-110:-105:-100:-95:-90:-85:-80:-75:-70:-65:-60:-55:-50:-45:-40:-35:-30:-25:-20:-15:-10:-5:0:5:10:15:20:25:30:35:40:45:50:55:60:65:70:75:80:85:90:95:100:105:110:115:120,135666.0,814025.0,Hail,29.911903479086437,-105.04624309951332,33.547667885913484,-101.19246182334604,+proj=laea +lat_0=38 +lon_0=-98 +units=m +a=6370997.0 +ellps=sphere ,192.0,192.0,384000.0,384000.0,-75.23149108886719,38.23236846923828,0.0
S813512,ir107/2019/SEVIR_IR107_STORMEVENTS_2019_0101_0630.h5,651,ir107,2019-05-17 22:41:00,-122:-117:-112:-107:-102:-97:-92:-87:-82:-77:-72:-67:-62:-57:-52:-47:-42:-37:-32:-27:-22:-17:-12:-7:-2:3:8:13:18:23:28:33:38:43:48:53:58:63:68:73:78:83:88:93:98:103:108:113:118,135592.0,813512.0,Hail,38.78299619247945,-105.30175711699492,42.42464576197696,-101.01997090252397,+proj=laea +lat_0=38 +lon_0=-98 +units=m +a=6370997.0 +ellps=sphere ,192.0,192.0,384000.0,384000.0,-70.94120788574219,32.29611968994141,0.0
S822848,ir107/2019/SEVIR_IR107_STORMEVENTS_2019_0101_0630.h5,653,ir107,2019-06-17 22:30:00,-121:-116:-111:-106:-101:-96:-91:-86:-81:-76:-71:-66:-61:-56:-51:-46:-41:-36:-31:-26:-21:-16:-11:-6:-1:4:9:14:19:24:29:34:39:44:49:54:59:64:69:74:79:84:89:94:99:104:109:114:119,137126.0,822848.0,Thunderstorm Wind,34.907593292469805,-84.4957062708688,37.704056087737,-79.52868928518524,+proj=laea +lat_0=38 +lon_0=-98 +units=m +a=6370997.0 +ellps=sphere ,192.0,192.0,384000.0,384000.0,-71.74932098388672,29.4121208190918,0.0
S840100,ir107/2019/SEVIR_IR107_STORMEVENTS_2019_0101_0630.h5,659,ir107,2019-06-16 01:00:00,-121:-116:-111:-106:-101:-96:-91:-86:-81:-76:-71:-66:-61:-56:-51:-46:-41:-36:-31:-26:-21:-16:-11:-6:-1:4:9:14:19:24:29:34:39:44:49:54:59:64:69:74:79:84:89:94:99:104:109:114:119,139669.0,840100.0,Thunderstorm Wind,33.44603662662198,-102.5902883190192,36.99179207697283,-98.47288422196507,+proj=laea +lat_0=38 +lon_0=-98 +units=m +a=6370997.0 +ellps=sphere ,192.0,192.0,384000.0,384000.0,-82.11483001708984,35.55618667602539,0.0
S825084,ir107/2019/SEVIR_IR107_STORMEVENTS_2019_0101_0630.h5,668,ir107,2019-06-16 00:01:00,-122:-117:-112:-107:-102:-97:-92:-87:-82:-77:-72:-67:-62:-57:-52:-47:-42:-37:-32:-27:-22:-17:-12:-7:-2:3:8:13:18:23:28:33:38:43:48:53:58:63:68:73:78:83:88:93:98:103:108:113:118,137401.0,825084.0,Hail,39.38831585507265,-95.20690613268312,42.63907576525617,-90.3650230660888,+proj=laea +lat_0=38 +lon_0=-98 +units=m +a=6370997.0 +ellps=sphere ,192.0,192.0,384000.0,384000.0,-74.52801513671875,23.63558006286621,0.0
S806181,ir107/2019/SEVIR_IR107_STORMEVENTS_2019_0101_0630.h5,669,ir107,2019-04-07 21:30:00,-121:-116:-111:-106:-101:-96:-91:-86:-81:-76:-71:-66:-61:-56:-51:-46:-41:-36:-31:-26:-21:-16:-11:-6:-1:4:9:14:19:24:29:34:39:44:49:54:59:64:69:74:79:84:89:94:99:104:109:114:119,134543.0,806181.0,Hail,33.020993591108606,-89.00167728602707,36.02965415891709,-84.3453119998005,+proj=laea +lat_0=38 +lon_0=-98 +units=m +a=6370997.0 +ellps=sphere ,192.0,192.0,384000.0,384000.0,-64.92005920410156,22.02503967285156,0.0
S816084,ir107/2019/SEVIR_IR107_STORMEVENTS_2019_0101_0630.h5,670,ir107,2019-04-29 01:45:00,-121:-116:-111:-106:-101:-96:-91:-86:-81:-76:-71:-66:-61:-56:-51:-46:-41:-36:-31:-26:-21:-16:-11:-6:-1:4:9:14:19:24:29:34:39:44:49:54:59:64:69:74:79:84:89:94:99:104:109:114:119,136000.0,816084.0,Hail,39.78964924251817,-96.52540722575952,43.09435180796663,-91.71810179214144,+proj=laea +lat_0=38 +lon_0=-98 +units=m +a=6370997.0 +ellps=sphere ,192.0,192.0,384000.0,384000.0,-70.36820983886719,10.413246154785156,0.0
S832112,ir107/2019/SEVIR_IR107_STORMEVENTS_2019_0101_0630.h5,672,ir107,2019-06-22 20:46:00,-122:-117:-112:-107:-102:-97:-92:-87:-82:-77:-72:-67:-62:-57:-52:-47:-42:-37:-32:-27:-22:-17:-12:-7:-2:3:8:13:18:23:28:33:38:43:48:53:58:63:68:73:78:83:88:93:98:103:108:113:118,137157.0,832112.0,Thunderstorm Wind,31.171763123685828,-83.27300314518828,33.93637578775493,-78.52610851139893,+proj=laea +lat_0=38 +lon_0=-98 +units=m +a=6370997.0 +ellps=sphere ,192.0,192.0,384000.0,384000.0,-84.66975402832031,30.474720001220703,0.0
S820237,ir107/2019/SEVIR_IR107_STORMEVENTS_2019_0101_0630.h5,677,ir107,2019-04-14 06:05:00,-121:-116:-111:-106:-101:-96:-91:-86:-81:-76:-71:-66:-61:-56:-51:-46:-41:-36:-31:-26:-21:-16:-11:-6:-1:4:9:14:19:24:29:34:39:44:49:54:59:64:69:74:79:84:89:94:99:104:109:114:119,136733.0,820237.0,Thunderstorm Wind,30.08363081588943,-90.81587384430308,33.18334651687271,-86.40804114564214,+proj=laea +lat_0=38 +lon_0=-98 +units=m +a=6370997.0 +ellps=sphere ,192.0,192.0,384000.0,384000.0,-78.51752471923828,19.78773307800293,0.0
S812418,ir107/2019/SEVIR_IR107_STORMEVENTS_2019_0101_0630.h5,683,ir107,2019-05-06 20:30:00,-121:-116:-111:-106:-101:-96:-91:-86:-81:-76:-71:-66:-61:-56:-51:-46:-41:-36:-31:-26:-21:-16:-11:-6:-1:4:9:14:19:24:29:34:39:44:49:54:59:64:69:74:79:84:89:94:99:104:109:114:119,135465.0,812418.0,Hail,39.43033840471149,-106.91430912939362,43.12932318089116,-102.68087178682356,+proj=laea +lat_0=38 +lon_0=-98 +units=m +a=6370997.0 +ellps=sphere ,192.0,192.0,384000.0,384000.0,-66.64460754394531,30.74951934814453,0.0
S823268,ir107/2019/SEVIR_IR107_STORMEVENTS_2019_0101_0630.h5,693,ir107,2019-05-09 08:05:00,-121:-116:-111:-106:-101:-96:-91:-86:-81:-76:-71:-66:-61:-56:-51:-46:-41:-36:-31:-26:-21:-16:-11:-6:-1:4:9:14:19:24:29:34:39:44:49:54:59:64:69:74:79:84:89:94:99:104:109:114:119,136484.0,823268.0,Flash Flood,30.69521706908048,-96.14200666784645,34.006007486672594,-91.90094733163016,+proj=laea +lat_0=38 +lon_0=-98 +units=m +a=6370997.0 +ellps=sphere ,192.0,192.0,384000.0,384000.0,-79.1922378540039,20.54096031188965,0.0
S833512,ir107/2019/SEVIR_IR107_STORMEVENTS_2019_0101_0630.h5,696,ir107,2019-05-14 10:25:00,-121:-116:-111:-106:-101:-96:-91:-86:-81:-76:-71:-66:-61:-56:-51:-46:-41:-36:-31:-26:-21:-16:-11:-6:-1:4:9:14:19:24:29:34:39:44:49:54:59:64:69:74:79:84:89:94:99:104:109:114:119,138631.0,833512.0,Thunderstorm Wind,24.46009383067178,-100.02126856790228,27.93598234022218,-96.19490684730664,+proj=laea +lat_0=38 +lon_0=-98 +units=m +a=6370997.0 +ellps=sphere ,192.0,192.0,384000.0,384000.0,-78.79878234863281,20.234189987182614,0.0
S822101,ir107/2019/SEVIR_IR107_STORMEVENTS_2019_0101_0630.h5,700,ir107,2019-06-28 22:10:00,-121:-116:-111:-106:-101:-96:-91:-86:-81:-76:-71:-66:-61:-56:-51:-46:-41:-36:-31:-26:-21:-16:-11:-6:-1:4:9:14:19:24:29:34:39:44:49:54:59:64:69:74:79:84:89:94:99:104:109:114:119,136995.0,822101.0,Hail,28.27448848931496,-97.49125555521697,31.64478150502337,-93.41990443675856,+proj=laea +lat_0=38 +lon_0=-98 +units=m +a=6370997.0 +ellps=sphere ,192.0,192.0,384000.0,384000.0,-63.49455642700195,30.483434677124023,0.0
S818130,ir107/2019/SEVIR_IR107_STORMEVENTS_2019_0101_0630.h5,702,ir107,2019-04-11 01:23:00,-119:-114:-109:-104:-99:-94:-89:-84:-79:-74:-69:-64:-59:-54:-49:-44:-39:-34:-29:-24:-19:-14:-9:-4:1:6:11:16:21:26:31:36:41:46:51:56:61:66:71:76:81:86:91:96:101:106:111:116:121,136267.0,818130.0,Hail,38.67393231614701,-100.55767866898772,42.14004038550296,-96.03628197005794,+proj=laea +lat_0=38 +lon_0=-98 +units=m +a=6370997.0 +ellps=sphere ,192.0,192.0,384000.0,384000.0,-67.97475433349611,20.856142044067383,0.0
S829658,ir107/2019/SEVIR_IR107_STORMEVENTS_2019_0101_0630.h5,705,ir107,2019-05-06 20:49:00,-120:-115:-110:-105:-100:-95:-90:-85:-80:-75:-70:-65:-60:-55:-50:-45:-40:-35:-30:-25:-20:-15:-10:-5:0:5:10:15:20:25:30:35:40:45:50:55:60:65:70:75:80:85:90:95:100:105:110:115:120,137702.0,829658.0,Thunderstorm Wind,37.80571512818269,-99.8441273185942,41.24496842104218,-95.34526246067404,+proj=laea +lat_0=38 +lon_0=-98 +units=m +a=6370997.0 +ellps=sphere ,192.0,192.0,384000.0,384000.0,-72.70081329345703,25.73284339904785,0.0
S819843,ir107/2019/SEVIR_IR107_STORMEVENTS_2019_0101_0630.h5,706,ir107,2019-04-08 21:03:00,-119:-114:-109:-104:-99:-94:-89:-84:-79:-74:-69:-64:-59:-54:-49:-44:-39:-34:-29:-24:-19:-14:-9:-4:1:6:11:16:21:26:31:36:41:46:51:56:61:66:71:76:81:86:91:96:101:106:111:116:121,136649.0,819843.0,Thunderstorm Wind,35.17994351392325,-81.58226721803699,37.83710922653625,-76.48063051294386,+proj=laea +lat_0=38 +lon_0=-98 +units=m +a=6370997.0 +ellps=sphere ,192.0,192.0,384000.0,384000.0,-71.57982635498047,23.94517517089844,0.0
S821901,ir107/2019/SEVIR_IR107_STORMEVENTS_2019_0101_0630.h5,713,ir107,2019-04-26 16:00:00,-121:-116:-111:-106:-101:-96:-91:-86:-81:-76:-71:-66:-61:-56:-51:-46:-41:-36:-31:-26:-21:-16:-11:-6:-1:4:9:14:19:24:29:34:39:44:49:54:59:64:69:74:79:84:89:94:99:104:109:114:119,136923.0,821901.0,Thunderstorm Wind,35.48434355795567,-79.29924894892066,38.02797754281828,-74.0857313608364,+proj=laea +lat_0=38 +lon_0=-98 +units=m +a=6370997.0 +ellps=sphere ,192.0,192.0,384000.0,384000.0,-64.50440979003906,27.69146156311035,0.0
S823299,ir107/2019/SEVIR_IR107_STORMEVENTS_2019_0101_0630.h5,720,ir107,2019-06-21 21:59:00,-120:-115:-110:-105:-100:-95:-90:-85:-80:-75:-70:-65:-60:-55:-50:-45:-40:-35:-30:-25:-20:-15:-10:-5:0:5:10:15:20:25:30:35:40:45:50:55:60:65:70:75:80:85:90:95:100:105:110:115:120,137183.0,823299.0,Hail,37.30637254713327,-106.10962573989298,40.97551716693896,-101.95509336731482,+proj=laea +lat_0=38 +lon_0=-98 +units=m +a=6370997.0 +ellps=sphere ,192.0,192.0,384000.0,384000.0,-60.0994758605957,40.62976455688477,0.0
S843100,ir107/2019/SEVIR_IR107_STORMEVENTS_2019_0101_0630.h5,727,ir107,2019-06-11 19:37:00,-123:-118:-113:-108:-103:-98:-93:-88:-83:-78:-73:-68:-63:-58:-53:-48:-43:-38:-33:-28:-23:-18:-13:-8:-3:2:7:12:17:22:27:32:37:42:47:52:57:62:67:72:77:82:87:92:97:102:107:112:117,140137.0,843100.0,Hail,25.254562362875,-82.43652633387659,28.026154762091235,-78.0159439036008,+proj=laea +lat_0=38 +lon_0=-98 +units=m +a=6370997.0 +ellps=sphere ,192.0,192.0,384000.0,384000.0,-76.40928649902344,33.23134231567383,0.0
R19043019347429,vis/2019/SEVIR_VIS_RANDOMEVENTS_2019_0421_0430.h5,11,vis,2019-04-30 19:34:00,-120:-115:-110:-105:-100:-95:-90:-85:-80:-75:-70:-65:-60:-55:-50:-45:-40:-35:-30:-25:-20:-15:-10:-5:0:5:10:15:20:25:30:35:40:45:50:55:60:65:70:75:80:85:90:95:100:105:110:115:120,,,,28.00904948255429,-96.96491650414282,31.360512596704112,-92.88677509831872,+proj=laea +lat_0=38 +lon_0=-98 +units=m +a=6370997.0 +ellps=sphere ,768.0,768.0,384000.0,384000.0,0.0309269055724144,1.0109716653823853,0.0
R19043015108115,vis/2019/SEVIR_VIS_RANDOMEVENTS_2019_0421_0430.h5,22,vis,2019-04-30 15:09:00,-120:-115:-110:-105:-100:-95:-90:-85:-80:-75:-70:-65:-60:-55:-50:-45:-40:-35:-30:-25:-20:-15:-10:-5:0:5:10:15:20:25:30:35:40:45:50:55:60:65:70:75:80:85:90:95:100:105:110:115:120,,,,39.499589556126864,-93.07878378074288,42.659849797284906,-88.12378798173245,+proj=laea +lat_0=38 +lon_0=-98 +units=m +a=6370997.0 +ellps=sphere ,768.0,768.0,384000.0,384000.0,0.1188305839896202,1.192084550857544,0.0
R19043015108157,vis/2019/SEVIR_VIS_RANDOMEVENTS_2019_0421_0430.h5,23,vis,2019-04-30 15:09:00,-120:-115:-110:-105:-100:-95:-90:-85:-80:-75:-70:-65:-60:-55:-50:-45:-40:-35:-30:-25:-20:-15:-10:-5:0:5:10:15:20:25:30:35:40:45:50:55:60:65:70:75:80:85:90:95:100:105:110:115:120,,,,39.8402346049898,-86.87149242622128,42.72049953072913,-81.59397547614583,+proj=laea +lat_0=38 +lon_0=-98 +units=m +a=6370997.0 +ellps=sphere ,768.0,768.0,384000.0,384000.0,0.0612906143069267,1.142924427986145,0.0
R19042618207962,vis/2019/SEVIR_VIS_RANDOMEVENTS_2019_0421_0430.h5,37,vis,2019-04-26 18:19:00,-120:-115:-110:-105:-100:-95:-90:-85:-80:-75:-70:-65:-60:-55:-50:-45:-40:-35:-30:-25:-20:-15:-10:-5:0:5:10:15:20:25:30:35:40:45:50:55:60:65:70:75:80:85:90:95:100:105:110:115:120,,,,37.54281967586453,-84.9992861246738,40.34728640626111,-79.84133324771494,+proj=laea +lat_0=38 +lon_0=-98 +units=m +a=6370997.0 +ellps=sphere ,768.0,768.0,384000.0,384000.0,0.0268337205052375,1.2207187414169312,0.0
R19042618208143,vis/2019/SEVIR_VIS_RANDOMEVENTS_2019_0421_0430.h5,38,vis,2019-04-26 18:19:00,-120:-115:-110:-105:-100:-95:-90:-85:-80:-75:-70:-65:-60:-55:-50:-45:-40:-35:-30:-25:-20:-15:-10:-5:0:5:10:15:20:25:30:35:40:45:50:55:60:65:70:75:80:85:90:95:100:105:110:115:120,,,,40.58528980908575,-75.22169787535594,42.87516419985122,-69.36761658465724,+proj=laea +lat_0=38 +lon_0=-98 +units=m +a=6370997.0 +ellps=sphere ,768.0,768.0,384000.0,384000.0,0.0356937386095523,1.1255940198898315,0.0
R19042618207918,vis/2019/SEVIR_VIS_RANDOMEVENTS_2019_0421_0430.h5,39,vis,2019-04-26 18:19:00,-120:-115:-110:-105:-100:-95:-90:-85:-80:-75:-70:-65:-60:-55:-50:-45:-40:-35:-30:-25:-20:-15:-10:-5:0:5:10:15:20:25:30:35:40:45:50:55:60:65:70:75:80:85:90:95:100:105:110:115:120,,,,37.396509900297495,-80.42076353243054,39.981020088934656,-75.08700059702176,+proj=laea +lat_0=38 +lon_0=-98 +units=m +a=6370997.0 +ellps=sphere ,768.0,768.0,384000.0,384000.0,0.023537715896964,1.226525068283081,0.0
R19042118288661,vis/2019/SEVIR_VIS_RANDOMEVENTS_2019_0421_0430.h5,44,vis,2019-04-21 18:24:00,-120:-115:-110:-105:-100:-95:-90:-85:-80:-75:-70:-65:-60:-55:-50:-45:-40:-35:-30:-25:-20:-15:-10:-5:0:5:10:15:20:25:30:35:40:45:50:55:60:65:70:75:80:85:90:95:100:105:110:115:120,,,,45.70074806870965,-95.22425781626956,48.94261873261365,-89.80512238956885,+proj=laea +lat_0=38 +lon_0=-98 +units=m +a=6370997.0 +ellps=sphere ,768.0,768.0,384000.0,384000.0,0.0397382006049156,1.2204045057296753,0.0
R19042802327827,vis/2019/SEVIR_VIS_RANDOMEVENTS_2019_0421_0430.h5,71,vis,2019-04-28 02:29:00,-120:-115:-110:-105:-100:-95:-90:-85:-80:-75:-70:-65:-60:-55:-50:-45:-40:-35:-30:-25:-20:-15:-10:-5:0:5:10:15:20:25:30:35:40:45:50:55:60:65:70:75:80:85:90:95:100:105:110:115:120,,,,35.83411719047896,-84.22233765414184,38.61218743009526,-79.17241160677328,+proj=laea +lat_0=38 +lon_0=-98 +units=m +a=6370997.0 +ellps=sphere ,768.0,768.0,384000.0,384000.0,-0.0035635407548397,0.0222260858863592,0.0
R19042600597801,vis/2019/SEVIR_VIS_RANDOMEVENTS_2019_0421_0430.h5,73,vis,2019-04-26 00:59:00,-120:-115:-110:-105:-100:-95:-90:-85:-80:-75:-70:-65:-60:-55:-50:-45:-40:-35:-30:-25:-20:-15:-10:-5:0:5:10:15:20:25:30:35:40:45:50:55:60:65:70:75:80:85:90:95:100:105:110:115:120,,,,35.341110020834456,-85.61655219282522,38.1867009610794,-80.6610650177579,+proj=laea +lat_0=38 +lon_0=-98 +units=m +a=6370997.0 +ellps=sphere ,768.0,768.0,384000.0,384000.0,-0.0029791805427521,0.2711603939533233,0.0
R19042706098064,vis/2019/SEVIR_VIS_RANDOMEVENTS_2019_0421_0430.h5,98,vis,2019-04-27 06:09:00,-120:-115:-110:-105:-100:-95:-90:-85:-80:-75:-70:-65:-60:-55:-50:-45:-40:-35:-30:-25:-20:-15:-10:-5:0:5:10:15:20:25:30:35:40:45:50:55:60:65:70:75:80:85:90:95:100:105:110:115:120,,,,45.46785553621131,-115.12983871114382,49.452407981316654,-111.04948930410616,+proj=laea +lat_0=38 +lon_0=-98 +units=m +a=6370997.0 +ellps=sphere ,768.0,768.0,384000.0,384000.0,-0.0029581286944448,0.0584710165858268,0.0
R19042706098065,vis/2019/SEVIR_VIS_RANDOMEVENTS_2019_0421_0430.h5,103,vis,2019-04-27 06:09:00,-120:-115:-110:-105:-100:-95:-90:-85:-80:-75:-70:-65:-60:-55:-50:-45:-40:-35:-30:-25:-20:-15:-10:-5:0:5:10:15:20:25:30:35:40:45:50:55:60:65:70:75:80:85:90:95:100:105:110:115:120,,,,39.51617172275232,-98.94420859470694,42.91879730470552,-94.28096898691516,+proj=laea +lat_0=38 +lon_0=-98 +units=m +a=6370997.0 +ellps=sphere ,768.0,768.0,384000.0,384000.0,-0.003444213187322,0.0546607933938503,0.0
R19043000598343,vis/2019/SEVIR_VIS_RANDOMEVENTS_2019_0421_0430.h5,111,vis,2019-04-30 00:59:00,-120:-115:-110:-105:-100:-95:-90:-85:-80:-75:-70:-65:-60:-55:-50:-45:-40:-35:-30:-25:-20:-15:-10:-5:0:5:10:15:20:25:30:35:40:45:50:55:60:65:70:75:80:85:90:95:100:105:110:115:120,,,,42.02037648468093,-81.06965860518906,44.604618706120654,-75.31051270377215,+proj=laea +lat_0=38 +lon_0=-98 +units=m +a=6370997.0 +ellps=sphere ,768.0,768.0,384000.0,384000.0,-0.0032378216274082,0.2945103645324707,0.0
R19042404537897,vis/2019/SEVIR_VIS_RANDOMEVENTS_2019_0421_0430.h5,121,vis,2019-04-24 04:49:00,-120:-115:-110:-105:-100:-95:-90:-85:-80:-75:-70:-65:-60:-55:-50:-45:-40:-35:-30:-25:-20:-15:-10:-5:0:5:10:15:20:25:30:35:40:45:50:55:60:65:70:75:80:85:90:95:100:105:110:115:120,,,,36.53732772997007,-92.84799911897252,39.69630628945694,-88.10961748541905,+proj=laea +lat_0=38 +lon_0=-98 +units=m +a=6370997.0 +ellps=sphere ,768.0,768.0,384000.0,384000.0,-0.0031323977746069,0.0866478681564331,0.0
R19042510498179,vis/2019/SEVIR_VIS_RANDOMEVENTS_2019_0421_0430.h5,128,vis,2019-04-25 10:49:00,-120:-115:-110:-105:-100:-95:-90:-85:-80:-75:-70:-65:-60:-55:-50:-45:-40:-35:-30:-25:-20:-15:-10:-5:0:5:10:15:20:25:30:35:40:45:50:55:60:65:70:75:80:85:90:95:100:105:110:115:120,,,,41.221975616745645,-99.9722573560278,44.664357077826416,-95.234920111964,+proj=laea +lat_0=38 +lon_0=-98 +units=m +a=6370997.0 +ellps=sphere ,768.0,768.0,384000.0,384000.0,-0.0028852010145783,0.4789209961891174,0.0
R19043015328091,vis/2019/SEVIR_VIS_RANDOMEVENTS_2019_0421_0430.h5,136,vis,2019-04-30 15:29:00,-120:-115:-110:-105:-100:-95:-90:-85:-80:-75:-70:-65:-60:-55:-50:-45:-40:-35:-30:-25:-20:-15:-10:-5:0:5:10:15:20:25:30:35:40:45:50:55:60:65:70:75:80:85:90:95:100:105:110:115:120,,,,39.050624279891245,-87.7336133335278,41.97452938462142,-82.56586689065033,+proj=laea +lat_0=38 +lon_0=-98 +units=m +a=6370997.0 +ellps=sphere ,768.0,768.0,384000.0,384000.0,0.0825622230768203,1.142924427986145,0.0
R19043015327914,vis/2019/SEVIR_VIS_RANDOMEVENTS_2019_0421_0430.h5,137,vis,2019-04-30 15:29:00,-120:-115:-110:-105:-100:-95:-90:-85:-80:-75:-70:-65:-60:-55:-50:-45:-40:-35:-30:-25:-20:-15:-10:-5:0:5:10:15:20:25:30:35:40:45:50:55:60:65:70:75:80:85:90:95:100:105:110:115:120,,,,37.008659772403256,-96.3894801904876,40.31268319627058,-91.77911476672573,+proj=laea +lat_0=38 +lon_0=-98 +units=m +a=6370997.0 +ellps=sphere ,768.0,768.0,384000.0,384000.0,0.0689867660403251,1.1716163158416748,0.0
R19042609307917,vis/2019/SEVIR_VIS_RANDOMEVENTS_2019_0421_0430.h5,140,vis,2019-04-26 09:29:00,-120:-115:-110:-105:-100:-95:-90:-85:-80:-75:-70:-65:-60:-55:-50:-45:-40:-35:-30:-25:-20:-15:-10:-5:0:5:10:15:20:25:30:35:40:45:50:55:60:65:70:75:80:85:90:95:100:105:110:115:120,,,,37.69891190513329,-101.08098014339392,41.185501792174975,-96.65012184408164,+proj=laea +lat_0=38 +lon_0=-98 +units=m +a=6370997.0 +ellps=sphere ,768.0,768.0,384000.0,384000.0,-0.0031504665967077,0.0039937361143529,0.0
R19042917578674,vis/2019/SEVIR_VIS_RANDOMEVENTS_2019_0421_0430.h5,147,vis,2019-04-29 17:54:00,-120:-115:-110:-105:-100:-95:-90:-85:-80:-75:-70:-65:-60:-55:-50:-45:-40:-35:-30:-25:-20:-15:-10:-5:0:5:10:15:20:25:30:35:40:45:50:55:60:65:70:75:80:85:90:95:100:105:110:115:120,,,,45.64945081380346,-93.98029960961108,48.83632129070715,-88.49285450573808,+proj=laea +lat_0=38 +lon_0=-98 +units=m +a=6370997.0 +ellps=sphere ,768.0,768.0,384000.0,384000.0,0.0968189537525177,0.9311282634735109,0.0
R19042820427565,vis/2019/SEVIR_VIS_RANDOMEVENTS_2019_0421_0430.h5,161,vis,2019-04-28 20:39:00,-120:-115:-110:-105:-100:-95:-90:-85:-80:-75:-70:-65:-60:-55:-50:-45:-40:-35:-30:-25:-20:-15:-10:-5:0:5:10:15:20:25:30:35:40:45:50:55:60:65:70:75:80:85:90:95:100:105:110:115:120,,,,31.323140734265884,-102.27943934642558,34.86069832478313,-98.25198741161394,+proj=laea +lat_0=38 +lon_0=-98 +units=m +a=6370997.0 +ellps=sphere ,768.0,768.0,384000.0,384000.0,0.0266636479645967,0.7424483895301819,0.0
R19042820427732,vis/2019/SEVIR_VIS_RANDOMEVENTS_2019_0421_0430.h5,163,vis,2019-04-28 20:39:00,-120:-115:-110:-105:-100:-95:-90:-85:-80:-75:-70:-65:-60:-55:-50:-45:-40:-35:-30:-25:-20:-15:-10:-5:0:5:10:15:20:25:30:35:40:45:50:55:60:65:70:75:80:85:90:95:100:105:110:115:120,,,,37.07293704670585,-110.41589307562244,40.885943419201006,-106.49607680825052,+proj=laea +lat_0=38 +lon_0=-98 +units=m +a=6370997.0 +ellps=sphere ,768.0,768.0,384000.0,384000.0,0.0263647865504026,1.168371558189392,0.0
R19042820427815,vis/2019/SEVIR_VIS_RANDOMEVENTS_2019_0421_0430.h5,167,vis,2019-04-28 20:39:00,-120:-115:-110:-105:-100:-95:-90:-85:-80:-75:-70:-65:-60:-55:-50:-45:-40:-35:-30:-25:-20:-15:-10:-5:0:5:10:15:20:25:30:35:40:45:50:55:60:65:70:75:80:85:90:95:100:105:110:115:120,,,,37.13287464151354,-106.01143910411724,40.79851410889725,-101.8614280565693,+proj=laea +lat_0=38 +lon_0=-98 +units=m +a=6370997.0 +ellps=sphere ,768.0,768.0,384000.0,384000.0,0.0180477034300565,1.1192100048065186,0.0
R19042103277865,vis/2019/SEVIR_VIS_RANDOMEVENTS_2019_0421_0430.h5,170,vis,2019-04-21 03:24:00,-120:-115:-110:-105:-100:-95:-90:-85:-80:-75:-70:-65:-60:-55:-50:-45:-40:-35:-30:-25:-20:-15:-10:-5:0:5:10:15:20:25:30:35:40:45:50:55:60:65:70:75:80:85:90:95:100:105:110:115:120,,,,36.8169758191751,-79.84404316954553,39.37724254476824,-74.53834138714276,+proj=laea +lat_0=38 +lon_0=-98 +units=m +a=6370997.0 +ellps=sphere ,768.0,768.0,384000.0,384000.0,-0.0029846178367733,0.1294866651296615,0.0
R19042904178374,vis/2019/SEVIR_VIS_RANDOMEVENTS_2019_0421_0430.h5,176,vis,2019-04-29 04:14:00,-120:-115:-110:-105:-100:-95:-90:-85:-80:-75:-70:-65:-60:-55:-50:-45:-40:-35:-30:-25:-20:-15:-10:-5:0:5:10:15:20:25:30:35:40:45:50:55:60:65:70:75:80:85:90:95:100:105:110:115:120,,,,44.84822167094661,-104.73257224774088,48.47675526834725,-99.98611275686773,+proj=laea +lat_0=38 +lon_0=-98 +units=m +a=6370997.0 +ellps=sphere ,768.0,768.0,384000.0,384000.0,-0.0028526037931442,0.0507975555956363,0.0
R19042904177384,vis/2019/SEVIR_VIS_RANDOMEVENTS_2019_0421_0430.h5,177,vis,2019-04-29 04:14:00,-120:-115:-110:-105:-100:-95:-90:-85:-80:-75:-70:-65:-60:-55:-50:-45:-40:-35:-30:-25:-20:-15:-10:-5:0:5:10:15:20:25:30:35:40:45:50:55:60:65:70:75:80:85:90:95:100:105:110:115:120,,,,28.877517134648148,-83.45912124113768,31.66689041048279,-78.86441689214018,+proj=laea +lat_0=38 +lon_0=-98 +units=m +a=6370997.0 +ellps=sphere ,768.0,768.0,384000.0,384000.0,-0.0323056057095527,0.0678066238760948,2.788794554280045e-05
R18092114077683,ir107/2018/SEVIR_IR107_RANDOMEVENTS_2018_0901_1231.h5,6,ir107,2018-09-21 14:05:00,-120:-115:-110:-105:-100:-95:-90:-85:-80:-75:-70:-65:-60:-55:-50:-45:-40:-35:-30:-25:-20:-15:-10:-5:0:5:10:15:20:25:30:35:40:45:50:55:60:65:70:75:80:85:90:95:100:105:110:115:120,,,,34.06772027608972,-103.77722161951316,37.655249604961135,-99.681306912392,+proj=laea +lat_0=38 +lon_0=-98 +units=m +a=6370997.0 +ellps=sphere ,192.0,192.0,384000.0,384000.0,-69.53969573974611,21.87124252319336,0.0
R18091605098185,ir107/2018/SEVIR_IR107_RANDOMEVENTS_2018_0901_1231.h5,43,ir107,2018-09-16 05:05:00,-120:-115:-110:-105:-100:-95:-90:-85:-80:-75:-70:-65:-60:-55:-50:-45:-40:-35:-30:-25:-20:-15:-10:-5:0:5:10:15:20:25:30:35:40:45:50:55:60:65:70:75:80:85:90:95:100:105:110:115:120,,,,40.22864696385078,-90.9120263342576,43.29185151459133,-85.79015989397472,+proj=laea +lat_0=38 +lon_0=-98 +units=m +a=6370997.0 +ellps=sphere ,192.0,192.0,384000.0,384000.0,11.951171875,20.542556762695312,0.0
R18091712068169,ir107/2018/SEVIR_IR107_RANDOMEVENTS_2018_0901_1231.h5,48,ir107,2018-09-17 12:05:00,-120:-115:-110:-105:-100:-95:-90:-85:-80:-75:-70:-65:-60:-55:-50:-45:-40:-35:-30:-25:-20:-15:-10:-5:0:5:10:15:20:25:30:35:40:45:50:55:60:65:70:75:80:85:90:95:100:105:110:115:120,,,,42.38094855676786,-105.12735861186772,46.02012430466032,-100.5972926728292,+proj=laea +lat_0=38 +lon_0=-98 +units=m +a=6370997.0 +ellps=sphere ,192.0,192.0,384000.0,384000.0,-57.91170501708984,17.420429229736328,0.0
R18112817007381,ir107/2018/SEVIR_IR107_RANDOMEVENTS_2018_0901_1231.h5,74,ir107,2018-11-28 17:00:00,-120:-115:-110:-105:-100:-95:-90:-85:-80:-75:-70:-65:-60:-55:-50:-45:-40:-35:-30:-25:-20:-15:-10:-5:0:5:10:15:20:25:30:35:40:45:50:55:60:65:70:75:80:85:90:95:100:105:110:115:120,,,,35.06585207844421,-121.794086835479,39.1997414699182,-118.54689734458567,+proj=laea +lat_0=38 +lon_0=-98 +units=m +a=6370997.0 +ellps=sphere ,192.0,192.0,384000.0,384000.0,-55.67725372314453,20.60743904113769,0.0
R18091211587781,ir107/2018/SEVIR_IR107_RANDOMEVENTS_2018_0901_1231.h5,84,ir107,2018-09-12 11:55:00,-120:-115:-110:-105:-100:-95:-90:-85:-80:-75:-70:-65:-60:-55:-50:-45:-40:-35:-30:-25:-20:-15:-10:-5:0:5:10:15:20:25:30:35:40:45:50:55:60:65:70:75:80:85:90:95:100:105:110:115:120,,,,35.69776167532103,-80.00943441589337,38.274718273330826,-74.8052666002915,+proj=laea +lat_0=38 +lon_0=-98 +units=m +a=6370997.0 +ellps=sphere ,192.0,192.0,384000.0,384000.0,-53.68787384033203,24.633848190307607,0.0
R18091211587342,ir107/2018/SEVIR_IR107_RANDOMEVENTS_2018_0901_1231.h5,88,ir107,2018-09-12 11:55:00,-120:-115:-110:-105:-100:-95:-90:-85:-80:-75:-70:-65:-60:-55:-50:-45:-40:-35:-30:-25:-20:-15:-10:-5:0:5:10:15:20:25:30:35:40:45:50:55:60:65:70:75:80:85:90:95:100:105:110:115:120,,,,25.71634995473401,-98.72450468362295,29.1411961084537,-94.80654810441234,+proj=laea +lat_0=38 +lon_0=-98 +units=m +a=6370997.0 +ellps=sphere ,192.0,192.0,384000.0,384000.0,-72.69329071044922,20.68425178527832,0.0
R18120711557635,ir107/2018/SEVIR_IR107_RANDOMEVENTS_2018_0901_1231.h5,93,ir107,2018-12-07 11:55:00,-120:-115:-110:-105:-100:-95:-90:-85:-80:-75:-70:-65:-60:-55:-50:-45:-40:-35:-30:-25:-20:-15:-10:-5:0:5:10:15:20:25:30:35:40:45:50:55:60:65:70:75:80:85:90:95:100:105:110:115:120,,,,32.39740975027352,-91.1834466770348,35.501839107911124,-86.65218254380292,+proj=laea +lat_0=38 +lon_0=-98 +units=m +a=6370997.0 +ellps=sphere ,192.0,192.0,384000.0,384000.0,-45.34954071044922,2.768786191940308,0.0
R18091517258073,ir107/2018/SEVIR_IR107_RANDOMEVENTS_2018_0901_1231.h5,116,ir107,2018-09-15 17:25:00,-120:-115:-110:-105:-100:-95:-90:-85:-80:-75:-70:-65:-60:-55:-50:-45:-40:-35:-30:-25:-20:-15:-10:-5:0:5:10:15:20:25:30:35:40:45:50:55:60:65:70:75:80:85:90:95:100:105:110:115:120,,,,38.82672480379899,-87.85922537398899,41.75740683659398,-82.71655573842143,+proj=laea +lat_0=38 +lon_0=-98 +units=m +a=6370997.0 +ellps=sphere ,192.0,192.0,384000.0,384000.0,4.325002193450929,30.457950592041016,0.0
R18091517258335,ir107/2018/SEVIR_IR107_RANDOMEVENTS_2018_0901_1231.h5,117,ir107,2018-09-15 17:25:00,-120:-115:-110:-105:-100:-95:-90:-85:-80:-75:-70:-65:-60:-55:-50:-45:-40:-35:-30:-25:-20:-15:-10:-5:0:5:10:15:20:25:30:35:40:45:50:55:60:65:70:75:80:85:90:95:100:105:110:115:120,,,,41.98448055144403,-80.43407134722979,44.53648091824069,-74.65026195282124,+proj=laea +lat_0=38 +lon_0=-98 +units=m +a=6370997.0 +ellps=sphere ,192.0,192.0,384000.0,384000.0,-1.193555235862732,29.00867462158203,0.0
R18091517257625,ir107/2018/SEVIR_IR107_RANDOMEVENTS_2018_0901_1231.h5,119,ir107,2018-09-15 17:25:00,-120:-115:-110:-105:-100:-95:-90:-85:-80:-75:-70:-65:-60:-55:-50:-45:-40:-35:-30:-25:-20:-15:-10:-5:0:5:10:15:20:25:30:35:40:45:50:55:60:65:70:75:80:85:90:95:100:105:110:115:120,,,,32.44997408869473,-100.82142682770578,35.93292919933544,-96.67844558051084,+proj=laea +lat_0=38 +lon_0=-98 +units=m +a=6370997.0 +ellps=sphere ,192.0,192.0,384000.0,384000.0,-52.01876449584961,27.49238395690918,0.0
R18120914328144,ir107/2018/SEVIR_IR107_RANDOMEVENTS_2018_0901_1231.h5,124,ir107,2018-12-09 14:30:00,-120:-115:-110:-105:-100:-95:-90:-85:-80:-75:-70:-65:-60:-55:-50:-45:-40:-35:-30:-25:-20:-15:-10:-5:0:5:10:15:20:25:30:35:40:45:50:55:60:65:70:75:80:85:90:95:100:105:110:115:120,,,,40.02705526898729,-80.25392283117344,42.58398929340325,-74.66595490705046,+proj=laea +lat_0=38 +lon_0=-98 +units=m +a=6370997.0 +ellps=sphere ,192.0,192.0,384000.0,384000.0,-49.98339080810547,3.201923370361328,0.0
R18091115127453,ir107/2018/SEVIR_IR107_RANDOMEVENTS_2018_0901_1231.h5,215,ir107,2018-09-11 15:10:00,-120:-115:-110:-105:-100:-95:-90:-85:-80:-75:-70:-65:-60:-55:-50:-45:-40:-35:-30:-25:-20:-15:-10:-5:0:5:10:15:20:25:30:35:40:45:50:55:60:65:70:75:80:85:90:95:100:105:110:115:120,,,,28.67094779489716,-94.77091875996597,31.93583597688932,-90.58203861956508,+proj=laea +lat_0=38 +lon_0=-98 +units=m +a=6370997.0 +ellps=sphere ,192.0,192.0,384000.0,384000.0,-76.23172760009766,21.475587844848643,0.0
R18091517257409,ir107/2018/SEVIR_IR107_RANDOMEVENTS_2018_0901_1231.h5,222,ir107,2018-09-15 17:25:00,-120:-115:-110:-105:-100:-95:-90:-85:-80:-75:-70:-65:-60:-55:-50:-45:-40:-35:-30:-25:-20:-15:-10:-5:0:5:10:15:20:25:30:35:40:45:50:55:60:65:70:75:80:85:90:95:100:105:110:115:120,,,,27.448881685543707,-99.06969261840996,30.880241230913487,-95.09194229501551,+proj=laea +lat_0=38 +lon_0=-98 +units=m +a=6370997.0 +ellps=sphere ,192.0,192.0,384000.0,384000.0,-71.93798065185547,26.667482376098643,0.0
R18112406217673,ir107/2018/SEVIR_IR107_RANDOMEVENTS_2018_0901_1231.h5,229,ir107,2018-11-24 06:20:00,-120:-115:-110:-105:-100:-95:-90:-85:-80:-75:-70:-65:-60:-55:-50:-45:-40:-35:-30:-25:-20:-15:-10:-5:0:5:10:15:20:25:30:35:40:45:50:55:60:65:70:75:80:85:90:95:100:105:110:115:120,,,,33.63539726920824,-84.07106060094344,36.42018521475109,-79.18223228140458,+proj=laea +lat_0=38 +lon_0=-98 +units=m +a=6370997.0 +ellps=sphere ,192.0,192.0,384000.0,384000.0,-54.36869430541992,8.488860130310059,0.0
R18090307568136,ir107/2018/SEVIR_IR107_RANDOMEVENTS_2018_0901_1231.h5,254,ir107,2018-09-03 07:55:00,-120:-115:-110:-105:-100:-95:-90:-85:-80:-75:-70:-65:-60:-55:-50:-45:-40:-35:-30:-25:-20:-15:-10:-5:0:5:10:15:20:25:30:35:40:45:50:55:60:65:70:75:80:85:90:95:100:105:110:115:120,,,,40.34722773277514,-98.2005587692868,43.719442136653655,-93.43621540182512,+proj=laea +lat_0=38 +lon_0=-98 +units=m +a=6370997.0 +ellps=sphere ,192.0,192.0,384000.0,384000.0,-64.07870483398439,15.437040328979492,0.0
R18090307567458,ir107/2018/SEVIR_IR107_RANDOMEVENTS_2018_0901_1231.h5,255,ir107,2018-09-03 07:55:00,-120:-115:-110:-105:-100:-95:-90:-85:-80:-75:-70:-65:-60:-55:-50:-45:-40:-35:-30:-25:-20:-15:-10:-5:0:5:10:15:20:25:30:35:40:45:50:55:60:65:70:75:80:85:90:95:100:105:110:115:120,,,,28.76431915453761,-94.88038496787291,32.03309645140228,-90.69082107954692,+proj=laea +lat_0=38 +lon_0=-98 +units=m +a=6370997.0 +ellps=sphere ,192.0,192.0,384000.0,384000.0,-70.98872375488281,19.358179092407227,0.0
R18101704427720,ir107/2018/SEVIR_IR107_RANDOMEVENTS_2018_0901_1231.h5,272,ir107,2018-10-17 04:40:00,-120:-115:-110:-105:-100:-95:-90:-85:-80:-75:-70:-65:-60:-55:-50:-45:-40:-35:-30:-25:-20:-15:-10:-5:0:5:10:15:20:25:30:35:40:45:50:55:60:65:70:75:80:85:90:95:100:105:110:115:120,,,,34.60444491373016,-81.9357174146762,37.28259078476646,-76.89289532748789,+proj=laea +lat_0=38 +lon_0=-98 +units=m +a=6370997.0 +ellps=sphere ,192.0,192.0,384000.0,384000.0,-55.45180130004883,19.225574493408203,0.0
R18092406477688,ir107/2018/SEVIR_IR107_RANDOMEVENTS_2018_0901_1231.h5,385,ir107,2018-09-24 06:45:00,-120:-115:-110:-105:-100:-95:-90:-85:-80:-75:-70:-65:-60:-55:-50:-45:-40:-35:-30:-25:-20:-15:-10:-5:0:5:10:15:20:25:30:35:40:45:50:55:60:65:70:75:80:85:90:95:100:105:110:115:120,,,,33.25723997847784,-92.98939916248656,36.43324605591194,-88.47661089912431,+proj=laea +lat_0=38 +lon_0=-98 +units=m +a=6370997.0 +ellps=sphere ,192.0,192.0,384000.0,384000.0,-60.70825958251953,15.5534086227417,0.0
R18092406477423,ir107/2018/SEVIR_IR107_RANDOMEVENTS_2018_0901_1231.h5,389,ir107,2018-09-24 06:45:00,-120:-115:-110:-105:-100:-95:-90:-85:-80:-75:-70:-65:-60:-55:-50:-45:-40:-35:-30:-25:-20:-15:-10:-5:0:5:10:15:20:25:30:35:40:45:50:55:60:65:70:75:80:85:90:95:100:105:110:115:120,,,,27.991222198878468,-94.99619108646904,31.26762038215541,-90.84860917191278,+proj=laea +lat_0=38 +lon_0=-98 +units=m +a=6370997.0 +ellps=sphere ,192.0,192.0,384000.0,384000.0,-70.49031066894531,21.459266662597656,0.0
R18093015187460,ir107/2018/SEVIR_IR107_RANDOMEVENTS_2018_0901_1231.h5,406,ir107,2018-09-30 15:15:00,-120:-115:-110:-105:-100:-95:-90:-85:-80:-75:-70:-65:-60:-55:-50:-45:-40:-35:-30:-25:-20:-15:-10:-5:0:5:10:15:20:25:30:35:40:45:50:55:60:65:70:75:80:85:90:95:100:105:110:115:120,,,,28.76684961919537,-95.72952283497337,32.06848481348591,-91.57069221856707,+proj=laea +lat_0=38 +lon_0=-98 +units=m +a=6370997.0 +ellps=sphere ,192.0,192.0,384000.0,384000.0,-80.67001342773438,20.172266006469727,0.0
R18120508127432,ir107/2018/SEVIR_IR107_RANDOMEVENTS_2018_0901_1231.h5,436,ir107,2018-12-05 08:10:00,-120:-115:-110:-105:-100:-95:-90:-85:-80:-75:-70:-65:-60:-55:-50:-45:-40:-35:-30:-25:-20:-15:-10:-5:0:5:10:15:20:25:30:35:40:45:50:55:60:65:70:75:80:85:90:95:100:105:110:115:120,,,,29.116836513451982,-108.8692738278414,32.878649502135445,-105.1984366412515,+proj=laea +lat_0=38 +lon_0=-98 +units=m +a=6370997.0 +ellps=sphere ,192.0,192.0,384000.0,384000.0,-44.7658805847168,7.483874320983888,0.0
R18090616228170,ir107/2018/SEVIR_IR107_RANDOMEVENTS_2018_0901_1231.h5,451,ir107,2018-09-06 16:20:00,-120:-115:-110:-105:-100:-95:-90:-85:-80:-75:-70:-65:-60:-55:-50:-45:-40:-35:-30:-25:-20:-15:-10:-5:0:5:10:15:20:25:30:35:40:45:50:55:60:65:70:75:80:85:90:95:100:105:110:115:120,,,,40.281839148248665,-80.56143124525026,42.85248844026264,-74.9611237553228,+proj=laea +lat_0=38 +lon_0=-98 +units=m +a=6370997.0 +ellps=sphere ,192.0,192.0,384000.0,384000.0,-68.78951263427734,29.762296676635746,0.0
R18113009348053,ir107/2018/SEVIR_IR107_RANDOMEVENTS_2018_0901_1231.h5,462,ir107,2018-11-30 09:30:00,-120:-115:-110:-105:-100:-95:-90:-85:-80:-75:-70:-65:-60:-55:-50:-45:-40:-35:-30:-25:-20:-15:-10:-5:0:5:10:15:20:25:30:35:40:45:50:55:60:65:70:75:80:85:90:95:100:105:110:115:120,,,,40.18632607599945,-103.07645127993064,43.74770778511128,-98.58438378242865,+proj=laea +lat_0=38 +lon_0=-98 +units=m +a=6370997.0 +ellps=sphere ,192.0,192.0,384000.0,384000.0,-57.8252182006836,-0.8754994869232178,0.0
R18090501327631,ir107/2018/SEVIR_IR107_RANDOMEVENTS_2018_0901_1231.h5,467,ir107,2018-09-05 01:30:00,-120:-115:-110:-105:-100:-95:-90:-85:-80:-75:-70:-65:-60:-55:-50:-45:-40:-35:-30:-25:-20:-15:-10:-5:0:5:10:15:20:25:30:35:40:45:50:55:60:65:70:75:80:85:90:95:100:105:110:115:120,,,,33.24171679300633,-105.01358958804371,36.87301757106418,-101.01343857367678,+proj=laea +lat_0=38 +lon_0=-98 +units=m +a=6370997.0 +ellps=sphere ,192.0,192.0,384000.0,384000.0,-61.87488174438477,27.10634803771973,0.0
R18090501327593,ir107/2018/SEVIR_IR107_RANDOMEVENTS_2018_0901_1231.h5,468,ir107,2018-09-05 01:30:00,-120:-115:-110:-105:-100:-95:-90:-85:-80:-75:-70:-65:-60:-55:-50:-45:-40:-35:-30:-25:-20:-15:-10:-5:0:5:10:15:20:25:30:35:40:45:50:55:60:65:70:75:80:85:90:95:100:105:110:115:120,,,,31.90624098053336,-87.97760277176539,34.876211935689604,-83.35450338398984,+proj=laea +lat_0=38 +lon_0=-98 +units=m +a=6370997.0 +ellps=sphere ,192.0,192.0,384000.0,384000.0,-64.23127746582031,22.820743560791016,0.0
R18090501328051,ir107/2018/SEVIR_IR107_RANDOMEVENTS_2018_0901_1231.h5,470,ir107,2018-09-05 01:30:00,-120:-115:-110:-105:-100:-95:-90:-85:-80:-75:-70:-65:-60:-55:-50:-45:-40:-35:-30:-25:-20:-15:-10:-5:0:5:10:15:20:25:30:35:40:45:50:55:60:65:70:75:80:85:90:95:100:105:110:115:120,,,,39.608764755500005,-100.59167733741378,43.07577973075047,-96.00720494178871,+proj=laea +lat_0=38 +lon_0=-98 +units=m +a=6370997.0 +ellps=sphere ,192.0,192.0,384000.0,384000.0,-70.86045837402344,18.28565216064453,0.0
R18092920477507,ir107/2018/SEVIR_IR107_RANDOMEVENTS_2018_0901_1231.h5,481,ir107,2018-09-29 20:45:00,-120:-115:-110:-105:-100:-95:-90:-85:-80:-75:-70:-65:-60:-55:-50:-45:-40:-35:-30:-25:-20:-15:-10:-5:0:5:10:15:20:25:30:35:40:45:50:55:60:65:70:75:80:85:90:95:100:105:110:115:120,,,,29.775167425846032,-96.10863742088718,33.08776189122035,-91.91371406580365,+proj=laea +lat_0=38 +lon_0=-98 +units=m +a=6370997.0 +ellps=sphere ,192.0,192.0,384000.0,384000.0,-69.22940826416016,18.241594314575195,0.0
R18122218458403,ir107/2018/SEVIR_IR107_RANDOMEVENTS_2018_0901_1231.h5,552,ir107,2018-12-22 18:45:00,-120:-115:-110:-105:-100:-95:-90:-85:-80:-75:-70:-65:-60:-55:-50:-45:-40:-35:-30:-25:-20:-15:-10:-5:0:5:10:15:20:25:30:35:40:45:50:55:60:65:70:75:80:85:90:95:100:105:110:115:120,,,,43.26856483437784,-73.64618014372047,45.4463028503588,-67.42081365188139,+proj=laea +lat_0=38 +lon_0=-98 +units=m +a=6370997.0 +ellps=sphere ,192.0,192.0,384000.0,384000.0,-45.01514053344727,8.761297225952147,0.0
R18103009388404,ir107/2018/SEVIR_IR107_RANDOMEVENTS_2018_0901_1231.h5,556,ir107,2018-10-30 09:35:00,-120:-115:-110:-105:-100:-95:-90:-85:-80:-75:-70:-65:-60:-55:-50:-45:-40:-35:-30:-25:-20:-15:-10:-5:0:5:10:15:20:25:30:35:40:45:50:55:60:65:70:75:80:85:90:95:100:105:110:115:120,,,,42.810913865402505,-78.15330543945241,45.23772767943578,-72.17554790663905,+proj=laea +lat_0=38 +lon_0=-98 +units=m +a=6370997.0 +ellps=sphere ,192.0,192.0,384000.0,384000.0,-38.98367309570313,8.34239387512207,0.0
R18091608077890,ir107/2018/SEVIR_IR107_RANDOMEVENTS_2018_0901_1231.h5,572,ir107,2018-09-16 08:05:00,-120:-115:-110:-105:-100:-95:-90:-85:-80:-75:-70:-65:-60:-55:-50:-45:-40:-35:-30:-25:-20:-15:-10:-5:0:5:10:15:20:25:30:35:40:45:50:55:60:65:70:75:80:85:90:95:100:105:110:115:120,,,,36.74411130787468,-83.30347903409904,39.47311822010131,-78.14229901844031,+proj=laea +lat_0=38 +lon_0=-98 +units=m +a=6370997.0 +ellps=sphere ,192.0,192.0,384000.0,384000.0,-54.16215515136719,17.496225357055664,0.0
R18092206157943,ir107/2018/SEVIR_IR107_RANDOMEVENTS_2018_0901_1231.h5,597,ir107,2018-09-22 06:15:00,-120:-115:-110:-105:-100:-95:-90:-85:-80:-75:-70:-65:-60:-55:-50:-45:-40:-35:-30:-25:-20:-15:-10:-5:0:5:10:15:20:25:30:35:40:45:50:55:60:65:70:75:80:85:90:95:100:105:110:115:120,,,,37.42556315937944,-83.24843816770165,40.14763241705574,-78.02725638008302,+proj=laea +lat_0=38 +lon_0=-98 +units=m +a=6370997.0 +ellps=sphere ,192.0,192.0,384000.0,384000.0,-44.03317642211914,19.13085556030273,0.0
R18092206157671,ir107/2018/SEVIR_IR107_RANDOMEVENTS_2018_0901_1231.h5,599,ir107,2018-09-22 06:15:00,-120:-115:-110:-105:-100:-95:-90:-85:-80:-75:-70:-65:-60:-55:-50:-45:-40:-35:-30:-25:-20:-15:-10:-5:0:5:10:15:20:25:30:35:40:45:50:55:60:65:70:75:80:85:90:95:100:105:110:115:120,,,,32.949657227816594,-94.37993436484128,36.18338840891471,-89.94244969312517,+proj=laea +lat_0=38 +lon_0=-98 +units=m +a=6370997.0 +ellps=sphere ,192.0,192.0,384000.0,384000.0,-66.7484130859375,18.369604110717773,0.0
R18100708028145,ir107/2018/SEVIR_IR107_RANDOMEVENTS_2018_0901_1231.h5,635,ir107,2018-10-07 08:00:00,-120:-115:-110:-105:-100:-95:-90:-85:-80:-75:-70:-65:-60:-55:-50:-45:-40:-35:-30:-25:-20:-15:-10:-5:0:5:10:15:20:25:30:35:40:45:50:55:60:65:70:75:80:85:90:95:100:105:110:115:120,,,,39.82172966059488,-83.27662481391296,42.53030498080199,-77.83943700236166,+proj=laea +lat_0=38 +lon_0=-98 +units=m +a=6370997.0 +ellps=sphere ,192.0,192.0,384000.0,384000.0,-40.47578811645508,17.218713760375973,0.0
R18100708027639,ir107/2018/SEVIR_IR107_RANDOMEVENTS_2018_0901_1231.h5,637,ir107,2018-10-07 08:00:00,-120:-115:-110:-105:-100:-95:-90:-85:-80:-75:-70:-65:-60:-55:-50:-45:-40:-35:-30:-25:-20:-15:-10:-5:0:5:10:15:20:25:30:35:40:45:50:55:60:65:70:75:80:85:90:95:100:105:110:115:120,,,,32.615124677298475,-99.78120964231822,36.059310740743534,-95.58593413251192,+proj=laea +lat_0=38 +lon_0=-98 +units=m +a=6370997.0 +ellps=sphere ,192.0,192.0,384000.0,384000.0,-71.75391387939453,18.422739028930664,0.0
R18120608158717,ir107/2018/SEVIR_IR107_RANDOMEVENTS_2018_0901_1231.h5,643,ir107,2018-12-06 08:15:00,-120:-115:-110:-105:-100:-95:-90:-85:-80:-75:-70:-65:-60:-55:-50:-45:-40:-35:-30:-25:-20:-15:-10:-5:0:5:10:15:20:25:30:35:40:45:50:55:60:65:70:75:80:85:90:95:100:105:110:115:120,,,,45.57455662298957,-89.39182648817307,48.550253018516855,-83.65041950157584,+proj=laea +lat_0=38 +lon_0=-98 +units=m +a=6370997.0 +ellps=sphere ,192.0,192.0,384000.0,384000.0,-40.33611297607422,-0.2811329364776611,0.0
R18112514418139,ir107/2018/SEVIR_IR107_RANDOMEVENTS_2018_0901_1231.h5,652,ir107,2018-11-25 14:40:00,-120:-115:-110:-105:-100:-95:-90:-85:-80:-75:-70:-65:-60:-55:-50:-45:-40:-35:-30:-25:-20:-15:-10:-5:0:5:10:15:20:25:30:35:40:45:50:55:60:65:70:75:80:85:90:95:100:105:110:115:120,,,,39.67612140530904,-84.98207344998835,42.46790923648665,-79.63417800909359,+proj=laea +lat_0=38 +lon_0=-98 +units=m +a=6370997.0 +ellps=sphere ,192.0,192.0,384000.0,384000.0,-50.43922805786133,13.244397163391112,0.0
R18091716108167,ir107/2018/SEVIR_IR107_RANDOMEVENTS_2018_0901_1231.h5,676,ir107,2018-09-17 16:10:00,-120:-115:-110:-105:-100:-95:-90:-85:-80:-75:-70:-65:-60:-55:-50:-45:-40:-35:-30:-25:-20:-15:-10:-5:0:5:10:15:20:25:30:35:40:45:50:55:60:65:70:75:80:85:90:95:100:105:110:115:120,,,,40.12876689663918,-82.2023011749565,42.78257261203287,-76.68831206039646,+proj=laea +lat_0=38 +lon_0=-98 +units=m +a=6370997.0 +ellps=sphere ,192.0,192.0,384000.0,384000.0,-57.03110885620117,23.685413360595703,0.0
R18091714088614,ir107/2018/SEVIR_IR107_RANDOMEVENTS_2018_0901_1231.h5,701,ir107,2018-09-17 14:05:00,-120:-115:-110:-105:-100:-95:-90:-85:-80:-75:-70:-65:-60:-55:-50:-45:-40:-35:-30:-25:-20:-15:-10:-5:0:5:10:15:20:25:30:35:40:45:50:55:60:65:70:75:80:85:90:95:100:105:110:115:120,,,,45.14975547355567,-94.46061414355684,48.35872316362168,-89.05476219109836,+proj=laea +lat_0=38 +lon_0=-98 +units=m +a=6370997.0 +ellps=sphere ,192.0,192.0,384000.0,384000.0,-30.895671844482425,22.817859649658203,0.0
R18091714087794,ir107/2018/SEVIR_IR107_RANDOMEVENTS_2018_0901_1231.h5,759,ir107,2018-09-17 14:05:00,-120:-115:-110:-105:-100:-95:-90:-85:-80:-75:-70:-65:-60:-55:-50:-45:-40:-35:-30:-25:-20:-15:-10:-5:0:5:10:15:20:25:30:35:40:45:50:55:60:65:70:75:80:85:90:95:100:105:110:115:120,,,,35.80523415418961,-80.53000030104737,38.40687614119001,-75.33694959744024,+proj=laea +lat_0=38 +lon_0=-98 +units=m +a=6370997.0 +ellps=sphere ,192.0,192.0,384000.0,384000.0,-70.24996185302734,21.7362060546875,0.0084126098356009
R18090208187498,ir107/2018/SEVIR_IR107_RANDOMEVENTS_2018_0901_1231.h5,761,ir107,2018-09-02 08:15:00,-120:-115:-110:-105:-100:-95:-90:-85:-80:-75:-70:-65:-60:-55:-50:-45:-40:-35:-30:-25:-20:-15:-10:-5:0:5:10:15:20:25:30:35:40:45:50:55:60:65:70:75:80:85:90:95:100:105:110:115:120,,,,29.91745483089077,-103.49997977084844,33.50025666866297,-99.5842378077465,+proj=laea +lat_0=38 +lon_0=-98 +units=m +a=6370997.0 +ellps=sphere ,192.0,192.0,384000.0,384000.0,-74.25786590576172,21.17132377624512,0.0
R18090208188283,ir107/2018/SEVIR_IR107_RANDOMEVENTS_2018_0901_1231.h5,766,ir107,2018-09-02 08:15:00,-120:-115:-110:-105:-100:-95:-90:-85:-80:-75:-70:-65:-60:-55:-50:-45:-40:-35:-30:-25:-20:-15:-10:-5:0:5:10:15:20:25:30:35:40:45:50:55:60:65:70:75:80:85:90:95:100:105:110:115:120,,,,41.28318307440916,-89.00738990552686,44.2563580053957,-83.69663577892275,+proj=laea +lat_0=38 +lon_0=-98 +units=m +a=6370997.0 +ellps=sphere ,192.0,192.0,384000.0,384000.0,-73.67230987548828,17.394128799438473,0.0
R18120221257635,ir107/2018/SEVIR_IR107_RANDOMEVENTS_2018_0901_1231.h5,792,ir107,2018-12-02 21:25:00,-120:-115:-110:-105:-100:-95:-90:-85:-80:-75:-70:-65:-60:-55:-50:-45:-40:-35:-30:-25:-20:-15:-10:-5:0:5:10:15:20:25:30:35:40:45:50:55:60:65:70:75:80:85:90:95:100:105:110:115:120,,,,34.326130011104304,-108.70929167221684,38.08146480561296,-104.8295325074178,+proj=laea +lat_0=38 +lon_0=-98 +units=m +a=6370997.0 +ellps=sphere ,192.0,192.0,384000.0,384000.0,-44.87030792236328,9.774367332458496,0.0
R18110720417477,ir107/2018/SEVIR_IR107_RANDOMEVENTS_2018_0901_1231.h5,842,ir107,2018-11-07 20:40:00,-120:-115:-110:-105:-100:-95:-90:-85:-80:-75:-70:-65:-60:-55:-50:-45:-40:-35:-30:-25:-20:-15:-10:-5:0:5:10:15:20:25:30:35:40:45:50:55:60:65:70:75:80:85:90:95:100:105:110:115:120,,,,29.1997630381009,-94.36252134371344,32.44653774502472,-90.1321201785418,+proj=laea +lat_0=38 +lon_0=-98 +units=m +a=6370997.0 +ellps=sphere ,192.0,192.0,384000.0,384000.0,-76.04812622070312,23.40023803710937,0.0
R18093001567472,ir107/2018/SEVIR_IR107_RANDOMEVENTS_2018_0901_1231.h5,854,ir107,2018-09-30 01:55:00,-120:-115:-110:-105:-100:-95:-90:-85:-80:-75:-70:-65:-60:-55:-50:-45:-40:-35:-30:-25:-20:-15:-10:-5:0:5:10:15:20:25:30:35:40:45:50:55:60:65:70:75:80:85:90:95:100:105:110:115:120,,,,29.207993404622982,-92.95285327331104,32.398795655530485,-88.67071968683308,+proj=laea +lat_0=38 +lon_0=-98 +units=m +a=6370997.0 +ellps=sphere ,192.0,192.0,384000.0,384000.0,-78.47124481201172,17.85755157470703,0.0
R18091617438488,ir107/2018/SEVIR_IR107_RANDOMEVENTS_2018_0901_1231.h5,858,ir107,2018-09-16 17:40:00,-120:-115:-110:-105:-100:-95:-90:-85:-80:-75:-70:-65:-60:-55:-50:-45:-40:-35:-30:-25:-20:-15:-10:-5:0:5:10:15:20:25:30:35:40:45:50:55:60:65:70:75:80:85:90:95:100:105:110:115:120,,,,43.475814281825,-90.03811200914879,46.4887605315414,-84.56217173726961,+proj=laea +lat_0=38 +lon_0=-98 +units=m +a=6370997.0 +ellps=sphere ,192.0,192.0,384000.0,384000.0,11.021113395690918,30.41844749450684,0.0
R18091617437765,ir107/2018/SEVIR_IR107_RANDOMEVENTS_2018_0901_1231.h5,863,ir107,2018-09-16 17:40:00,-120:-115:-110:-105:-100:-95:-90:-85:-80:-75:-70:-65:-60:-55:-50:-45:-40:-35:-30:-25:-20:-15:-10:-5:0:5:10:15:20:25:30:35:40:45:50:55:60:65:70:75:80:85:90:95:100:105:110:115:120,,,,34.91145899084464,-84.76190842077871,37.72021628054846,-79.80508584292672,+proj=laea +lat_0=38 +lon_0=-98 +units=m +a=6370997.0 +ellps=sphere ,192.0,192.0,384000.0,384000.0,-55.4135856628418,11.23745346069336,0.0
R18091406527848,ir107/2018/SEVIR_IR107_RANDOMEVENTS_2018_0901_1231.h5,876,ir107,2018-09-14 06:50:00,-120:-115:-110:-105:-100:-95:-90:-85:-80:-75:-70:-65:-60:-55:-50:-45:-40:-35:-30:-25:-20:-15:-10:-5:0:5:10:15:20:25:30:35:40:45:50:55:60:65:70:75:80:85:90:95:100:105:110:115:120,,,,37.62239936109175,-105.69917855780024,41.277379035478894,-101.50600524484469,+proj=laea +lat_0=38 +lon_0=-98 +units=m +a=6370997.0 +ellps=sphere ,192.0,192.0,384000.0,384000.0,-5.982375144958496,21.03726959228516,0.0
R18091406527424,ir107/2018/SEVIR_IR107_RANDOMEVENTS_2018_0901_1231.h5,880,ir107,2018-09-14 06:50:00,-120:-115:-110:-105:-100:-95:-90:-85:-80:-75:-70:-65:-60:-55:-50:-45:-40:-35:-30:-25:-20:-15:-10:-5:0:5:10:15:20:25:30:35:40:45:50:55:60:65:70:75:80:85:90:95:100:105:110:115:120,,,,27.86880151667253,-97.6250644461941,31.245498383545478,-93.5770391682482,+proj=laea +lat_0=38 +lon_0=-98 +units=m +a=6370997.0 +ellps=sphere ,192.0,192.0,384000.0,384000.0,-72.71311950683594,19.20325469970703,0.0
R18100607358310,ir107/2018/SEVIR_IR107_RANDOMEVENTS_2018_0901_1231.h5,904,ir107,2018-10-06 07:35:00,-120:-115:-110:-105:-100:-95:-90:-85:-80:-75:-70:-65:-60:-55:-50:-45:-40:-35:-30:-25:-20:-15:-10:-5:0:5:10:15:20:25:30:35:40:45:50:55:60:65:70:75:80:85:90:95:100:105:110:115:120,,,,41.58206059170973,-89.26878823630864,44.56613618479656,-83.94239499890784,+proj=laea +lat_0=38 +lon_0=-98 +units=m +a=6370997.0 +ellps=sphere ,192.0,192.0,384000.0,384000.0,-65.07086944580078,13.92192268371582,0.0
R18101307177374,ir107/2018/SEVIR_IR107_RANDOMEVENTS_2018_0901_1231.h5,929,ir107,2018-10-13 07:15:00,-120:-115:-110:-105:-100:-95:-90:-85:-80:-75:-70:-65:-60:-55:-50:-45:-40:-35:-30:-25:-20:-15:-10:-5:0:5:10:15:20:25:30:35:40:45:50:55:60:65:70:75:80:85:90:95:100:105:110:115:120,,,,31.49034521427521,-118.19209451693888,35.52522216321228,-114.852244463608,+proj=laea +lat_0=38 +lon_0=-98 +units=m +a=6370997.0 +ellps=sphere ,192.0,192.0,384000.0,384000.0,-52.3266487121582,16.01332664489746,0.0
R18100909577852,ir107/2018/SEVIR_IR107_RANDOMEVENTS_2018_0901_1231.h5,986,ir107,2018-10-09 09:55:00,-120:-115:-110:-105:-100:-95:-90:-85:-80:-75:-70:-65:-60:-55:-50:-45:-40:-35:-30:-25:-20:-15:-10:-5:0:5:10:15:20:25:30:35:40:45:50:55:60:65:70:75:80:85:90:95:100:105:110:115:120,,,,36.28948999548838,-98.63590386537368,39.68376118754689,-94.177586559482,+proj=laea +lat_0=38 +lon_0=-98 +units=m +a=6370997.0 +ellps=sphere ,192.0,192.0,384000.0,384000.0,-64.87094116210939,13.308720588684082,0.0
R18090606587610,ir107/2018/SEVIR_IR107_RANDOMEVENTS_2018_0901_1231.h5,996,ir107,2018-09-06 06:55:00,-120:-115:-110:-105:-100:-95:-90:-85:-80:-75:-70:-65:-60:-55:-50:-45:-40:-35:-30:-25:-20:-15:-10:-5:0:5:10:15:20:25:30:35:40:45:50:55:60:65:70:75:80:85:90:95:100:105:110:115:120,,,,32.433932636868484,-103.0905959174381,35.99871104506391,-99.04477955122128,+proj=laea +lat_0=38 +lon_0=-98 +units=m +a=6370997.0 +ellps=sphere ,192.0,192.0,384000.0,384000.0,-52.048828125,15.753067016601562,0.0
R18092308287400,ir107/2018/SEVIR_IR107_RANDOMEVENTS_2018_0901_1231.h5,1003,ir107,2018-09-23 08:25:00,-120:-115:-110:-105:-100:-95:-90:-85:-80:-75:-70:-65:-60:-55:-50:-45:-40:-35:-30:-25:-20:-15:-10:-5:0:5:10:15:20:25:30:35:40:45:50:55:60:65:70:75:80:85:90:95:100:105:110:115:120,,,,27.31173587541485,-96.77049570627396,30.65847546090751,-92.71719408994628,+proj=laea +lat_0=38 +lon_0=-98 +units=m +a=6370997.0 +ellps=sphere ,192.0,192.0,384000.0,384000.0,-76.947509765625,21.528268814086918,0.0
R18101404137620,ir107/2018/SEVIR_IR107_RANDOMEVENTS_2018_0901_1231.h5,1030,ir107,2018-10-14 04:10:00,-120:-115:-110:-105:-100:-95:-90:-85:-80:-75:-70:-65:-60:-55:-50:-45:-40:-35:-30:-25:-20:-15:-10:-5:0:5:10:15:20:25:30:35:40:45:50:55:60:65:70:75:80:85:90:95:100:105:110:115:120,,,,32.54224018965516,-86.32305074407431,35.43582855052565,-81.59591232582822,+proj=laea +lat_0=38 +lon_0=-98 +units=m +a=6370997.0 +ellps=sphere ,192.0,192.0,384000.0,384000.0,-39.261714935302734,18.840471267700195,0.0
R18090223037871,ir107/2018/SEVIR_IR107_RANDOMEVENTS_2018_0901_1231.h5,1037,ir107,2018-09-02 23:00:00,-120:-115:-110:-105:-100:-95:-90:-85:-80:-75:-70:-65:-60:-55:-50:-45:-40:-35:-30:-25:-20:-15:-10:-5:0:5:10:15:20:25:30:35:40:45:50:55:60:65:70:75:80:85:90:95:100:105:110:115:120,,,,36.253969883234966,-86.58648019955946,39.13896656460809,-81.60003808410998,+proj=laea +lat_0=38 +lon_0=-98 +units=m +a=6370997.0 +ellps=sphere ,192.0,192.0,384000.0,384000.0,-64.95716094970703,26.91386795043945,0.0
R18090223037563,ir107/2018/SEVIR_IR107_RANDOMEVENTS_2018_0901_1231.h5,1042,ir107,2018-09-02 23:00:00,-120:-115:-110:-105:-100:-95:-90:-85:-80:-75:-70:-65:-60:-55:-50:-45:-40:-35:-30:-25:-20:-15:-10:-5:0:5:10:15:20:25:30:35:40:45:50:55:60:65:70:75:80:85:90:95:100:105:110:115:120,,,,31.95579921896879,-106.17464802239252,35.6274967367585,-102.28300119779529,+proj=laea +lat_0=38 +lon_0=-98 +units=m +a=6370997.0 +ellps=sphere ,192.0,192.0,384000.0,384000.0,-64.59746551513672,36.52524948120117,0.0
R18111600267840,ir107/2018/SEVIR_IR107_RANDOMEVENTS_2018_0901_1231.h5,1064,ir107,2018-11-16 00:25:00,-120:-115:-110:-105:-100:-95:-90:-85:-80:-75:-70:-65:-60:-55:-50:-45:-40:-35:-30:-25:-20:-15:-10:-5:0:5:10:15:20:25:30:35:40:45:50:55:60:65:70:75:80:85:90:95:100:105:110:115:120,,,,36.78339316505637,-77.82739490200491,39.24277226623342,-72.44641986226114,+proj=laea +lat_0=38 +lon_0=-98 +units=m +a=6370997.0 +ellps=sphere ,192.0,192.0,384000.0,384000.0,-59.84585189819336,16.059320449829098,0.0
R18101316407925,ir107/2018/SEVIR_IR107_RANDOMEVENTS_2018_0901_1231.h5,1099,ir107,2018-10-13 16:40:00,-120:-115:-110:-105:-100:-95:-90:-85:-80:-75:-70:-65:-60:-55:-50:-45:-40:-35:-30:-25:-20:-15:-10:-5:0:5:10:15:20:25:30:35:40:45:50:55:60:65:70:75:80:85:90:95:100:105:110:115:120,,,,39.16016978734531,-106.41320609703725,42.84137478212554,-102.16848013354635,+proj=laea +lat_0=38 +lon_0=-98 +units=m +a=6370997.0 +ellps=sphere ,192.0,192.0,384000.0,384000.0,-36.39168548583984,27.79079627990723,0.0
R18120200107400,ir107/2018/SEVIR_IR107_RANDOMEVENTS_2018_0901_1231.h5,1119,ir107,2018-12-02 00:10:00,-120:-115:-110:-105:-100:-95:-90:-85:-80:-75:-70:-65:-60:-55:-50:-45:-40:-35:-30:-25:-20:-15:-10:-5:0:5:10:15:20:25:30:35:40:45:50:55:60:65:70:75:80:85:90:95:100:105:110:115:120,,,,39.65824483791217,-124.82929779685396,43.878748089311216,-121.64909360863804,+proj=laea +lat_0=38 +lon_0=-98 +units=m +a=6370997.0 +ellps=sphere ,192.0,192.0,384000.0,384000.0,-51.7381591796875,9.170949935913086,0.0
R18092206307773,ir107/2018/SEVIR_IR107_RANDOMEVENTS_2018_0901_1231.h5,1131,ir107,2018-09-22 06:30:00,-120:-115:-110:-105:-100:-95:-90:-85:-80:-75:-70:-65:-60:-55:-50:-45:-40:-35:-30:-25:-20:-15:-10:-5:0:5:10:15:20:25:30:35:40:45:50:55:60:65:70:75:80:85:90:95:100:105:110:115:120,,,,34.83022655817582,-97.06907420500856,38.16591806064815,-92.63114815691222,+proj=laea +lat_0=38 +lon_0=-98 +units=m +a=6370997.0 +ellps=sphere ,192.0,192.0,384000.0,384000.0,-59.43911743164063,17.062332153320312,0.0
R18092206307772,ir107/2018/SEVIR_IR107_RANDOMEVENTS_2018_0901_1231.h5,1133,ir107,2018-09-22 06:30:00,-120:-115:-110:-105:-100:-95:-90:-85:-80:-75:-70:-65:-60:-55:-50:-45:-40:-35:-30:-25:-20:-15:-10:-5:0:5:10:15:20:25:30:35:40:45:50:55:60:65:70:75:80:85:90:95:100:105:110:115:120,,,,34.65799203675052,-90.5797932521638,37.72725791064703,-85.8764394783023,+proj=laea +lat_0=38 +lon_0=-98 +units=m +a=6370997.0 +ellps=sphere ,192.0,192.0,384000.0,384000.0,-60.00488662719727,19.70195198059082,0.0
R18090806507935,ir107/2018/SEVIR_IR107_RANDOMEVENTS_2018_0901_1231.h5,1149,ir107,2018-09-08 06:50:00,-120:-115:-110:-105:-100:-95:-90:-85:-80:-75:-70:-65:-60:-55:-50:-45:-40:-35:-30:-25:-20:-15:-10:-5:0:5:10:15:20:25:30:35:40:45:50:55:60:65:70:75:80:85:90:95:100:105:110:115:120,,,,37.07811315232961,-87.57684979393284,40.00405039202485,-82.56696521191313,+proj=laea +lat_0=38 +lon_0=-98 +units=m +a=6370997.0 +ellps=sphere ,192.0,192.0,384000.0,384000.0,-68.537109375,17.205379486083984,0.0
R18101609507635,ir107/2018/SEVIR_IR107_RANDOMEVENTS_2018_0901_1231.h5,1152,ir107,2018-10-16 09:50:00,-120:-115:-110:-105:-100:-95:-90:-85:-80:-75:-70:-65:-60:-55:-50:-45:-40:-35:-30:-25:-20:-15:-10:-5:0:5:10:15:20:25:30:35:40:45:50:55:60:65:70:75:80:85:90:95:100:105:110:115:120,,,,32.310982578940035,-93.8746545923614,35.526511112383986,-89.45474074547148,+proj=laea +lat_0=38 +lon_0=-98 +units=m +a=6370997.0 +ellps=sphere ,192.0,192.0,384000.0,384000.0,-46.02421569824219,12.66980266571045,0.0
R18091302028286,ir107/2018/SEVIR_IR107_RANDOMEVENTS_2018_0901_1231.h5,1218,ir107,2018-09-13 02:00:00,-120:-115:-110:-105:-100:-95:-90:-85:-80:-75:-70:-65:-60:-55:-50:-45:-40:-35:-30:-25:-20:-15:-10:-5:0:5:10:15:20:25:30:35:40:45:50:55:60:65:70:75:80:85:90:95:100:105:110:115:120,,,,41.5846466912186,-93.44267835617433,44.75557922981677,-88.3272208009606,+proj=laea +lat_0=38 +lon_0=-98 +units=m +a=6370997.0 +ellps=sphere ,192.0,192.0,384000.0,384000.0,12.060819625854492,20.791980743408203,0.0
R18090216437446,ir107/2018/SEVIR_IR107_RANDOMEVENTS_2018_0901_1231.h5,1234,ir107,2018-09-02 16:40:00,-120:-115:-110:-105:-100:-95:-90:-85:-80:-75:-70:-65:-60:-55:-50:-45:-40:-35:-30:-25:-20:-15:-10:-5:0:5:10:15:20:25:30:35:40:45:50:55:60:65:70:75:80:85:90:95:100:105:110:115:120,,,,28.40032592964441,-97.38872471657596,31.766343154680943,-93.30782688863664,+proj=laea +lat_0=38 +lon_0=-98 +units=m +a=6370997.0 +ellps=sphere ,192.0,192.0,384000.0,384000.0,-79.4820556640625,32.400951385498054,0.0
R18100213517876,ir107/2018/SEVIR_IR107_RANDOMEVENTS_2018_0901_1231.h5,1243,ir107,2018-10-02 13:50:00,-120:-115:-110:-105:-100:-95:-90:-85:-80:-80:-70:-65:-60:-55:-50:-45:-40:-35:-30:-25:-20:-15:-10:-5:0:5:10:15:20:25:30:35:40:45:50:55:60:65:70:75:80:85:90:95:100:105:110:115:120,,,,36.605925706668586,-98.14562744661252,39.980561482691776,-93.644122696358,+proj=laea +lat_0=38 +lon_0=-98 +units=m +a=6370997.0 +ellps=sphere ,192.0,192.0,384000.0,384000.0,-33.29405975341797,26.01550102233887,0.0
R18111717137366,ir107/2018/SEVIR_IR107_RANDOMEVENTS_2018_0901_1231.h5,1301,ir107,2018-11-17 17:10:00,-120:-115:-110:-105:-100:-95:-90:-85:-80:-75:-70:-65:-60:-55:-50:-45:-40:-35:-30:-25:-20:-15:-10:-5:0:5:10:15:20:25:30:35:40:45:50:55:60:65:70:75:80:85:90:95:100:105:110:115:120,,,,32.11329952590664,-119.3483584816456,36.17950313729954,-116.04763251471417,+proj=laea +lat_0=38 +lon_0=-98 +units=m +a=6370997.0 +ellps=sphere ,192.0,192.0,384000.0,384000.0,-48.14693069458008,30.99822425842285,0.0
R18111717137358,ir107/2018/SEVIR_IR107_RANDOMEVENTS_2018_0901_1231.h5,1307,ir107,2018-11-17 17:10:00,-120:-115:-110:-105:-100:-95:-90:-85:-80:-75:-70:-65:-60:-55:-50:-45:-40:-35:-30:-25:-20:-15:-10:-5:0:5:10:15:20:25:30:35:40:45:50:55:60:65:70:75:80:85:90:95:100:105:110:115:120,,,,33.85225788645202,-121.517721097595,37.97675109336207,-118.28388705094434,+proj=laea +lat_0=38 +lon_0=-98 +units=m +a=6370997.0 +ellps=sphere ,192.0,192.0,384000.0,384000.0,-48.14693069458008,30.99822425842285,0.0
R18092810347495,ir107/2018/SEVIR_IR107_RANDOMEVENTS_2018_0901_1231.h5,1314,ir107,2018-09-28 10:30:00,-120:-115:-110:-105:-100:-95:-90:-85:-80:-75:-70:-65:-60:-55:-50:-45:-40:-35:-30:-25:-20:-15:-10:-5:0:5:10:15:20:20:20:35:40:45:50:55:60:65:70:75:80:85:90:95:100:105:110:115:120,,,,45.68544551418355,-126.77613230694072,49.97705324114915,-123.57260629442337,+proj=laea +lat_0=38 +lon_0=-98 +units=m +a=6370997.0 +ellps=sphere ,192.0,192.0,384000.0,384000.0,-29.702600479125977,13.978119850158691,0.0
R18090223258321,ir107/2018/SEVIR_IR107_RANDOMEVENTS_2018_0901_1231.h5,1349,ir107,2018-09-02 23:25:00,-120:-115:-110:-105:-100:-95:-90:-85:-80:-75:-70:-65:-60:-55:-50:-45:-40:-35:-30:-25:-20:-15:-10:-5:0:5:10:15:20:25:30:35:40:45:50:55:60:65:70:75:80:85:90:95:100:105:110:115:120,,,,41.79766721078416,-91.23949696673162,44.870611594254,-85.99143609802653,+proj=laea +lat_0=38 +lon_0=-98 +units=m +a=6370997.0 +ellps=sphere ,192.0,192.0,384000.0,384000.0,-74.10514831542969,23.03948402404785,0.0
R18092820257412,ir107/2018/SEVIR_IR107_RANDOMEVENTS_2018_0901_1231.h5,1389,ir107,2018-09-28 20:25:00,-120:-115:-110:-105:-100:-95:-90:-85:-80:-75:-70:-65:-60:-55:-50:-45:-40:-35:-30:-25:-20:-15:-10:-5:0:5:10:15:20:25:30:35:40:45:50:55:60:65:70:75:80:85:90:95:100:105:110:115:120,,,,27.61710030778205,-96.62525256044404,30.957209523324853,-92.55297864375233,+proj=laea +lat_0=38 +lon_0=-98 +units=m +a=6370997.0 +ellps=sphere ,192.0,192.0,384000.0,384000.0,-72.70372772216797,21.175012588500977,0.0
R18090223257411,ir107/2018/SEVIR_IR107_RANDOMEVENTS_2018_0901_1231.h5,1403,ir107,2018-09-02 23:25:00,-120:-115:-110:-105:-100:-95:-90:-85:-80:-75:-70:-65:-60:-55:-50:-45:-40:-35:-30:-25:-20:-15:-10:-5:0:5:10:15:20:25:30:35:40:45:50:55:60:65:70:75:80:85:90:95:100:105:110:115:120,,,,33.17193967541477,-118.55451304059264,37.21856029146695,-115.18922903679544,+proj=laea +lat_0=38 +lon_0=-98 +units=m +a=6370997.0 +ellps=sphere ,192.0,192.0,384000.0,384000.0,-11.145094871520996,49.4082260131836,0.0
R18091909438267,ir107/2018/SEVIR_IR107_RANDOMEVENTS_2018_0901_1231.h5,1434,ir107,2018-09-19 09:40:00,-120:-115:-110:-105:-100:-95:-90:-85:-80:-75:-70:-65:-60:-55:-50:-45:-40:-35:-30:-25:-20:-15:-10:-5:0:5:10:15:20:25:30:35:40:45:50:55:60:65:70:75:80:85:90:95:100:105:110:115:120,,,,41.98468250124085,-98.16927897963969,45.35437879856845,-93.27145767232344,+proj=laea +lat_0=38 +lon_0=-98 +units=m +a=6370997.0 +ellps=sphere ,192.0,192.0,384000.0,384000.0,-73.35128784179688,14.896246910095217,0.0
R18102003378333,ir107/2018/SEVIR_IR107_RANDOMEVENTS_2018_0901_1231.h5,1486,ir107,2018-10-20 03:35:00,-120:-115:-110:-105:-100:-95:-90:-85:-80:-75:-70:-65:-60:-55:-50:-45:-40:-35:-30:-25:-20:-15:-10:-5:0:5:10:15:20:25:30:35:40:45:50:55:60:65:70:75:80:85:90:95:100:105:110:115:120,,,,42.17058380672776,-93.97226630929036,45.3633011516497,-88.83146698632744,+proj=laea +lat_0=38 +lon_0=-98 +units=m +a=6370997.0 +ellps=sphere ,192.0,192.0,384000.0,384000.0,-26.806753158569336,8.746664047241211,0.0
R18111815287570,ir107/2018/SEVIR_IR107_RANDOMEVENTS_2018_0901_1231.h5,1499,ir107,2018-11-18 15:25:00,-120:-115:-110:-105:-100:-95:-90:-85:-80:-75:-70:-65:-60:-55:-50:-45:-40:-35:-30:-25:-20:-15:-10:-5:0:5:10:15:20:25:30:35:40:45:50:55:60:65:70:75:80:85:90:95:100:105:110:115:120,,,,31.068790003201023,-95.06492021176209,34.33620874428344,-90.76217060343444,+proj=laea +lat_0=38 +lon_0=-98 +units=m +a=6370997.0 +ellps=sphere ,192.0,192.0,384000.0,384000.0,-28.22107696533203,20.7721004486084,0.0
R18111815337447,ir107/2018/SEVIR_IR107_RANDOMEVENTS_2018_0901_1231.h5,1537,ir107,2018-11-18 15:30:00,-120:-115:-110:-105:-100:-95:-90:-85:-80:-75:-70:-65:-60:-55:-50:-45:-40:-35:-30:-25:-20:-15:-10:-5:0:5:10:15:20:25:30:35:40:45:50:55:60:65:70:75:80:85:90:95:100:105:110:115:120,,,,28.40173948300409,-97.75548822798484,31.781482516173984,-93.68790823946188,+proj=laea +lat_0=38 +lon_0=-98 +units=m +a=6370997.0 +ellps=sphere ,192.0,192.0,384000.0,384000.0,-47.89474868774414,20.040281295776367,0.0
R18111904328331,ir107/2018/SEVIR_IR107_RANDOMEVENTS_2018_0901_1231.h5,1542,ir107,2018-11-19 04:30:00,-120:-115:-110:-105:-100:-95:-90:-85:-80:-75:-70:-65:-60:-55:-50:-45:-40:-35:-30:-25:-20:-15:-10:-5:0:5:10:15:20:25:30:35:40:45:50:55:60:65:70:75:80:85:90:95:100:105:110:115:120,,,,41.78443686783371,-88.47675372454835,44.731080747301576,-83.09169828297436,+proj=laea +lat_0=38 +lon_0=-98 +units=m +a=6370997.0 +ellps=sphere ,192.0,192.0,384000.0,384000.0,-46.69785690307617,5.857494354248048,0.0
R18091605208105,ir107/2018/SEVIR_IR107_RANDOMEVENTS_2018_0901_1231.h5,1561,ir107,2018-09-16 05:20:00,-120:-115:-110:-105:-100:-95:-90:-85:-80:-75:-70:-65:-60:-55:-50:-45:-40:-35:-30:-25:-20:-15:-10:-5:0:5:10:15:20:25:30:35:40:45:50:55:60:65:70:75:80:85:90:95:100:105:110:115:120,,,,39.952865240243725,-76.9548798898135,42.34037998830689,-71.23713597541011,+proj=laea +lat_0=38 +lon_0=-98 +units=m +a=6370997.0 +ellps=sphere ,192.0,192.0,384000.0,384000.0,7.150390625,19.82147216796875,0.0
R18102203277356,ir107/2018/SEVIR_IR107_RANDOMEVENTS_2018_0901_1231.h5,1580,ir107,2018-10-22 03:25:00,-120:-115:-110:-105:-100:-95:-90:-85:-80:-75:-70:-65:-60:-55:-50:-45:-40:-35:-30:-25:-20:-15:-10:-5:0:5:10:15:20:25:30:35:40:45:50:55:60:65:70:75:80:85:90:95:100:105:110:115:120,,,,36.0315978507346,-123.43362230428892,40.20790224760772,-120.25381348848606,+proj=laea +lat_0=38 +lon_0=-98 +units=m +a=6370997.0 +ellps=sphere ,192.0,192.0,384000.0,384000.0,-7.5015296936035165,18.799148559570312,0.0
R18112104408292,ir107/2018/SEVIR_IR107_RANDOMEVENTS_2018_0901_1231.h5,1698,ir107,2018-11-21 04:40:00,-120:-115:-110:-105:-100:-95:-90:-85:-80:-75:-70:-65:-60:-55:-50:-45:-40:-35:-30:-25:-20:-15:-10:-5:0:5:10:15:20:25:30:35:40:45:50:55:60:65:70:75:80:85:90:95:100:105:110:115:120,,,,41.614067548636825,-93.04311261085242,44.76748963521509,-87.90435730915291,+proj=laea +lat_0=38 +lon_0=-98 +units=m +a=6370997.0 +ellps=sphere ,192.0,192.0,384000.0,384000.0,-30.58198547363281,-1.694729924201965,0.0
R18120710357630,ir107/2018/SEVIR_IR107_RANDOMEVENTS_2018_0901_1231.h5,1793,ir107,2018-12-07 10:35:00,-120:-115:-110:-105:-100:-95:-90:-85:-80:-75:-70:-65:-60:-55:-50:-45:-40:-35:-30:-25:-20:-15:-10:-5:0:5:10:15:20:25:30:35:40:45:50:55:60:65:70:75:80:85:90:95:100:105:110:115:120,,,,32.21082044618167,-94.98448659868087,35.47119806090561,-90.61469482541,+proj=laea +lat_0=38 +lon_0=-98 +units=m +a=6370997.0 +ellps=sphere ,192.0,192.0,384000.0,384000.0,-49.27927017211914,5.381181240081787,0.0
R18102223427425,ir107/2018/SEVIR_IR107_RANDOMEVENTS_2018_0901_1231.h5,1857,ir107,2018-10-22 23:40:00,-120:-115:-110:-105:-100:-95:-90:-85:-80:-75:-70:-65:-60:-55:-50:-45:-40:-35:-30:-25:-20:-15:-10:-5:0:5:10:15:20:25:30:35:40:45:50:55:60:65:70:75:80:85:90:95:100:105:110:115:120,,,,30.061644284307928,-112.420681610289,33.932236088241794,-108.86549571696372,+proj=laea +lat_0=38 +lon_0=-98 +units=m +a=6370997.0 +ellps=sphere ,192.0,192.0,384000.0,384000.0,-56.42657852172852,33.20328903198242,0.0
R18121722007404,ir107/2018/SEVIR_IR107_RANDOMEVENTS_2018_0901_1231.h5,1870,ir107,2018-12-17 22:00:00,-120:-115:-110:-105:-100:-95:-90:-85:-80:-75:-70:-65:-60:-55:-50:-45:-40:-35:-30:-25:-20:-15:-10:-5:0:5:10:15:20:25:30:35:40:45:50:55:60:65:70:75:80:85:90:95:100:105:110:115:120,,,,30.93673430279809,-115.66658057624826,34.901752188418705,-112.22673623436395,+proj=laea +lat_0=38 +lon_0=-98 +units=m +a=6370997.0 +ellps=sphere ,192.0,192.0,384000.0,384000.0,-43.25209426879883,26.82936668395996,0.0
R18092218227700,ir107/2018/SEVIR_IR107_RANDOMEVENTS_2018_0901_1231.h5,1880,ir107,2018-09-22 18:20:00,-120:-115:-110:-105:-100:-95:-90:-85:-80:-75:-70:-65:-60:-55:-50:-45:-40:-35:-30:-25:-20:-15:-10:-5:0:5:10:15:20:25:30:35:40:45:50:55:60:65:70:75:80:85:90:95:100:105:110:115:120,,,,33.45199406032855,-93.56040730189724,36.65074274025461,-89.05880444341305,+proj=laea +lat_0=38 +lon_0=-98 +units=m +a=6370997.0 +ellps=sphere ,192.0,192.0,384000.0,384000.0,-72.1563491821289,25.4777946472168,0.0
R18092218227862,ir107/2018/SEVIR_IR107_RANDOMEVENTS_2018_0901_1231.h5,1881,ir107,2018-09-22 18:20:00,-120:-115:-110:-105:-100:-95:-90:-85:-80:-75:-70:-65:-60:-55:-50:-45:-40:-35:-30:-25:-20:-15:-10:-5:0:5:10:15:20:25:30:35:40:45:50:55:60:65:70:75:80:85:90:95:100:105:110:115:120,,,,36.21222951585676,-85.39757769087477,39.04279445236581,-80.36532388821128,+proj=laea +lat_0=38 +lon_0=-98 +units=m +a=6370997.0 +ellps=sphere ,192.0,192.0,384000.0,384000.0,-56.48491287231445,28.50706672668457,0.0
R18092218227111,ir107/2018/SEVIR_IR107_RANDOMEVENTS_2018_0901_1231.h5,1882,ir107,2018-09-22 18:20:00,-120:-115:-110:-105:-100:-95:-90:-85:-80:-75:-70:-65:-60:-55:-50:-45:-40:-35:-30:-25:-20:-15:-10:-5:0:5:10:15:20:25:30:35:40:45:50:55:60:65:70:75:80:85:90:95:100:105:110:115:120,,,,22.963340537030174,-83.74832191424555,25.8108313867108,-79.48390600165544,+proj=laea +lat_0=38 +lon_0=-98 +units=m +a=6370997.0 +ellps=sphere ,192.0,192.0,384000.0,384000.0,-74.96967315673828,33.59271240234375,0.0
R18112715467101,ir107/2018/SEVIR_IR107_RANDOMEVENTS_2018_0901_1231.h5,1912,ir107,2018-11-27 15:45:00,-120:-115:-110:-105:-100:-95:-90:-85:-80:-75:-70:-65:-60:-55:-50:-45:-40:-35:-30:-25:-20:-15:-10:-5:0:5:10:15:20:25:30:35:40:45:50:55:60:65:70:75:80:85:90:95:100:105:110:115:120,,,,23.18239861519198,-82.37133716811482,25.968350186847037,-78.05611158229544,+proj=laea +lat_0=38 +lon_0=-98 +units=m +a=6370997.0 +ellps=sphere ,192.0,192.0,384000.0,384000.0,-49.564674377441406,29.480268478393555,0.0
R18090109067905,ir107/2018/SEVIR_IR107_RANDOMEVENTS_2018_0901_1231.h5,1921,ir107,2018-09-01 09:05:00,-120:-115:-110:-105:-100:-95:-90:-85:-80:-75:-70:-65:-60:-55:-50:-45:-40:-35:-30:-25:-20:-15:-10:-5:0:5:10:15:20:25:30:35:40:45:50:55:60:65:70:75:80:85:90:95:100:105:110:115:120,,,,36.653376422747336,-92.62671814873164,39.80262383721183,-87.87010491230816,+proj=laea +lat_0=38 +lon_0=-98 +units=m +a=6370997.0 +ellps=sphere ,192.0,192.0,384000.0,384000.0,-61.58530426025391,19.032384872436523,0.0
R18090109068170,ir107/2018/SEVIR_IR107_RANDOMEVENTS_2018_0901_1231.h5,1924,ir107,2018-09-01 09:05:00,-120:-115:-110:-105:-100:-95:-90:-85:-80:-75:-70:-65:-60:-55:-50:-45:-40:-35:-30:-25:-20:-15:-10:-5:0:5:10:15:20:25:30:35:40:45:50:55:60:65:70:75:80:85:90:95:100:105:110:115:120,,,,42.76971759122621,-106.26614809628089,46.45080931203835,-101.77669733296756,+proj=laea +lat_0=38 +lon_0=-98 +units=m +a=6370997.0 +ellps=sphere ,192.0,192.0,384000.0,384000.0,-48.49565887451172,13.84212875366211,0.0
R18090601548240,ir107/2018/SEVIR_IR107_RANDOMEVENTS_2018_0901_1231.h5,1967,ir107,2018-09-06 01:50:00,-120:-115:-110:-105:-100:-95:-90:-85:-80:-75:-70:-65:-60:-55:-50:-45:-40:-35:-30:-25:-20:-15:-10:-5:0:5:10:15:20:25:30:35:40:45:50:55:60:65:70:75:80:85:90:95:100:105:110:115:120,,,,40.774346560539584,-86.33266167886178,43.62473731447536,-80.94268245739512,+proj=laea +lat_0=38 +lon_0=-98 +units=m +a=6370997.0 +ellps=sphere ,192.0,192.0,384000.0,384000.0,-64.17588043212889,21.841917037963867,0.0
R18093001397443,ir107/2018/SEVIR_IR107_RANDOMEVENTS_2018_0901_1231.h5,1990,ir107,2018-09-30 01:35:00,-120:-115:-110:-105:-100:-95:-90:-85:-80:-75:-70:-65:-60:-55:-50:-45:-40:-35:-30:-25:-20:-15:-10:-5:0:5:10:15:20:25:30:35:40:45:50:55:60:65:70:75:80:85:90:95:100:105:110:115:120,,,,29.579423826617862,-85.58771282861578,32.458638046050105,-81.02317366001313,+proj=laea +lat_0=38 +lon_0=-98 +units=m +a=6370997.0 +ellps=sphere ,192.0,192.0,384000.0,384000.0,-75.294677734375,23.501220703125,0.0
R18121913497666,ir107/2018/SEVIR_IR107_RANDOMEVENTS_2018_0901_1231.h5,2009,ir107,2018-12-19 13:45:00,-120:-115:-110:-105:-100:-95:-90:-85:-80:-75:-70:-65:-60:-55:-50:-45:-40:-35:-30:-25:-20:-15:-10:-5:0:5:10:15:20:25:30:35:40:45:50:55:60:65:70:75:80:85:90:95:100:105:110:115:120,,,,32.8947759661972,-95.74204778420746,36.18308422495335,-91.36348891029822,+proj=laea +lat_0=38 +lon_0=-98 +units=m +a=6370997.0 +ellps=sphere ,192.0,192.0,384000.0,384000.0,-58.2146110534668,5.3804144859313965,0.0
R18091611117566,ir107/2018/SEVIR_IR107_RANDOMEVENTS_2018_0901_1231.h5,2045,ir107,2018-09-16 11:10:00,-120:-115:-110:-105:-100:-95:-90:-85:-80:-75:-70:-65:-60:-55:-50:-45:-40:-35:-30:-25:-20:-15:-10:-5:0:5:10:15:20:25:30:35:40:45:50:55:60:65:70:75:80:85:90:95:100:105:110:115:120,,,,32.70466220116756,-79.63913268495844,35.28703490220165,-74.65546341546799,+proj=laea +lat_0=38 +lon_0=-98 +units=m +a=6370997.0 +ellps=sphere ,192.0,192.0,384000.0,384000.0,-71.04430389404297,19.410648345947266,0.0
R18091611117633,ir107/2018/SEVIR_IR107_RANDOMEVENTS_2018_0901_1231.h5,2047,ir107,2018-09-16 11:10:00,-120:-115:-110:-105:-100:-95:-90:-85:-80:-75:-70:-65:-60:-55:-50:-45:-40:-35:-30:-25:-20:-15:-10:-5:0:5:10:15:20:25:30:35:40:45:50:55:60:65:70:75:80:85:90:95:100:105:110:115:120,,,,33.629973592771584,-80.08616159523336,36.22660254177853,-75.0492534302168,+proj=laea +lat_0=38 +lon_0=-98 +units=m +a=6370997.0 +ellps=sphere ,192.0,192.0,384000.0,384000.0,-71.84222412109375,14.956602096557615,0.0
R18113020197664,ir107/2018/SEVIR_IR107_RANDOMEVENTS_2018_0901_1231.h5,2054,ir107,2018-11-30 20:15:00,-120:-115:-110:-105:-100:-95:-90:-85:-80:-75:-70:-65:-60:-55:-50:-45:-40:-35:-30:-25:-20:-15:-10:-5:0:5:10:15:20:25:30:35:40:45:50:55:60:65:70:75:80:85:90:95:100:105:110:115:120,,,,32.86900566871797,-92.03658953365463,36.00707777088129,-87.5096642335788,+proj=laea +lat_0=38 +lon_0=-98 +units=m +a=6370997.0 +ellps=sphere ,192.0,192.0,384000.0,384000.0,-57.05731964111328,16.828811645507812,0.0
R18092920477097,ir107/2018/SEVIR_IR107_RANDOMEVENTS_2018_0901_1231.h5,2073,ir107,2018-09-29 20:45:00,-120:-115:-110:-105:-100:-95:-90:-85:-80:-75:-70:-65:-60:-55:-50:-45:-40:-35:-30:-25:-20:-15:-10:-5:0:5:10:15:20:25:30:35:40:45:50:55:60:65:70:75:80:85:90:95:100:105:110:115:120,,,,22.66424039892023,-83.5500168992569,25.505656090651,-79.294311380548,+proj=laea +lat_0=38 +lon_0=-98 +units=m +a=6370997.0 +ellps=sphere ,192.0,192.0,384000.0,384000.0,-78.67015075683594,31.65890121459961,0.0
R18110703307625,ir107/2018/SEVIR_IR107_RANDOMEVENTS_2018_0901_1231.h5,2089,ir107,2018-11-07 03:30:00,-120:-115:-110:-105:-100:-95:-90:-85:-80:-75:-70:-65:-60:-55:-50:-45:-40:-35:-30:-25:-20:-15:-10:-5:0:5:10:15:20:25:30:35:40:45:50:55:60:65:70:75:80:85:90:95:100:105:110:115:120,,,,32.51487986990845,-101.4098753988526,36.019216976482404,-97.28848449527304,+proj=laea +lat_0=38 +lon_0=-98 +units=m +a=6370997.0 +ellps=sphere ,192.0,192.0,384000.0,384000.0,-27.68762969970703,17.753755569458008,0.0
R18112509228522,ir107/2018/SEVIR_IR107_RANDOMEVENTS_2018_0901_1231.h5,2093,ir107,2018-11-25 09:20:00,-120:-115:-110:-105:-100:-95:-90:-85:-80:-75:-70:-65:-60:-55:-50:-45:-40:-35:-30:-25:-20:-15:-10:-5:0:5:10:15:20:25:30:35:40:45:50:55:60:65:70:75:80:85:90:95:100:105:110:115:120,,,,43.97551305410664,-76.94859904920463,46.32806249682547,-70.77855146841662,+proj=laea +lat_0=38 +lon_0=-98 +units=m +a=6370997.0 +ellps=sphere ,192.0,192.0,384000.0,384000.0,-54.77244567871094,-0.3442446291446686,0.0
R18092910038218,ir107/2018/SEVIR_IR107_RANDOMEVENTS_2018_0901_1231.h5,2165,ir107,2018-09-29 10:00:00,-120:-115:-110:-105:-100:-95:-90:-85:-80:-75:-70:-65:-60:-55:-50:-45:-40:-35:-30:-25:-20:-15:-10:-5:0:5:10:15:20:25:30:35:40:45:50:55:60:65:70:75:80:85:90:95:100:105:110:115:120,,,,40.8984165279882,-79.16207810712015,43.39304176672044,-73.43848312704397,+proj=laea +lat_0=38 +lon_0=-98 +units=m +a=6370997.0 +ellps=sphere ,192.0,192.0,384000.0,384000.0,-16.588829040527347,14.07138442993164,0.0
R18091115127453,vil/2018/SEVIR_VIL_RANDOMEVENTS_2018_0901_1231.h5,35,vil,2018-09-11 15:12:55,-120:-115:-110:-105:-100:-95:-90:-85:-80:-75:-70:-65:-60:-55:-50:-45:-40:-35:-30:-25:-20:-15:-10:-5:0:5:10:15:20:25:30:35:40:45:50:55:60:65:70:75:80:85:90:95:100:105:110:115:120,,,,28.670947794897145,-94.77091875996597,31.93583597688931,-90.58203861956504,+proj=laea +lat_0=38 +lon_0=-98 +units=m +a=6370997.0 +ellps=sphere ,384.0,384.0,384000.0,384000.0,0.0,249.0,0.0
R18093001397443,vil/2018/SEVIR_VIL_RANDOMEVENTS_2018_0901_1231.h5,54,vil,2018-09-30 01:39:35,-120:-115:-110:-105:-100:-95:-90:-85:-80:-75:-70:-65:-60:-55:-50:-45:-40:-35:-30:-25:-20:-15:-10:-5:0:5:10:15:20:25:30:35:40:45:50:55:60:65:70:75:80:85:90:95:100:105:110:115:120,,,,29.579423826617862,-85.58771282861578,32.458638046050105,-81.02317366001314,+proj=laea +lat_0=38 +lon_0=-98 +units=m +a=6370997.0 +ellps=sphere ,384.0,384.0,384000.0,384000.0,0.0,254.0,0.0
R18112509228522,vil/2018/SEVIR_VIL_RANDOMEVENTS_2018_0901_1231.h5,61,vil,2018-11-25 09:22:05,-120:-115:-110:-105:-100:-95:-90:-85:-80:-75:-70:-65:-60:-55:-50:-45:-40:-35:-30:-25:-20:-15:-10:-5:0:5:10:15:20:25:30:35:40:45:50:55:60:65:70:75:80:85:90:95:100:105:110:115:120,,,,43.975513054106656,-76.94859904920463,46.3280624968255,-70.7785514684166,+proj=laea +lat_0=38 +lon_0=-98 +units=m +a=6370997.0 +ellps=sphere ,384.0,384.0,384000.0,384000.0,0.0,157.0,0.0
R18111717137366,vil/2018/SEVIR_VIL_RANDOMEVENTS_2018_0901_1231.h5,112,vil,2018-11-17 17:13:45,-120:-115:-110:-105:-100:-95:-90:-85:-80:-75:-70:-65:-60:-55:-50:-45:-40:-35:-30:-25:-20:-15:-10:-5:0:5:10:15:20:25:30:35:40:45:50:55:60:65:70:75:80:85:90:95:100:105:110:115:120,,,,32.11329952590664,-119.3483584816456,36.17950313729954,-116.04763251471417,+proj=laea +lat_0=38 +lon_0=-98 +units=m +a=6370997.0 +ellps=sphere ,384.0,384.0,384000.0,384000.0,0.0,254.0,0.0
R18111717137358,vil/2018/SEVIR_VIL_RANDOMEVENTS_2018_0901_1231.h5,118,vil,2018-11-17 17:13:45,-120:-115:-110:-105:-100:-95:-90:-85:-80:-75:-70:-65:-60:-55:-50:-45:-40:-35:-30:-25:-20:-15:-10:-5:0:5:10:15:20:25:30:35:40:45:50:55:60:65:70:75:80:85:90:95:100:105:110:115:120,,,,33.85225788645202,-121.517721097595,37.97675109336206,-118.28388705094432,+proj=laea +lat_0=38 +lon_0=-98 +units=m +a=6370997.0 +ellps=sphere ,384.0,384.0,384000.0,384000.0,0.0,238.0,0.0
R18091517258073,vil/2018/SEVIR_VIL_RANDOMEVENTS_2018_0901_1231.h5,176,vil,2018-09-15 17:25:25,-120:-115:-110:-105:-100:-95:-90:-85:-80:-75:-70:-65:-60:-55:-50:-45:-40:-35:-30:-25:-20:-15:-10:-5:0:5:10:15:20:25:30:35:40:45:50:55:60:65:70:75:80:85:90:95:100:105:110:115:120,,,,38.82672480379899,-87.85922537398899,41.75740683659398,-82.71655573842143,+proj=laea +lat_0=38 +lon_0=-98 +units=m +a=6370997.0 +ellps=sphere ,384.0,384.0,384000.0,384000.0,0.0,51.0,0.0
R18091517258335,vil/2018/SEVIR_VIL_RANDOMEVENTS_2018_0901_1231.h5,177,vil,2018-09-15 17:25:25,-120:-115:-110:-105:-100:-95:-90:-85:-80:-75:-70:-65:-60:-55:-50:-45:-40:-35:-30:-25:-20:-15:-10:-5:0:5:10:15:20:25:30:35:40:45:50:55:60:65:70:75:80:85:90:95:100:105:110:115:120,,,,41.98448055144404,-80.43407134722976,44.53648091824069,-74.65026195282124,+proj=laea +lat_0=38 +lon_0=-98 +units=m +a=6370997.0 +ellps=sphere ,384.0,384.0,384000.0,384000.0,0.0,183.0,0.0
R18091517257625,vil/2018/SEVIR_VIL_RANDOMEVENTS_2018_0901_1231.h5,179,vil,2018-09-15 17:25:25,-120:-115:-110:-105:-100:-95:-90:-85:-80:-75:-70:-65:-60:-55:-50:-45:-40:-35:-30:-25:-20:-15:-10:-5:0:5:10:15:20:25:30:35:40:45:50:55:60:65:70:75:80:85:90:95:100:105:110:115:120,,,,32.449974088694724,-100.82142682770578,35.932929199335426,-96.67844558051084,+proj=laea +lat_0=38 +lon_0=-98 +units=m +a=6370997.0 +ellps=sphere ,384.0,384.0,384000.0,384000.0,0.0,223.0,0.0
R18091517257409,vil/2018/SEVIR_VIL_RANDOMEVENTS_2018_0901_1231.h5,182,vil,2018-09-15 17:25:25,-120:-115:-110:-105:-100:-95:-90:-85:-80:-75:-70:-65:-60:-55:-50:-45:-40:-35:-30:-25:-20:-15:-10:-5:0:5:10:15:20:25:30:35:40:45:50:55:60:65:70:75:80:85:90:95:100:105:110:115:120,,,,27.448881685543707,-99.06969261840996,30.880241230913487,-95.09194229501549,+proj=laea +lat_0=38 +lon_0=-98 +units=m +a=6370997.0 +ellps=sphere ,384.0,384.0,384000.0,384000.0,0.0,227.0,0.0
R18112406217673,vil/2018/SEVIR_VIL_RANDOMEVENTS_2018_0901_1231.h5,189,vil,2018-11-24 06:21:15,-120:-115:-110:-105:-100:-95:-90:-85:-80:-75:-70:-65:-60:-55:-50:-45:-40:-35:-30:-25:-20:-15:-10:-5:0:5:10:15:20:25:30:35:40:45:50:55:60:65:70:75:80:85:90:95:100:105:110:115:120,,,,33.635397269208234,-84.07106060094344,36.42018521475109,-79.1822322814046,+proj=laea +lat_0=38 +lon_0=-98 +units=m +a=6370997.0 +ellps=sphere ,384.0,384.0,384000.0,384000.0,0.0,161.0,0.0
R18091302028286,vil/2018/SEVIR_VIL_RANDOMEVENTS_2018_0901_1231.h5,209,vil,2018-09-13 02:02:30,-120:-115:-110:-105:-100:-95:-90:-85:-80:-75:-70:-65:-60:-55:-50:-45:-40:-35:-30:-25:-20:-15:-10:-5:0:5:10:15:20:25:30:35:40:45:50:55:60:65:70:75:80:85:90:95:100:105:110:115:120,,,,41.5846466912186,-93.44267835617433,44.75557922981675,-88.3272208009606,+proj=laea +lat_0=38 +lon_0=-98 +units=m +a=6370997.0 +ellps=sphere ,384.0,384.0,384000.0,384000.0,0.0,254.0,0.0
R18090606587610,vil/2018/SEVIR_VIL_RANDOMEVENTS_2018_0901_1231.h5,247,vil,2018-09-06 06:58:45,-120:-115:-110:-105:-100:-95:-90:-85:-80:-75:-70:-65:-60:-55:-50:-45:-40:-35:-30:-25:-20:-15:-10:-5:0:5:10:15:20:25:30:35:40:45:50:55:60:65:70:75:80:85:90:95:100:105:110:115:120,,,,32.433932636868484,-103.0905959174381,35.998711045063885,-99.04477955122124,+proj=laea +lat_0=38 +lon_0=-98 +units=m +a=6370997.0 +ellps=sphere ,384.0,384.0,384000.0,384000.0,0.0,219.0,0.0
R18092308287400,vil/2018/SEVIR_VIL_RANDOMEVENTS_2018_0901_1231.h5,254,vil,2018-09-23 08:28:45,-120:-115:-110:-105:-100:-95:-90:-85:-80:-75:-70:-65:-60:-55:-50:-45:-40:-35:-30:-25:-20:-15:-10:-5:0:5:10:15:20:25:30:35:40:45:50:55:60:65:70:75:80:85:90:95:100:105:110:115:120,,,,27.31173587541485,-96.77049570627396,30.65847546090752,-92.71719408994625,+proj=laea +lat_0=38 +lon_0=-98 +units=m +a=6370997.0 +ellps=sphere ,384.0,384.0,384000.0,384000.0,0.0,243.0,0.0
R18090616228170,vil/2018/SEVIR_VIL_RANDOMEVENTS_2018_0901_1231.h5,287,vil,2018-09-06 16:22:30,-120:-115:-110:-105:-100:-95:-90:-85:-80:-75:-70:-65:-60:-55:-50:-45:-40:-35:-30:-25:-20:-15:-10:-5:0:5:10:15:20:25:30:35:40:45:50:55:60:65:70:75:80:85:90:95:100:105:110:115:120,,,,40.281839148248665,-80.56143124525026,42.85248844026265,-74.9611237553228,+proj=laea +lat_0=38 +lon_0=-98 +units=m +a=6370997.0 +ellps=sphere ,384.0,384.0,384000.0,384000.0,0.0,254.0,0.0
R18113009348053,vil/2018/SEVIR_VIL_RANDOMEVENTS_2018_0901_1231.h5,298,vil,2018-11-30 09:34:35,-120:-115:-110:-105:-100:-95:-90:-85:-80:-75:-70:-65:-60:-55:-50:-45:-40:-35:-30:-25:-20:-15:-10:-5:0:5:10:15:20:25:30:35:40:45:50:55:60:65:70:75:80:85:90:95:100:105:110:115:120,,,,40.18632607599945,-103.07645127993064,43.74770778511128,-98.58438378242865,+proj=laea +lat_0=38 +lon_0=-98 +units=m +a=6370997.0 +ellps=sphere ,384.0,384.0,384000.0,384000.0,0.0,94.0,0.0
R18102003378333,vil/2018/SEVIR_VIL_RANDOMEVENTS_2018_0901_1231.h5,321,vil,2018-10-20 03:37:55,-120:-115:-110:-105:-100:-95:-90:-85:-80:-75:-70:-65:-60:-55:-50:-45:-40:-35:-30:-25:-20:-15:-10:-5:0:5:10:15:20:25:30:35:40:45:50:55:60:65:70:75:80:85:90:95:100:105:110:115:120,,,,42.17058380672776,-93.97226630929036,45.3633011516497,-88.83146698632744,+proj=laea +lat_0=38 +lon_0=-98 +units=m +a=6370997.0 +ellps=sphere ,384.0,384.0,384000.0,384000.0,0.0,118.0,0.0
R18111815287570,vil/2018/SEVIR_VIL_RANDOMEVENTS_2018_0901_1231.h5,334,vil,2018-11-18 15:28:20,-120:-115:-110:-105:-100:-95:-90:-85:-80:-75:-70:-65:-60:-55:-50:-45:-40:-35:-30:-25:-20:-15:-10:-5:0:5:10:15:20:25:30:35:40:45:50:55:60:65:70:75:80:85:90:95:100:105:110:115:120,,,,31.068790003201023,-95.06492021176209,34.33620874428344,-90.76217060343444,+proj=laea +lat_0=38 +lon_0=-98 +units=m +a=6370997.0 +ellps=sphere ,384.0,384.0,384000.0,384000.0,0.0,169.0,0.0
R18092206157943,vil/2018/SEVIR_VIL_RANDOMEVENTS_2018_0901_1231.h5,365,vil,2018-09-22 06:15:25,-120:-115:-110:-105:-100:-95:-90:-85:-80:-75:-70:-65:-60:-55:-50:-45:-40:-35:-30:-25:-20:-15:-10:-5:0:5:10:15:20:25:30:35:40:45:50:55:60:65:70:75:80:85:90:95:100:105:110:115:120,,,,37.42556315937944,-83.24843816770165,40.14763241705572,-78.02725638008302,+proj=laea +lat_0=38 +lon_0=-98 +units=m +a=6370997.0 +ellps=sphere ,384.0,384.0,384000.0,384000.0,0.0,221.0,0.0
R18092206157671,vil/2018/SEVIR_VIL_RANDOMEVENTS_2018_0901_1231.h5,367,vil,2018-09-22 06:15:25,-120:-115:-110:-105:-100:-95:-90:-85:-80:-75:-70:-65:-60:-55:-50:-45:-40:-35:-30:-25:-20:-15:-10:-5:0:5:10:15:20:25:30:35:40:45:50:55:60:65:70:75:80:85:90:95:100:105:110:115:120,,,,32.94965722781658,-94.37993436484128,36.18338840891471,-89.94244969312518,+proj=laea +lat_0=38 +lon_0=-98 +units=m +a=6370997.0 +ellps=sphere ,384.0,384.0,384000.0,384000.0,0.0,243.0,0.0
R18090601548240,vil/2018/SEVIR_VIL_RANDOMEVENTS_2018_0901_1231.h5,391,vil,2018-09-06 01:54:10,-120:-115:-110:-105:-100:-95:-90:-85:-80:-75:-70:-65:-60:-55:-50:-45:-40:-35:-30:-25:-20:-15:-10:-5:0:5:10:15:20:25:30:35:40:45:50:55:60:65:70:75:80:85:90:95:100:105:110:115:120,,,,40.774346560539584,-86.33266167886178,43.62473731447536,-80.94268245739512,+proj=laea +lat_0=38 +lon_0=-98 +units=m +a=6370997.0 +ellps=sphere ,384.0,384.0,384000.0,384000.0,0.0,254.0,0.0
R18093015187460,vil/2018/SEVIR_VIL_RANDOMEVENTS_2018_0901_1231.h5,434,vil,2018-09-30 15:18:20,-120:-115:-110:-105:-100:-95:-90:-85:-80:-75:-70:-65:-60:-55:-50:-45:-40:-35:-30:-25:-20:-15:-10:-5:0:5:10:15:20:25:30:35:40:45:50:55:60:65:70:75:80:85:90:95:100:105:110:115:120,,,,28.76684961919536,-95.72952283497337,32.06848481348591,-91.57069221856707,+proj=laea +lat_0=38 +lon_0=-98 +units=m +a=6370997.0 +ellps=sphere ,384.0,384.0,384000.0,384000.0,0.0,254.0,0.0
R18092218227700,vil/2018/SEVIR_VIL_RANDOMEVENTS_2018_0901_1231.h5,484,vil,2018-09-22 18:22:05,-120:-115:-110:-105:-100:-95:-90:-85:-80:-75:-70:-65:-60:-55:-50:-45:-40:-35:-30:-25:-20:-15:-10:-5:0:5:10:15:20:25:30:35:40:45:50:55:60:65:70:75:80:85:90:95:100:105:110:115:120,,,,33.451994060328545,-93.56040730189724,36.6507427402546,-89.05880444341305,+proj=laea +lat_0=38 +lon_0=-98 +units=m +a=6370997.0 +ellps=sphere ,384.0,384.0,384000.0,384000.0,0.0,254.0,0.0
R18092218227862,vil/2018/SEVIR_VIL_RANDOMEVENTS_2018_0901_1231.h5,485,vil,2018-09-22 18:22:05,-120:-115:-110:-105:-100:-95:-90:-85:-80:-75:-70:-65:-60:-55:-50:-45:-40:-35:-30:-25:-20:-15:-10:-5:0:5:10:15:20:25:30:35:40:45:50:55:60:65:70:75:80:85:90:95:100:105:110:115:120,,,,36.21222951585676,-85.39757769087475,39.04279445236582,-80.36532388821126,+proj=laea +lat_0=38 +lon_0=-98 +units=m +a=6370997.0 +ellps=sphere ,384.0,384.0,384000.0,384000.0,0.0,254.0,0.0
R18092218227111,vil/2018/SEVIR_VIL_RANDOMEVENTS_2018_0901_1231.h5,486,vil,2018-09-22 18:22:05,-120:-115:-110:-105:-100:-95:-90:-85:-80:-75:-70:-65:-60:-55:-50:-45:-40:-35:-30:-25:-20:-15:-10:-5:0:5:10:15:20:25:30:35:40:45:50:55:60:65:70:75:80:85:90:95:100:105:110:115:120,,,,22.96334053703018,-83.74832191424555,25.81083138671081,-79.48390600165544,+proj=laea +lat_0=38 +lon_0=-98 +units=m +a=6370997.0 +ellps=sphere ,384.0,384.0,384000.0,384000.0,0.0,241.0,0.0
R18091406527848,vil/2018/SEVIR_VIL_RANDOMEVENTS_2018_0901_1231.h5,507,vil,2018-09-14 06:52:55,-120:-115:-110:-105:-100:-95:-90:-85:-80:-75:-70:-65:-60:-55:-50:-45:-40:-35:-30:-25:-20:-15:-10:-5:0:5:10:15:20:25:30:35:40:45:50:55:60:65:70:75:80:85:90:95:100:105:110:115:120,,,,37.62239936109176,-105.69917855780024,41.277379035478894,-101.50600524484464,+proj=laea +lat_0=38 +lon_0=-98 +units=m +a=6370997.0 +ellps=sphere ,384.0,384.0,384000.0,384000.0,0.0,198.0,0.0
R18091406527424,vil/2018/SEVIR_VIL_RANDOMEVENTS_2018_0901_1231.h5,511,vil,2018-09-14 06:52:55,-120:-115:-110:-105:-100:-95:-90:-85:-80:-75:-70:-65:-60:-55:-50:-45:-40:-35:-30:-25:-20:-15:-10:-5:0:5:10:15:20:25:30:35:40:45:50:55:60:65:70:75:80:85:90:95:100:105:110:115:120,,,,27.86880151667253,-97.6250644461941,31.245498383545453,-93.5770391682482,+proj=laea +lat_0=38 +lon_0=-98 +units=m +a=6370997.0 +ellps=sphere ,384.0,384.0,384000.0,384000.0,0.0,234.0,0.0
R18111815337447,vil/2018/SEVIR_VIL_RANDOMEVENTS_2018_0901_1231.h5,612,vil,2018-11-18 15:33:20,-120:-115:-110:-105:-100:-95:-90:-85:-80:-75:-70:-65:-60:-55:-50:-45:-40:-35:-30:-25:-20:-15:-10:-5:0:5:10:15:20:25:30:35:40:45:50:55:60:65:70:75:80:85:90:95:100:105:110:115:120,,,,28.401739483004107,-97.75548822798484,31.781482516173984,-93.68790823946186,+proj=laea +lat_0=38 +lon_0=-98 +units=m +a=6370997.0 +ellps=sphere ,384.0,384.0,384000.0,384000.0,0.0,223.0,0.0
R18111904328331,vil/2018/SEVIR_VIL_RANDOMEVENTS_2018_0901_1231.h5,617,vil,2018-11-19 04:32:05,-120:-115:-110:-105:-100:-95:-90:-85:-80:-75:-70:-65:-60:-55:-50:-45:-40:-35:-30:-25:-20:-15:-10:-5:0:5:10:15:20:25:30:35:40:45:50:55:60:65:70:75:80:85:90:95:100:105:110:115:120,,,,41.78443686783372,-88.47675372454835,44.7310807473016,-83.09169828297436,+proj=laea +lat_0=38 +lon_0=-98 +units=m +a=6370997.0 +ellps=sphere ,384.0,384.0,384000.0,384000.0,0.0,72.0,0.0
R18091605098185,vil/2018/SEVIR_VIL_RANDOMEVENTS_2018_0901_1231.h5,643,vil,2018-09-16 05:09:10,-120:-115:-110:-105:-100:-95:-90:-85:-80:-75:-70:-65:-60:-55:-50:-45:-40:-35:-30:-25:-20:-15:-10:-5:0:5:10:15:20:25:30:35:40:45:50:55:60:65:70:75:80:85:90:95:100:105:110:115:120,,,,40.22864696385078,-90.9120263342576,43.29185151459133,-85.79015989397469,+proj=laea +lat_0=38 +lon_0=-98 +units=m +a=6370997.0 +ellps=sphere ,384.0,384.0,384000.0,384000.0,0.0,242.0,0.0
R18091712068169,vil/2018/SEVIR_VIL_RANDOMEVENTS_2018_0901_1231.h5,648,vil,2018-09-17 12:06:40,-120:-115:-110:-105:-100:-95:-90:-85:-80:-75:-70:-65:-60:-55:-50:-45:-40:-35:-30:-25:-20:-15:-10:-5:0:5:10:15:20:25:30:35:40:45:50:55:60:65:70:75:80:85:90:95:100:105:110:115:120,,,,42.38094855676786,-105.12735861186772,46.02012430466032,-100.5972926728292,+proj=laea +lat_0=38 +lon_0=-98 +units=m +a=6370997.0 +ellps=sphere ,384.0,384.0,384000.0,384000.0,0.0,254.0,0.0
R18101404137620,vil/2018/SEVIR_VIL_RANDOMEVENTS_2018_0901_1231.h5,681,vil,2018-10-14 04:13:45,-120:-115:-110:-105:-100:-95:-90:-85:-80:-75:-70:-65:-60:-55:-50:-45:-40:-35:-30:-25:-20:-15:-10:-5:0:5:10:15:20:25:30:35:40:45:50:55:60:65:70:75:80:85:90:95:100:105:110:115:120,,,,32.54224018965516,-86.32305074407431,35.43582855052565,-81.59591232582822,+proj=laea +lat_0=38 +lon_0=-98 +units=m +a=6370997.0 +ellps=sphere ,384.0,384.0,384000.0,384000.0,0.0,163.0,0.0
R18090223037871,vil/2018/SEVIR_VIL_RANDOMEVENTS_2018_0901_1231.h5,688,vil,2018-09-02 23:03:45,-120:-115:-110:-105:-100:-95:-90:-85:-80:-75:-70:-65:-60:-55:-50:-45:-40:-35:-30:-25:-20:-15:-10:-5:0:5:10:15:20:25:30:35:40:45:50:55:60:65:70:75:80:85:90:95:100:105:110:115:120,,,,36.253969883234966,-86.58648019955946,39.13896656460809,-81.60003808410998,+proj=laea +lat_0=38 +lon_0=-98 +units=m +a=6370997.0 +ellps=sphere ,384.0,384.0,384000.0,384000.0,0.0,254.0,0.0
R18090223037563,vil/2018/SEVIR_VIL_RANDOMEVENTS_2018_0901_1231.h5,693,vil,2018-09-02 23:03:45,-120:-115:-110:-105:-100:-95:-90:-85:-80:-75:-70:-65:-60:-55:-50:-45:-40:-35:-30:-25:-20:-15:-10:-5:0:5:10:15:20:25:30:35:40:45:50:55:60:65:70:75:80:85:90:95:100:105:110:115:120,,,,31.95579921896879,-106.17464802239252,35.6274967367585,-102.28300119779529,+proj=laea +lat_0=38 +lon_0=-98 +units=m +a=6370997.0 +ellps=sphere ,384.0,384.0,384000.0,384000.0,0.0,254.0,0.0
R18100708028145,vil/2018/SEVIR_VIL_RANDOMEVENTS_2018_0901_1231.h5,771,vil,2018-10-07 08:02:30,-120:-115:-110:-105:-100:-95:-90:-85:-80:-75:-70:-65:-60:-55:-50:-45:-40:-35:-30:-25:-20:-15:-10:-5:0:5:10:15:20:25:30:35:40:45:50:55:60:65:70:75:80:85:90:95:100:105:110:115:120,,,,39.82172966059488,-83.27662481391296,42.53030498080198,-77.83943700236162,+proj=laea +lat_0=38 +lon_0=-98 +units=m +a=6370997.0 +ellps=sphere ,384.0,384.0,384000.0,384000.0,0.0,239.0,0.0
R18100708027639,vil/2018/SEVIR_VIL_RANDOMEVENTS_2018_0901_1231.h5,773,vil,2018-10-07 08:02:30,-120:-115:-110:-105:-100:-95:-90:-85:-80:-75:-70:-65:-60:-55:-50:-45:-40:-35:-30:-25:-20:-15:-10:-5:0:5:10:15:20:25:30:35:40:45:50:55:60:65:70:75:80:85:90:95:100:105:110:115:120,,,,32.615124677298475,-99.78120964231822,36.059310740743534,-95.58593413251192,+proj=laea +lat_0=38 +lon_0=-98 +units=m +a=6370997.0 +ellps=sphere ,384.0,384.0,384000.0,384000.0,0.0,254.0,0.0
R18120608158717,vil/2018/SEVIR_VIL_RANDOMEVENTS_2018_0901_1231.h5,779,vil,2018-12-06 08:15:50,-120:-115:-110:-105:-100:-95:-90:-85:-80:-75:-70:-65:-60:-55:-50:-45:-40:-35:-30:-25:-20:-15:-10:-5:0:5:10:15:20:25:30:35:40:45:50:55:60:65:70:75:80:85:90:95:100:105:110:115:120,,,,45.574556622989576,-89.39182648817307,48.55025301851688,-83.65041950157584,+proj=laea +lat_0=38 +lon_0=-98 +units=m +a=6370997.0 +ellps=sphere ,384.0,384.0,384000.0,384000.0,0.0,101.0,0.0
R18092406477688,vil/2018/SEVIR_VIL_RANDOMEVENTS_2018_0901_1231.h5,793,vil,2018-09-24 06:47:30,-120:-115:-110:-105:-100:-95:-90:-85:-80:-75:-70:-65:-60:-55:-50:-45:-40:-35:-30:-25:-20:-15:-10:-5:0:5:10:15:20:25:30:35:40:45:50:55:60:65:70:75:80:85:90:95:100:105:110:115:120,,,,33.25723997847784,-92.98939916248656,36.43324605591194,-88.47661089912428,+proj=laea +lat_0=38 +lon_0=-98 +units=m +a=6370997.0 +ellps=sphere ,384.0,384.0,384000.0,384000.0,0.0,221.0,0.0
R18092406477423,vil/2018/SEVIR_VIL_RANDOMEVENTS_2018_0901_1231.h5,797,vil,2018-09-24 06:47:30,-120:-115:-110:-105:-100:-95:-90:-85:-80:-75:-70:-65:-60:-55:-50:-45:-40:-35:-30:-25:-20:-15:-10:-5:0:5:10:15:20:25:30:35:40:45:50:55:60:65:70:75:80:85:90:95:100:105:110:115:120,,,,27.991222198878468,-94.99619108646904,31.267620382155428,-90.84860917191278,+proj=laea +lat_0=38 +lon_0=-98 +units=m +a=6370997.0 +ellps=sphere ,384.0,384.0,384000.0,384000.0,0.0,228.0,0.0
R18091716108167,vil/2018/SEVIR_VIL_RANDOMEVENTS_2018_0901_1231.h5,812,vil,2018-09-17 16:10:50,-120:-115:-110:-105:-100:-95:-90:-85:-80:-75:-70:-65:-60:-55:-50:-45:-40:-35:-30:-25:-20:-15:-10:-5:0:5:10:15:20:25:30:35:40:45:50:55:60:65:70:75:80:85:90:95:100:105:110:115:120,,,,40.12876689663918,-82.2023011749565,42.78257261203287,-76.68831206039646,+proj=laea +lat_0=38 +lon_0=-98 +units=m +a=6370997.0 +ellps=sphere ,384.0,384.0,384000.0,384000.0,0.0,197.0,0.0
R18091909438267,vil/2018/SEVIR_VIL_RANDOMEVENTS_2018_0901_1231.h5,845,vil,2018-09-19 09:43:20,-120:-115:-110:-105:-100:-95:-90:-85:-80:-75:-70:-65:-60:-55:-50:-45:-40:-35:-30:-25:-20:-15:-10:-5:0:5:10:15:20:25:30:35:40:45:50:55:60:65:70:75:80:85:90:95:100:105:110:115:120,,,,41.98468250124085,-98.16927897963969,45.35437879856845,-93.27145767232344,+proj=laea +lat_0=38 +lon_0=-98 +units=m +a=6370997.0 +ellps=sphere ,384.0,384.0,384000.0,384000.0,0.0,254.0,0.0
R18110720417477,vil/2018/SEVIR_VIL_RANDOMEVENTS_2018_0901_1231.h5,893,vil,2018-11-07 20:41:15,-120:-115:-110:-105:-100:-95:-90:-85:-80:-75:-70:-65:-60:-55:-50:-45:-40:-35:-30:-25:-20:-15:-10:-5:0:5:10:15:20:25:30:35:40:45:50:55:60:65:70:75:80:85:90:95:100:105:110:115:120,,,,29.199763038100897,-94.36252134371344,32.44653774502471,-90.13212017854184,+proj=laea +lat_0=38 +lon_0=-98 +units=m +a=6370997.0 +ellps=sphere ,384.0,384.0,384000.0,384000.0,0.0,254.0,0.0
R18090307568136,vil/2018/SEVIR_VIL_RANDOMEVENTS_2018_0901_1231.h5,914,vil,2018-09-03 07:56:15,-120:-115:-110:-105:-100:-95:-90:-85:-80:-75:-70:-65:-60:-55:-50:-45:-40:-35:-30:-25:-20:-15:-10:-5:0:5:10:15:20:25:30:35:40:45:50:55:60:65:70:75:80:85:90:95:100:105:110:115:120,,,,40.34722773277514,-98.2005587692868,43.71944213665368,-93.43621540182508,+proj=laea +lat_0=38 +lon_0=-98 +units=m +a=6370997.0 +ellps=sphere ,384.0,384.0,384000.0,384000.0,0.0,249.0,0.0
R18090307567458,vil/2018/SEVIR_VIL_RANDOMEVENTS_2018_0901_1231.h5,915,vil,2018-09-03 07:56:15,-120:-115:-110:-105:-100:-95:-90:-85:-80:-75:-70:-65:-60:-55:-50:-45:-40:-35:-30:-25:-20:-15:-10:-5:0:5:10:15:20:25:30:35:40:45:50:55:60:65:70:75:80:85:90:95:100:105:110:115:120,,,,28.76431915453761,-94.88038496787291,32.03309645140229,-90.69082107954692,+proj=laea +lat_0=38 +lon_0=-98 +units=m +a=6370997.0 +ellps=sphere ,384.0,384.0,384000.0,384000.0,0.0,227.0,0.0
R18120221257635,vil/2018/SEVIR_VIL_RANDOMEVENTS_2018_0901_1231.h5,936,vil,2018-12-02 21:25:50,-120:-115:-110:-105:-100:-95:-90:-85:-80:-75:-70:-65:-60:-55:-50:-45:-40:-35:-30:-25:-20:-15:-10:-5:0:5:10:15:20:25:30:35:40:45:50:55:60:65:70:75:80:85:90:95:100:105:110:115:120,,,,34.326130011104304,-108.70929167221684,38.08146480561298,-104.8295325074178,+proj=laea +lat_0=38 +lon_0=-98 +units=m +a=6370997.0 +ellps=sphere ,384.0,384.0,384000.0,384000.0,0.0,181.0,0.0
R18112817007381,vil/2018/SEVIR_VIL_RANDOMEVENTS_2018_0901_1231.h5,974,vil,2018-11-28 17:00:25,-120:-115:-110:-105:-100:-95:-90:-85:-80:-75:-70:-65:-60:-55:-50:-45:-40:-35:-30:-25:-20:-15:-10:-5:0:5:10:15:20:25:30:35:40:45:50:55:60:65:70:75:80:85:90:95:100:105:110:115:120,,,,35.06585207844421,-121.794086835479,39.19974146991819,-118.54689734458564,+proj=laea +lat_0=38 +lon_0=-98 +units=m +a=6370997.0 +ellps=sphere ,384.0,384.0,384000.0,384000.0,0.0,186.0,0.0
R18120508127432,vil/2018/SEVIR_VIL_RANDOMEVENTS_2018_0901_1231.h5,984,vil,2018-12-05 08:12:30,-120:-115:-110:-105:-100:-95:-90:-85:-80:-75:-70:-65:-60:-55:-50:-45:-40:-35:-30:-25:-20:-15:-10:-5:0:5:10:15:20:25:30:35:40:45:50:55:60:65:70:75:80:85:90:95:100:105:110:115:120,,,,29.116836513451982,-108.8692738278414,32.87864950213543,-105.19843664125148,+proj=laea +lat_0=38 +lon_0=-98 +units=m +a=6370997.0 +ellps=sphere ,384.0,384.0,384000.0,384000.0,0.0,117.0,0.0
R18102223427425,vil/2018/SEVIR_VIL_RANDOMEVENTS_2018_0901_1231.h5,1021,vil,2018-10-22 23:42:55,-120:-115:-110:-105:-100:-95:-90:-85:-80:-75:-70:-65:-60:-55:-50:-45:-40:-35:-30:-25:-20:-15:-10:-5:0:5:10:15:20:25:30:35:40:45:50:55:60:65:70:75:80:85:90:95:100:105:110:115:120,,,,30.061644284307928,-112.420681610289,33.932236088241794,-108.86549571696372,+proj=laea +lat_0=38 +lon_0=-98 +units=m +a=6370997.0 +ellps=sphere ,384.0,384.0,384000.0,384000.0,0.0,254.0,0.0
R18121722007404,vil/2018/SEVIR_VIL_RANDOMEVENTS_2018_0901_1231.h5,1034,vil,2018-12-17 22:00:50,-120:-115:-110:-105:-100:-95:-90:-85:-80:-75:-70:-65:-60:-55:-50:-45:-40:-35:-30:-25:-20:-15:-10:-5:0:5:10:15:20:25:30:35:40:45:50:55:60:65:70:75:80:85:90:95:100:105:110:115:120,,,,30.93673430279809,-115.66658057624826,34.901752188418705,-112.22673623436395,+proj=laea +lat_0=38 +lon_0=-98 +units=m +a=6370997.0 +ellps=sphere ,384.0,384.0,384000.0,384000.0,0.0,174.0,0.0
R18090501327631,vil/2018/SEVIR_VIL_RANDOMEVENTS_2018_0901_1231.h5,1043,vil,2018-09-05 01:32:05,-120:-115:-110:-105:-100:-95:-90:-85:-80:-75:-70:-65:-60:-55:-50:-45:-40:-35:-30:-25:-20:-15:-10:-5:0:5:10:15:20:25:30:35:40:45:50:55:60:65:70:75:80:85:90:95:100:105:110:115:120,,,,33.24171679300633,-105.01358958804371,36.873017571064175,-101.01343857367677,+proj=laea +lat_0=38 +lon_0=-98 +units=m +a=6370997.0 +ellps=sphere ,384.0,384.0,384000.0,384000.0,0.0,254.0,0.0
R18090501327593,vil/2018/SEVIR_VIL_RANDOMEVENTS_2018_0901_1231.h5,1044,vil,2018-09-05 01:32:05,-120:-115:-110:-105:-100:-95:-90:-85:-80:-75:-70:-65:-60:-55:-50:-45:-40:-35:-30:-25:-20:-15:-10:-5:0:5:10:15:20:25:30:35:40:45:50:55:60:65:70:75:80:85:90:95:100:105:110:115:120,,,,31.90624098053336,-87.97760277176539,34.876211935689604,-83.35450338398981,+proj=laea +lat_0=38 +lon_0=-98 +units=m +a=6370997.0 +ellps=sphere ,384.0,384.0,384000.0,384000.0,0.0,254.0,0.0
R18090501328051,vil/2018/SEVIR_VIL_RANDOMEVENTS_2018_0901_1231.h5,1046,vil,2018-09-05 01:32:05,-120:-115:-110:-105:-100:-95:-90:-85:-80:-75:-70:-65:-60:-55:-50:-45:-40:-35:-30:-25:-20:-15:-10:-5:0:5:10:15:20:25:30:35:40:45:50:55:60:65:70:75:80:85:90:95:100:105:110:115:120,,,,39.60876475549999,-100.59167733741378,43.07577973075047,-96.00720494178871,+proj=laea +lat_0=38 +lon_0=-98 +units=m +a=6370997.0 +ellps=sphere ,384.0,384.0,384000.0,384000.0,0.0,254.0,0.0
R18092920477507,vil/2018/SEVIR_VIL_RANDOMEVENTS_2018_0901_1231.h5,1057,vil,2018-09-29 20:47:30,-120:-115:-110:-105:-100:-95:-90:-85:-80:-75:-70:-65:-60:-55:-50:-45:-40:-35:-30:-25:-20:-15:-10:-5:0:5:10:15:20:25:30:35:40:45:50:55:60:65:70:75:80:85:90:95:100:105:110:115:120,,,,29.775167425846032,-96.10863742088716,33.08776189122035,-91.91371406580365,+proj=laea +lat_0=38 +lon_0=-98 +units=m +a=6370997.0 +ellps=sphere ,384.0,384.0,384000.0,384000.0,0.0,203.0,0.0
R18092920477097,vil/2018/SEVIR_VIL_RANDOMEVENTS_2018_0901_1231.h5,1061,vil,2018-09-29 20:47:30,-120:-115:-110:-105:-100:-95:-90:-85:-80:-75:-70:-65:-60:-55:-50:-45:-40:-35:-30:-25:-20:-15:-10:-5:0:5:10:15:20:25:30:35:40:45:50:55:60:65:70:75:80:85:90:95:100:105:110:115:120,,,,22.66424039892023,-83.5500168992569,25.505656090651,-79.294311380548,+proj=laea +lat_0=38 +lon_0=-98 +units=m +a=6370997.0 +ellps=sphere ,384.0,384.0,384000.0,384000.0,0.0,254.0,0.0
R18110703307625,vil/2018/SEVIR_VIL_RANDOMEVENTS_2018_0901_1231.h5,1077,vil,2018-11-07 03:30:25,-120:-115:-110:-105:-100:-95:-90:-85:-80:-75:-70:-65:-60:-55:-50:-45:-40:-35:-30:-25:-20:-15:-10:-5:0:5:10:15:20:25:30:35:40:45:50:55:60:65:70:75:80:85:90:95:100:105:110:115:120,,,,32.51487986990845,-101.4098753988526,36.01921697648242,-97.28848449527304,+proj=laea +lat_0=38 +lon_0=-98 +units=m +a=6370997.0 +ellps=sphere ,384.0,384.0,384000.0,384000.0,0.0,225.0,0.0
R18091608077890,vil/2018/SEVIR_VIL_RANDOMEVENTS_2018_0901_1231.h5,1080,vil,2018-09-16 08:07:30,-120:-115:-110:-105:-100:-95:-90:-85:-80:-75:-70:-65:-60:-55:-50:-45:-40:-35:-30:-25:-20:-15:-10:-5:0:5:10:15:20:25:30:35:40:45:50:55:60:65:70:75:80:85:90:95:100:105:110:115:120,,,,36.74411130787468,-83.30347903409904,39.47311822010131,-78.14229901844031,+proj=laea +lat_0=38 +lon_0=-98 +units=m +a=6370997.0 +ellps=sphere ,384.0,384.0,384000.0,384000.0,0.0,192.0,0.0
R18120710357630,vil/2018/SEVIR_VIL_RANDOMEVENTS_2018_0901_1231.h5,1137,vil,2018-12-07 10:35:00,-120:-115:-110:-105:-100:-95:-90:-85:-80:-75:-70:-65:-60:-55:-50:-45:-40:-35:-30:-25:-20:-15:-10:-5:0:5:10:15:20:25:30:35:40:45:50:55:60:65:70:75:80:85:90:95:100:105:110:115:120,,,,32.21082044618167,-94.98448659868087,35.471198060905586,-90.61469482540998,+proj=laea +lat_0=38 +lon_0=-98 +units=m +a=6370997.0 +ellps=sphere ,384.0,384.0,384000.0,384000.0,0.0,209.0,0.0
R18101704427720,vil/2018/SEVIR_VIL_RANDOMEVENTS_2018_0901_1231.h5,1152,vil,2018-10-17 04:42:30,-120:-115:-110:-105:-100:-95:-90:-85:-80:-75:-70:-65:-60:-55:-50:-45:-40:-35:-30:-25:-20:-15:-10:-5:0:5:10:15:20:25:30:35:40:45:50:55:60:65:70:75:80:85:90:95:100:105:110:115:120,,,,34.60444491373016,-81.9357174146762,37.282590784766455,-76.89289532748789,+proj=laea +lat_0=38 +lon_0=-98 +units=m +a=6370997.0 +ellps=sphere ,384.0,384.0,384000.0,384000.0,0.0,254.0,0.0
R18090109067905,vil/2018/SEVIR_VIL_RANDOMEVENTS_2018_0901_1231.h5,1165,vil,2018-09-01 09:06:40,-120:-115:-110:-105:-100:-95:-90:-85:-80:-75:-70:-65:-60:-55:-50:-45:-40:-35:-30:-25:-20:-15:-10:-5:0:5:10:15:20:25:30:35:40:45:50:55:60:65:70:75:80:85:90:95:100:105:110:115:120,,,,36.65337642274734,-92.62671814873164,39.80262383721183,-87.87010491230816,+proj=laea +lat_0=38 +lon_0=-98 +units=m +a=6370997.0 +ellps=sphere ,384.0,384.0,384000.0,384000.0,0.0,227.0,0.0
R18090109068170,vil/2018/SEVIR_VIL_RANDOMEVENTS_2018_0901_1231.h5,1168,vil,2018-09-01 09:06:40,-120:-115:-110:-105:-100:-95:-90:-85:-80:-75:-70:-65:-60:-55:-50:-45:-40:-35:-30:-25:-20:-15:-10:-5:0:5:10:15:20:25:30:35:40:45:50:55:60:65:70:75:80:85:90:95:100:105:110:115:120,,,,42.76971759122621,-106.26614809628089,46.45080931203835,-101.77669733296756,+proj=laea +lat_0=38 +lon_0=-98 +units=m +a=6370997.0 +ellps=sphere ,384.0,384.0,384000.0,384000.0,0.0,234.0,0.0
R18112715467101,vil/2018/SEVIR_VIL_RANDOMEVENTS_2018_0901_1231.h5,1196,vil,2018-11-27 15:46:15,-120:-115:-110:-105:-100:-95:-90:-85:-80:-75:-70:-65:-60:-55:-50:-45:-40:-35:-30:-25:-20:-15:-10:-5:0:5:10:15:20:25:30:35:40:45:50:55:60:65:70:75:80:85:90:95:100:105:110:115:120,,,,23.18239861519198,-82.37133716811482,25.968350186847037,-78.05611158229544,+proj=laea +lat_0=38 +lon_0=-98 +units=m +a=6370997.0 +ellps=sphere ,384.0,384.0,384000.0,384000.0,0.0,216.0,0.0
R18100909577852,vil/2018/SEVIR_VIL_RANDOMEVENTS_2018_0901_1231.h5,1297,vil,2018-10-09 09:57:30,-120:-115:-110:-105:-100:-95:-90:-85:-80:-75:-70:-65:-60:-55:-50:-45:-40:-35:-30:-25:-20:-15:-10:-5:0:5:10:15:20:25:30:35:40:45:50:55:60:65:70:75:80:85:90:95:100:105:110:115:120,,,,36.28948999548838,-98.63590386537368,39.6837611875469,-94.177586559482,+proj=laea +lat_0=38 +lon_0=-98 +units=m +a=6370997.0 +ellps=sphere ,384.0,384.0,384000.0,384000.0,0.0,245.0,0.0
R18100607358310,vil/2018/SEVIR_VIL_RANDOMEVENTS_2018_0901_1231.h5,1315,vil,2018-10-06 07:35:00,-120:-115:-110:-105:-100:-95:-90:-85:-80:-75:-70:-65:-60:-55:-50:-45:-40:-35:-30:-25:-20:-15:-10:-5:0:5:10:15:20:25:30:35:40:45:50:55:60:65:70:75:80:85:90:95:100:105:110:115:120,,,,41.58206059170973,-89.26878823630864,44.56613618479656,-83.94239499890784,+proj=laea +lat_0=38 +lon_0=-98 +units=m +a=6370997.0 +ellps=sphere ,384.0,384.0,384000.0,384000.0,0.0,254.0,0.0
R18092910038218,vil/2018/SEVIR_VIL_RANDOMEVENTS_2018_0901_1231.h5,1333,vil,2018-09-29 10:03:45,-120:-115:-110:-105:-100:-95:-90:-85:-80:-75:-70:-65:-60:-55:-50:-45:-40:-35:-30:-25:-20:-15:-10:-5:0:5:10:15:20:25:30:35:40:45:50:55:60:65:70:75:80:85:90:95:100:105:110:115:120,,,,40.8984165279882,-79.16207810712015,43.39304176672044,-73.43848312704397,+proj=laea +lat_0=38 +lon_0=-98 +units=m +a=6370997.0 +ellps=sphere ,384.0,384.0,384000.0,384000.0,0.0,145.0,0.0
R18120200107400,vil/2018/SEVIR_VIL_RANDOMEVENTS_2018_0901_1231.h5,1350,vil,2018-12-02 00:10:00,-120:-115:-110:-105:-100:-95:-90:-85:-80:-75:-70:-65:-60:-55:-50:-45:-40:-35:-31:-25:-20:-15:-10:-5:0:5:10:15:20:25:30:35:40:45:50:55:60:65:70:75:80:85:90:95:100:105:110:115:120,,,,39.65824483791217,-124.82929779685396,43.878748089311216,-121.64909360863804,+proj=laea +lat_0=38 +lon_0=-98 +units=m +a=6370997.0 +ellps=sphere ,384.0,384.0,384000.0,384000.0,0.0,172.0,0.0
R18091605208105,vil/2018/SEVIR_VIL_RANDOMEVENTS_2018_0901_1231.h5,1376,vil,2018-09-16 05:20:25,-120:-115:-110:-105:-100:-95:-90:-85:-80:-75:-70:-65:-60:-55:-50:-45:-40:-35:-30:-25:-20:-15:-10:-5:0:5:10:15:20:25:30:35:40:45:50:55:60:65:70:75:80:85:90:95:100:105:110:115:120,,,,39.952865240243725,-76.9548798898135,42.34037998830689,-71.23713597541011,+proj=laea +lat_0=38 +lon_0=-98 +units=m +a=6370997.0 +ellps=sphere ,384.0,384.0,384000.0,384000.0,0.0,204.0,0.0
R18092820257412,vil/2018/SEVIR_VIL_RANDOMEVENTS_2018_0901_1231.h5,1440,vil,2018-09-28 20:25:00,-120:-115:-110:-105:-100:-95:-90:-85:-80:-75:-70:-65:-60:-55:-50:-45:-40:-35:-30:-25:-20:-15:-10:-5:0:5:10:15:20:25:30:35:40:45:50:55:60:65:70:75:80:85:90:95:100:105:110:115:120,,,,27.61710030778205,-96.62525256044404,30.957209523324863,-92.55297864375228,+proj=laea +lat_0=38 +lon_0=-98 +units=m +a=6370997.0 +ellps=sphere ,384.0,384.0,384000.0,384000.0,0.0,236.0,0.0
R18090223257411,vil/2018/SEVIR_VIL_RANDOMEVENTS_2018_0901_1231.h5,1454,vil,2018-09-02 23:25:00,-120:-115:-110:-105:-100:-95:-90:-85:-80:-75:-70:-65:-60:-55:-50:-45:-40:-35:-30:-25:-20:-15:-10:-5:0:5:10:15:20:25:30:35:40:45:50:55:60:65:70:75:80:85:90:95:100:105:110:115:120,,,,33.17193967541477,-118.55451304059264,37.21856029146695,-115.18922903679542,+proj=laea +lat_0=38 +lon_0=-98 +units=m +a=6370997.0 +ellps=sphere ,384.0,384.0,384000.0,384000.0,0.0,203.0,0.0
R18090223258321,vil/2018/SEVIR_VIL_RANDOMEVENTS_2018_0901_1231.h5,1460,vil,2018-09-02 23:25:00,-120:-115:-110:-105:-100:-95:-90:-85:-80:-75:-70:-65:-60:-55:-50:-45:-40:-35:-30:-25:-20:-15:-10:-5:0:5:10:15:20:25:30:35:40:45:50:55:60:65:70:75:80:85:90:95:100:105:110:115:120,,,,41.79766721078416,-91.23949696673162,44.870611594254,-85.99143609802653,+proj=laea +lat_0=38 +lon_0=-98 +units=m +a=6370997.0 +ellps=sphere ,384.0,384.0,384000.0,384000.0,0.0,254.0,0.0
R18101307177374,vil/2018/SEVIR_VIL_RANDOMEVENTS_2018_0901_1231.h5,1500,vil,2018-10-13 07:17:05,-120:-115:-110:-105:-100:-95:-90:-85:-80:-75:-70:-65:-60:-55:-50:-45:-40:-35:-30:-25:-20:-15:-10:-5:0:5:10:15:20:25:30:35:40:45:50:55:60:65:70:75:80:85:90:95:100:105:110:115:120,,,,31.49034521427521,-118.19209451693888,35.52522216321228,-114.852244463608,+proj=laea +lat_0=38 +lon_0=-98 +units=m +a=6370997.0 +ellps=sphere ,384.0,384.0,384000.0,384000.0,0.0,254.0,0.0
R18091611117566,vil/2018/SEVIR_VIL_RANDOMEVENTS_2018_0901_1231.h5,1529,vil,2018-09-16 11:11:15,-120:-115:-110:-105:-100:-95:-90:-85:-80:-75:-70:-65:-60:-55:-50:-45:-40:-35:-30:-25:-20:-15:-10:-5:0:5:10:15:20:25:30:35:40:45:50:55:60:65:70:75:80:85:90:95:100:105:110:115:120,,,,32.704662201167565,-79.63913268495844,35.28703490220165,-74.65546341546799,+proj=laea +lat_0=38 +lon_0=-98 +units=m +a=6370997.0 +ellps=sphere ,384.0,384.0,384000.0,384000.0,0.0,233.0,0.0
R18091611117633,vil/2018/SEVIR_VIL_RANDOMEVENTS_2018_0901_1231.h5,1531,vil,2018-09-16 11:11:15,-120:-115:-110:-105:-100:-95:-90:-85:-80:-75:-70:-65:-60:-55:-50:-45:-40:-35:-30:-25:-20:-15:-10:-5:0:5:10:15:20:25:30:35:40:45:50:55:60:65:70:75:80:85:90:95:100:105:110:115:120,,,,33.629973592771584,-80.08616159523335,36.22660254177853,-75.0492534302168,+proj=laea +lat_0=38 +lon_0=-98 +units=m +a=6370997.0 +ellps=sphere ,384.0,384.0,384000.0,384000.0,0.0,232.0,0.0
R18113020197664,vil/2018/SEVIR_VIL_RANDOMEVENTS_2018_0901_1231.h5,1538,vil,2018-11-30 20:19:10,-120:-115:-110:-105:-100:-95:-90:-85:-80:-75:-70:-65:-60:-55:-50:-45:-40:-35:-30:-25:-20:-15:-10:-5:0:5:10:15:20:25:30:35:40:45:50:55:60:65:70:75:80:85:90:95:100:105:110:115:120,,,,32.86900566871797,-92.03658953365463,36.00707777088129,-87.50966423357882,+proj=laea +lat_0=38 +lon_0=-98 +units=m +a=6370997.0 +ellps=sphere ,384.0,384.0,384000.0,384000.0,0.0,220.0,0.0
R18092206307773,vil/2018/SEVIR_VIL_RANDOMEVENTS_2018_0901_1231.h5,1602,vil,2018-09-22 06:30:25,-120:-115:-110:-105:-100:-95:-90:-85:-80:-75:-70:-65:-60:-55:-50:-45:-40:-35:-30:-25:-20:-15:-10:-5:0:5:10:15:20:25:30:35:40:45:50:55:60:65:70:75:80:85:90:95:100:105:110:115:120,,,,34.83022655817582,-97.06907420500856,38.16591806064817,-92.63114815691216,+proj=laea +lat_0=38 +lon_0=-98 +units=m +a=6370997.0 +ellps=sphere ,384.0,384.0,384000.0,384000.0,0.0,181.0,0.0
R18092206307772,vil/2018/SEVIR_VIL_RANDOMEVENTS_2018_0901_1231.h5,1604,vil,2018-09-22 06:30:25,-120:-115:-110:-105:-100:-95:-90:-85:-80:-75:-70:-65:-60:-55:-50:-45:-40:-35:-30:-25:-20:-15:-10:-5:0:5:10:15:20:25:30:35:40:45:50:55:60:65:70:75:80:85:90:95:100:105:110:115:120,,,,34.657992036750514,-90.5797932521638,37.727257910647005,-85.8764394783023,+proj=laea +lat_0=38 +lon_0=-98 +units=m +a=6370997.0 +ellps=sphere ,384.0,384.0,384000.0,384000.0,0.0,247.0,0.0
R18092810347495,vil/2018/SEVIR_VIL_RANDOMEVENTS_2018_0901_1231.h5,1685,vil,2018-09-28 10:34:35,-120:-115:-110:-105:-100:-95:-90:-85:-80:-75:-70:-65:-60:-55:-50:-45:-40:-35:-30:-25:-20:-15:-10:-5:0:5:10:15:20:25:30:35:40:45:50:55:60:65:70:75:80:85:90:95:100:105:110:115:120,,,,45.68544551418355,-126.77613230694072,49.977053241149136,-123.57260629442332,+proj=laea +lat_0=38 +lon_0=-98 +units=m +a=6370997.0 +ellps=sphere ,384.0,384.0,384000.0,384000.0,0.0,143.0,0.0
R18093001567472,vil/2018/SEVIR_VIL_RANDOMEVENTS_2018_0901_1231.h5,1705,vil,2018-09-30 01:56:15,-120:-115:-110:-105:-100:-95:-90:-85:-80:-75:-70:-65:-60:-55:-50:-45:-40:-35:-30:-25:-20:-15:-10:-5:0:5:10:15:20:25:30:35:40:45:50:55:60:65:70:75:80:85:90:95:100:105:110:115:120,,,,29.207993404622982,-92.95285327331104,32.398795655530485,-88.67071968683304,+proj=laea +lat_0=38 +lon_0=-98 +units=m +a=6370997.0 +ellps=sphere ,384.0,384.0,384000.0,384000.0,0.0,254.0,0.0
R18091617438488,vil/2018/SEVIR_VIL_RANDOMEVENTS_2018_0901_1231.h5,1709,vil,2018-09-16 17:43:20,-120:-115:-110:-105:-100:-95:-90:-85:-80:-75:-70:-65:-60:-55:-50:-45:-40:-35:-30:-25:-20:-15:-10:-5:0:5:10:15:20:25:30:35:40:45:50:55:60:65:70:75:80:85:90:95:100:105:110:115:120,,,,43.475814281825,-90.03811200914879,46.4887605315414,-84.56217173726961,+proj=laea +lat_0=38 +lon_0=-98 +units=m +a=6370997.0 +ellps=sphere ,384.0,384.0,384000.0,384000.0,0.0,107.0,0.0
R18091617437765,vil/2018/SEVIR_VIL_RANDOMEVENTS_2018_0901_1231.h5,1714,vil,2018-09-16 17:43:20,-120:-115:-110:-105:-100:-95:-90:-85:-80:-75:-70:-65:-60:-55:-50:-45:-40:-35:-30:-25:-20:-15:-10:-5:0:5:10:15:20:25:30:35:40:45:50:55:60:65:70:75:80:85:90:95:100:105:110:115:120,,,,34.91145899084464,-84.76190842077868,37.720216280548456,-79.80508584292672,+proj=laea +lat_0=38 +lon_0=-98 +units=m +a=6370997.0 +ellps=sphere ,384.0,384.0,384000.0,384000.0,0.0,182.0,0.0
R18090806507935,vil/2018/SEVIR_VIL_RANDOMEVENTS_2018_0901_1231.h5,1740,vil,2018-09-08 06:50:00,-120:-115:-110:-105:-100:-95:-90:-85:-80:-75:-70:-65:-60:-55:-50:-45:-40:-35:-30:-25:-20:-15:-10:-5:0:5:10:15:20:25:30:35:40:45:50:55:60:65:70:75:80:85:90:95:100:105:110:115:120,,,,37.07811315232961,-87.57684979393284,40.00405039202485,-82.56696521191314,+proj=laea +lat_0=38 +lon_0=-98 +units=m +a=6370997.0 +ellps=sphere ,384.0,384.0,384000.0,384000.0,0.0,254.0,0.0
R18101609507635,vil/2018/SEVIR_VIL_RANDOMEVENTS_2018_0901_1231.h5,1743,vil,2018-10-16 09:50:00,-120:-115:-110:-105:-100:-95:-90:-85:-80:-75:-70:-65:-60:-55:-50:-45:-40:-35:-30:-25:-20:-15:-10:-5:0:5:10:15:20:25:30:35:40:45:50:55:60:65:70:75:80:85:90:95:100:105:110:115:120,,,,32.310982578940035,-93.8746545923614,35.526511112383986,-89.45474074547148,+proj=laea +lat_0=38 +lon_0=-98 +units=m +a=6370997.0 +ellps=sphere ,384.0,384.0,384000.0,384000.0,0.0,204.0,0.0
R18112104408292,vil/2018/SEVIR_VIL_RANDOMEVENTS_2018_0901_1231.h5,1773,vil,2018-11-21 04:40:25,-120:-115:-110:-105:-100:-95:-90:-85:-80:-75:-70:-65:-60:-55:-50:-45:-40:-35:-30:-25:-20:-15:-10:-5:0:5:10:15:20:25:30:35:40:45:50:55:60:65:70:75:80:85:90:95:100:105:110:115:120,,,,41.614067548636825,-93.04311261085242,44.76748963521512,-87.90435730915291,+proj=laea +lat_0=38 +lon_0=-98 +units=m +a=6370997.0 +ellps=sphere ,384.0,384.0,384000.0,384000.0,0.0,106.0,0.0
R18101316407925,vil/2018/SEVIR_VIL_RANDOMEVENTS_2018_0901_1231.h5,1790,vil,2018-10-13 16:40:00,-120:-115:-110:-105:-100:-95:-90:-85:-80:-75:-70:-65:-60:-55:-50:-45:-40:-35:-30:-25:-20:-15:-10:-5:0:5:10:15:20:25:30:35:40:45:50:55:60:65:70:75:80:85:90:95:100:105:110:115:120,,,,39.16016978734531,-106.41320609703725,42.84137478212556,-102.16848013354635,+proj=laea +lat_0=38 +lon_0=-98 +units=m +a=6370997.0 +ellps=sphere ,384.0,384.0,384000.0,384000.0,0.0,123.0,0.0
R18091211587781,vil/2018/SEVIR_VIL_RANDOMEVENTS_2018_0901_1231.h5,1824,vil,2018-09-12 11:58:20,-120:-115:-110:-105:-100:-95:-90:-85:-80:-75:-70:-65:-60:-55:-50:-45:-40:-35:-30:-25:-20:-15:-10:-5:0:5:10:15:20:25:30:35:40:45:50:55:60:65:70:75:80:85:90:95:100:105:110:115:120,,,,35.69776167532103,-80.00943441589337,38.274718273330826,-74.80526660029152,+proj=laea +lat_0=38 +lon_0=-98 +units=m +a=6370997.0 +ellps=sphere ,384.0,384.0,384000.0,384000.0,0.0,215.0,0.0
R18091211587342,vil/2018/SEVIR_VIL_RANDOMEVENTS_2018_0901_1231.h5,1828,vil,2018-09-12 11:58:20,-120:-115:-110:-105:-100:-95:-90:-85:-80:-75:-70:-65:-60:-55:-50:-45:-40:-35:-30:-25:-20:-15:-10:-5:0:5:10:15:20:25:30:35:40:45:50:55:60:65:70:75:80:85:90:95:100:105:110:115:120,,,,25.71634995473402,-98.72450468362295,29.1411961084537,-94.80654810441234,+proj=laea +lat_0=38 +lon_0=-98 +units=m +a=6370997.0 +ellps=sphere ,384.0,384.0,384000.0,384000.0,0.0,228.0,0.0
R18120711557635,vil/2018/SEVIR_VIL_RANDOMEVENTS_2018_0901_1231.h5,1833,vil,2018-12-07 11:55:50,-120:-115:-110:-105:-100:-95:-90:-85:-80:-75:-70:-65:-60:-55:-50:-45:-40:-35:-30:-25:-20:-15:-10:-5:0:5:10:15:20:25:30:35:40:45:50:55:60:65:70:75:80:85:90:95:100:105:110:115:120,,,,32.39740975027352,-91.1834466770348,35.501839107911124,-86.65218254380297,+proj=laea +lat_0=38 +lon_0=-98 +units=m +a=6370997.0 +ellps=sphere ,384.0,384.0,384000.0,384000.0,0.0,197.0,0.0
R18120914328144,vil/2018/SEVIR_VIL_RANDOMEVENTS_2018_0901_1231.h5,1924,vil,2018-12-09 14:32:05,-120:-115:-110:-105:-100:-95:-90:-85:-80:-75:-70:-65:-60:-55:-50:-45:-40:-35:-30:-25:-20:-15:-10:-5:0:5:10:15:20:25:30:35:40:45:50:55:60:65:70:75:80:85:90:95:100:105:110:115:120,,,,40.02705526898729,-80.25392283117344,42.583989293403256,-74.66595490705046,+proj=laea +lat_0=38 +lon_0=-98 +units=m +a=6370997.0 +ellps=sphere ,384.0,384.0,384000.0,384000.0,0.0,98.0,0.0
R18121913497666,vil/2018/SEVIR_VIL_RANDOMEVENTS_2018_0901_1231.h5,1953,vil,2018-12-19 13:49:35,-120:-115:-110:-105:-100:-95:-90:-85:-80:-75:-70:-65:-60:-55:-50:-45:-40:-35:-30:-25:-20:-15:-10:-5:0:5:10:15:20:25:30:35:40:45:50:55:60:65:70:75:80:85:90:95:100:105:110:115:120,,,,32.8947759661972,-95.74204778420746,36.18308422495335,-91.36348891029822,+proj=laea +lat_0=38 +lon_0=-98 +units=m +a=6370997.0 +ellps=sphere ,384.0,384.0,384000.0,384000.0,0.0,196.0,0.0
R18112514418139,vil/2018/SEVIR_VIL_RANDOMEVENTS_2018_0901_1231.h5,1988,vil,2018-11-25 14:41:15,-120:-115:-110:-105:-100:-95:-90:-85:-80:-75:-70:-65:-60:-55:-50:-45:-40:-35:-30:-25:-20:-15:-10:-5:0:5:10:15:20:25:30:35:40:45:50:55:60:65:70:75:80:85:90:95:100:105:110:115:120,,,,39.67612140530905,-84.98207344998835,42.467909236486655,-79.63417800909359,+proj=laea +lat_0=38 +lon_0=-98 +units=m +a=6370997.0 +ellps=sphere ,384.0,384.0,384000.0,384000.0,0.0,84.0,0.0
R18091714088614,vil/2018/SEVIR_VIL_RANDOMEVENTS_2018_0901_1231.h5,2037,vil,2018-09-17 14:08:20,-120:-115:-110:-105:-100:-95:-90:-85:-80:-75:-70:-65:-60:-55:-50:-45:-40:-35:-30:-25:-20:-15:-10:-5:0:5:10:15:20:25:30:35:40:45:50:55:60:65:70:75:80:85:90:95:100:105:110:115:120,,,,45.14975547355567,-94.46061414355684,48.35872316362165,-89.05476219109836,+proj=laea +lat_0=38 +lon_0=-98 +units=m +a=6370997.0 +ellps=sphere ,384.0,384.0,384000.0,384000.0,0.0,119.0,0.0
R18091714087794,vil/2018/SEVIR_VIL_RANDOMEVENTS_2018_0901_1231.h5,2043,vil,2018-09-17 14:08:20,-120:-115:-110:-105:-100:-95:-90:-85:-80:-75:-70:-65:-60:-55:-50:-45:-40:-35:-30:-25:-20:-15:-10:-5:0:5:10:15:20:25:30:35:40:45:50:55:60:65:70:75:80:85:90:95:100:105:110:115:120,,,,35.80523415418961,-80.53000030104737,38.40687614119003,-75.33694959744024,+proj=laea +lat_0=38 +lon_0=-98 +units=m +a=6370997.0 +ellps=sphere ,384.0,384.0,384000.0,384000.0,0.0,243.0,0.0
R18090208187498,vil/2018/SEVIR_VIL_RANDOMEVENTS_2018_0901_1231.h5,2045,vil,2018-09-02 08:18:20,-120:-115:-110:-105:-100:-95:-90:-85:-80:-75:-70:-65:-60:-55:-50:-45:-40:-35:-30:-25:-20:-15:-10:-5:0:5:10:15:20:25:30:35:40:45:50:55:60:65:70:75:80:85:90:95:100:105:110:115:120,,,,29.91745483089077,-103.49997977084844,33.50025666866297,-99.58423780774652,+proj=laea +lat_0=38 +lon_0=-98 +units=m +a=6370997.0 +ellps=sphere ,384.0,384.0,384000.0,384000.0,0.0,237.0,0.0
R18090208188283,vil/2018/SEVIR_VIL_RANDOMEVENTS_2018_0901_1231.h5,2050,vil,2018-09-02 08:18:20,-120:-115:-110:-105:-100:-95:-90:-85:-80:-75:-70:-65:-60:-55:-50:-45:-40:-35:-30:-25:-20:-15:-10:-5:0:5:10:15:20:25:30:35:40:45:50:55:60:65:70:75:80:85:90:95:100:105:110:115:120,,,,41.28318307440916,-89.00738990552686,44.2563580053957,-83.69663577892277,+proj=laea +lat_0=38 +lon_0=-98 +units=m +a=6370997.0 +ellps=sphere ,384.0,384.0,384000.0,384000.0,0.0,254.0,0.0
R18111600267840,vil/2018/SEVIR_VIL_RANDOMEVENTS_2018_0901_1231.h5,2075,vil,2018-11-16 00:26:15,-120:-115:-110:-105:-100:-95:-90:-85:-80:-75:-70:-65:-60:-55:-50:-45:-40:-35:-30:-25:-20:-15:-10:-5:0:5:10:15:20:25:30:35:40:45:50:55:60:65:70:75:80:85:90:95:100:105:110:115:120,,,,36.78339316505637,-77.82739490200491,39.24277226623342,-72.44641986226114,+proj=laea +lat_0=38 +lon_0=-98 +units=m +a=6370997.0 +ellps=sphere ,384.0,384.0,384000.0,384000.0,0.0,192.0,0.0
R18092114077683,vil/2018/SEVIR_VIL_RANDOMEVENTS_2018_0901_1231.h5,2086,vil,2018-09-21 14:07:30,-120:-115:-110:-105:-100:-95:-90:-85:-80:-75:-70:-65:-60:-55:-50:-45:-40:-35:-30:-25:-20:-15:-10:-5:0:5:10:15:20:25:30:35:40:45:50:55:60:65:70:75:80:85:90:95:100:105:110:115:120,,,,34.06772027608972,-103.77722161951316,37.655249604961135,-99.681306912392,+proj=laea +lat_0=38 +lon_0=-98 +units=m +a=6370997.0 +ellps=sphere ,384.0,384.0,384000.0,384000.0,0.0,208.0,0.0
R18102203277356,vil/2018/SEVIR_VIL_RANDOMEVENTS_2018_0901_1231.h5,2115,vil,2018-10-22 03:27:05,-120:-115:-110:-105:-100:-95:-90:-85:-80:-75:-70:-65:-60:-55:-50:-45:-40:-35:-30:-25:-20:-15:-10:-5:0:5:10:15:20:25:30:35:40:45:50:55:60:65:70:75:80:85:90:95:100:105:110:115:120,,,,36.0315978507346,-123.43362230428892,40.20790224760773,-120.25381348848605,+proj=laea +lat_0=38 +lon_0=-98 +units=m +a=6370997.0 +ellps=sphere ,384.0,384.0,384000.0,384000.0,0.0,254.0,0.0
R18090216437446,vil/2018/SEVIR_VIL_RANDOMEVENTS_2018_0901_1231.h5,2165,vil,2018-09-02 16:43:45,-120:-115:-110:-105:-100:-95:-90:-85:-80:-75:-70:-65:-60:-55:-50:-45:-40:-35:-30:-25:-20:-15:-10:-5:0:5:10:15:20:25:30:35:40:45:50:55:60:65:70:75:80:85:90:95:100:105:110:115:120,,,,28.40032592964441,-97.38872471657596,31.766343154680936,-93.30782688863655,+proj=laea +lat_0=38 +lon_0=-98 +units=m +a=6370997.0 +ellps=sphere ,384.0,384.0,384000.0,384000.0,0.0,234.0,0.0
R18100213517876,vil/2018/SEVIR_VIL_RANDOMEVENTS_2018_0901_1231.h5,2174,vil,2018-10-02 13:51:15,-120:-115:-110:-105:-100:-95:-90:-85:-80:-75:-70:-65:-60:-55:-50:-45:-40:-35:-30:-25:-20:-15:-10:-5:0:5:10:15:20:25:30:35:40:45:50:55:60:65:70:75:80:85:90:95:100:105:110:115:120,,,,36.605925706668586,-98.14562744661252,39.980561482691776,-93.644122696358,+proj=laea +lat_0=38 +lon_0=-98 +units=m +a=6370997.0 +ellps=sphere ,384.0,384.0,384000.0,384000.0,0.0,134.0,0.0
R18122218458403,vil/2018/SEVIR_VIL_RANDOMEVENTS_2018_0901_1231.h5,2200,vil,2018-12-22 18:45:25,-120:-115:-110:-105:-100:-95:-90:-85:-80:-75:-70:-65:-60:-55:-50:-45:-40:-35:-30:-25:-20:-15:-10:-5:0:5:10:15:20:25:30:35:40:45:50:55:60:65:70:75:80:85:90:95:100:105:110:115:120,,,,43.26856483437784,-73.64618014372047,45.446302850358784,-67.42081365188139,+proj=laea +lat_0=38 +lon_0=-98 +units=m +a=6370997.0 +ellps=sphere ,384.0,384.0,384000.0,384000.0,0.0,142.0,0.0
R18103009388404,vil/2018/SEVIR_VIL_RANDOMEVENTS_2018_0901_1231.h5,2204,vil,2018-10-30 09:38:45,-120:-115:-110:-105:-100:-95:-90:-85:-80:-75:-70:-65:-60:-55:-50:-45:-40:-35:-30:-25:-20:-15:-10:-5:0:5:10:15:20:25:30:35:40:45:50:55:60:65:70:75:80:85:90:95:100:105:110:115:120,,,,42.810913865402505,-78.15330543945241,45.23772767943578,-72.17554790663901,+proj=laea +lat_0=38 +lon_0=-98 +units=m +a=6370997.0 +ellps=sphere ,384.0,384.0,384000.0,384000.0,0.0,137.0,0.0
S827642,vis/2019/SEVIR_VIS_STORMEVENTS_2019_0501_0531.h5,6,vis,2019-05-15 22:56:00,-122:-117:-112:-107:-102:-97:-92:-87:-82:-77:-72:-67:-62:-57:-52:-47:-42:-37:-32:-27:-22:-17:-12:-7:-2:3:8:13:18:23:28:33:38:43:48:53:58:63:68:73:78:83:88:93:98:103:108:113:118,137767.0,827642.0,Hail,24.578159866425565,-82.53391948994094,27.359585255955487,-78.15216605095236,+proj=laea +lat_0=38 +lon_0=-98 +units=m +a=6370997.0 +ellps=sphere ,768.0,768.0,384000.0,384000.0,-0.0030759386718273,0.9606582522392272,0.0
S815938,vis/2019/SEVIR_VIS_STORMEVENTS_2019_0501_0531.h5,13,vis,2019-05-28 07:27:00,-123:-118:-113:-108:-103:-98:-93:-88:-83:-78:-73:-68:-63:-58:-53:-48:-43:-38:-33:-28:-23:-18:-13:-8:-3:2:7:12:17:22:27:32:37:42:47:52:57:62:67:72:77:82:87:92:97:102:107:112:117,135977.0,815938.0,Hail,37.854943255218245,-106.99508489251868,41.555083447941605,-102.8561388213954,+proj=laea +lat_0=38 +lon_0=-98 +units=m +a=6370997.0 +ellps=sphere ,768.0,768.0,384000.0,384000.0,-0.0033993732649832,0.0038654780946671,0.0
S817190,vis/2019/SEVIR_VIS_STORMEVENTS_2019_0501_0531.h5,15,vis,2019-05-23 21:24:00,-120:-115:-110:-105:-100:-95:-90:-85:-80:-75:-70:-65:-60:-55:-50:-45:-40:-35:-30:-25:-20:-15:-10:-5:0:5:10:15:20:25:30:35:40:45:50:55:60:65:70:75:80:85:90:95:100:105:110:115:120,136185.0,817190.0,Thunderstorm Wind,37.753175901261336,-86.58538266736696,40.6303988245809,-81.47755953014197,+proj=laea +lat_0=38 +lon_0=-98 +units=m +a=6370997.0 +ellps=sphere ,768.0,768.0,384000.0,384000.0,0.0115437880158424,1.0553849935531616,0.0
S824296,vis/2019/SEVIR_VIS_STORMEVENTS_2019_0501_0531.h5,16,vis,2019-05-07 19:40:00,-121:-116:-111:-106:-101:-96:-91:-86:-81:-76:-71:-66:-61:-56:-51:-46:-41:-36:-31:-26:-21:-16:-11:-6:-1:4:9:14:19:24:29:34:39:44:49:54:59:64:69:74:79:84:89:94:99:104:109:114:119,137328.0,824296.0,Hail,29.03357568515675,-98.08203446372296,32.42346580283645,-93.99717066825104,+proj=laea +lat_0=38 +lon_0=-98 +units=m +a=6370997.0 +ellps=sphere ,768.0,768.0,384000.0,384000.0,0.0239736046642065,1.2082935571670532,0.0
S831590,vis/2019/SEVIR_VIS_STORMEVENTS_2019_0501_0531.h5,23,vis,2019-05-07 02:07:00,-123:-118:-113:-108:-103:-98:-93:-88:-83:-78:-73:-68:-63:-58:-53:-48:-43:-38:-33:-28:-23:-18:-13:-8:-3:2:7:12:17:22:27:32:37:42:47:52:57:62:67:72:77:82:87:92:97:102:107:112:117,138314.0,831590.0,Flood,36.34679366068965,-121.08130865608013,40.46576683692145,-117.76330421870146,+proj=laea +lat_0=38 +lon_0=-98 +units=m +a=6370997.0 +ellps=sphere ,768.0,768.0,384000.0,384000.0,-0.0033632258418947,0.6873682141304016,0.0
S830464,vis/2019/SEVIR_VIS_STORMEVENTS_2019_0501_0531.h5,35,vis,2019-05-10 03:25:00,-121:-116:-111:-106:-101:-96:-91:-86:-81:-76:-71:-66:-61:-56:-51:-46:-41:-36:-31:-26:-21:-16:-11:-6:-1:4:9:14:19:24:29:34:39:44:49:54:59:64:69:74:79:84:89:94:99:104:109:114:119,137256.0,830464.0,Flash Flood,28.237520440897327,-97.32870551834472,31.60184782722301,-93.25315835353588,+proj=laea +lat_0=38 +lon_0=-98 +units=m +a=6370997.0 +ellps=sphere ,768.0,768.0,384000.0,384000.0,-0.0033376575447618,0.0105705428868532,0.0
S814193,vis/2019/SEVIR_VIS_STORMEVENTS_2019_0501_0531.h5,41,vis,2019-05-19 22:40:00,-121:-116:-111:-106:-101:-96:-91:-86:-81:-76:-71:-66:-61:-56:-51:-46:-41:-36:-31:-26:-21:-16:-11:-6:-1:4:9:14:19:24:29:34:39:44:49:54:59:64:69:74:79:84:89:94:99:104:109:114:119,135691.0,814193.0,Thunderstorm Wind,34.09677589666874,-121.70385867180498,38.226387805144455,-118.47411819457706,+proj=laea +lat_0=38 +lon_0=-98 +units=m +a=6370997.0 +ellps=sphere ,768.0,768.0,384000.0,384000.0,0.0016813916154205,0.986544907093048,0.0
S827498,vis/2019/SEVIR_VIS_STORMEVENTS_2019_0501_0531.h5,42,vis,2019-05-20 23:40:00,-121:-116:-111:-106:-101:-96:-91:-86:-81:-76:-71:-66:-61:-56:-51:-46:-41:-36:-31:-26:-21:-16:-11:-6:-1:4:9:14:19:24:29:34:39:44:49:54:59:64:69:74:79:84:89:94:99:104:109:114:119,137355.0,827498.0,Thunderstorm Wind,35.735175257149194,-96.05025561708952,39.0282959512168,-91.50977572098894,+proj=laea +lat_0=38 +lon_0=-98 +units=m +a=6370997.0 +ellps=sphere ,768.0,768.0,384000.0,384000.0,-0.0026916745118796,0.9944204092025756,0.0
S829658,vis/2019/SEVIR_VIS_STORMEVENTS_2019_0501_0531.h5,44,vis,2019-05-06 20:49:00,-120:-115:-110:-105:-100:-95:-90:-85:-80:-75:-70:-65:-60:-55:-50:-45:-40:-35:-30:-25:-20:-15:-10:-5:0:5:10:15:20:25:30:35:40:45:50:55:60:65:70:75:80:85:90:95:100:105:110:115:120,137702.0,829658.0,Thunderstorm Wind,37.80571512818269,-99.8441273185942,41.24496842104218,-95.34526246067404,+proj=laea +lat_0=38 +lon_0=-98 +units=m +a=6370997.0 +ellps=sphere ,768.0,768.0,384000.0,384000.0,0.0187921579927206,1.2135462760925293,0.0
S828275,vis/2019/SEVIR_VIS_STORMEVENTS_2019_0501_0531.h5,54,vis,2019-05-09 00:15:00,-121:-116:-111:-106:-101:-96:-91:-86:-81:-76:-71:-66:-61:-56:-51:-46:-41:-36:-31:-26:-21:-16:-11:-6:-1:4:9:14:19:24:29:34:39:44:49:54:59:64:69:74:79:84:89:94:99:104:109:114:119,136978.0,828275.0,Thunderstorm Wind,30.801769556568928,-93.52540985702382,34.008889970176874,-89.17825147866773,+proj=laea +lat_0=38 +lon_0=-98 +units=m +a=6370997.0 +ellps=sphere ,768.0,768.0,384000.0,384000.0,-0.0031957724131643,0.8590819835662842,0.0
S823822,vis/2019/SEVIR_VIS_STORMEVENTS_2019_0501_0531.h5,59,vis,2019-05-20 18:19:00,-120:-115:-110:-105:-100:-95:-90:-85:-80:-75:-70:-65:-60:-55:-50:-45:-40:-35:-30:-25:-20:-15:-10:-5:0:5:10:15:20:25:30:35:40:45:50:55:60:65:70:75:80:85:90:95:100:105:110:115:120,137246.0,823822.0,Hail,35.04672184708718,-97.1434403665886,38.3848691598246,-92.69542185045572,+proj=laea +lat_0=38 +lon_0=-98 +units=m +a=6370997.0 +ellps=sphere ,768.0,768.0,384000.0,384000.0,0.0361116267740726,1.2085920572280884,0.0
S819453,vis/2019/SEVIR_VIS_STORMEVENTS_2019_0501_0531.h5,61,vis,2019-05-07 22:00:00,-121:-116:-111:-106:-101:-96:-91:-86:-81:-76:-71:-66:-61:-56:-51:-46:-41:-36:-31:-26:-21:-16:-11:-6:-1:4:9:14:19:24:29:34:39:44:49:54:59:64:69:74:79:84:89:94:99:104:109:114:119,136571.0,819453.0,Tornado,40.43457983752693,-116.24330982070973,44.43360556380287,-112.49985699373708,+proj=laea +lat_0=38 +lon_0=-98 +units=m +a=6370997.0 +ellps=sphere ,768.0,768.0,384000.0,384000.0,0.0205701012164354,1.0413738489151,0.0
S817502,vis/2019/SEVIR_VIS_STORMEVENTS_2019_0501_0531.h5,62,vis,2019-05-17 00:51:00,-122:-117:-112:-107:-102:-97:-92:-87:-82:-77:-72:-67:-62:-57:-52:-47:-42:-37:-32:-27:-22:-17:-12:-7:-2:3:8:13:18:23:28:33:38:43:48:53:58:63:68:73:78:83:88:93:98:103:108:113:118,136229.0,817502.0,Hail,30.52520796777751,-106.11845950038344,34.196256634409785,-102.28362768830284,+proj=laea +lat_0=38 +lon_0=-98 +units=m +a=6370997.0 +ellps=sphere ,768.0,768.0,384000.0,384000.0,-0.0029108172748237,0.7948259115219116,0.0
S827358,vis/2019/SEVIR_VIS_STORMEVENTS_2019_0501_0531.h5,65,vis,2019-05-07 20:13:00,-119:-114:-109:-104:-99:-94:-89:-84:-79:-74:-69:-64:-59:-54:-49:-44:-39:-34:-29:-24:-19:-14:-9:-4:1:6:11:16:21:26:31:36:41:46:51:56:61:66:71:76:81:86:91:96:101:106:111:116:121,137560.0,827358.0,Thunderstorm Wind,25.28168790168793,-82.3722255065872,28.05020779584945,-77.94821840827775,+proj=laea +lat_0=38 +lon_0=-98 +units=m +a=6370997.0 +ellps=sphere ,768.0,768.0,384000.0,384000.0,0.0104325041174888,1.2334439754486084,0.0
S824376,vis/2019/SEVIR_VIS_STORMEVENTS_2019_0501_0531.h5,66,vis,2019-05-29 01:22:00,-123:-118:-113:-108:-103:-98:-93:-88:-83:-78:-73:-68:-63:-58:-53:-48:-43:-38:-33:-28:-23:-18:-13:-8:-3:2:7:12:17:22:27:32:37:42:47:52:57:62:67:72:77:82:87:92:97:102:107:112:117,137341.0,824376.0,Hail,38.885243316185296,-92.61198911014873,42.02708730640674,-87.68438222048289,+proj=laea +lat_0=38 +lon_0=-98 +units=m +a=6370997.0 +ellps=sphere ,768.0,768.0,384000.0,384000.0,-0.0034212961327284,0.5771082043647766,0.0
S825747,vis/2019/SEVIR_VIS_STORMEVENTS_2019_0501_0531.h5,67,vis,2019-05-07 00:34:00,-120:-115:-110:-105:-100:-95:-90:-85:-80:-75:-70:-65:-60:-55:-50:-45:-40:-35:-30:-25:-20:-15:-10:-5:0:5:10:15:20:25:30:35:40:45:50:55:60:65:70:75:80:85:90:95:100:105:110:115:120,137486.0,825747.0,Hail,33.36215697908116,-104.00897081582268,36.958387843722186,-99.95841645140722,+proj=laea +lat_0=38 +lon_0=-98 +units=m +a=6370997.0 +ellps=sphere ,768.0,768.0,384000.0,384000.0,-0.0033785705454647,0.9678059220314026,0.0
S813578,vis/2019/SEVIR_VIS_STORMEVENTS_2019_0501_0531.h5,69,vis,2019-05-14 16:51:00,-122:-117:-112:-107:-102:-97:-92:-87:-82:-77:-72:-67:-62:-57:-52:-47:-42:-37:-32:-27:-22:-17:-12:-7:-2:3:8:13:18:23:28:33:38:43:48:53:58:63:68:73:78:83:88:93:98:103:108:113:118,135606.0,813578.0,Thunderstorm Wind,26.95536760136128,-83.73072053356306,29.770975288329375,-79.25721352398334,+proj=laea +lat_0=38 +lon_0=-98 +units=m +a=6370997.0 +ellps=sphere ,768.0,768.0,384000.0,384000.0,0.0293786060065031,1.232033371925354,0.0
S813123,vis/2019/SEVIR_VIS_STORMEVENTS_2019_0501_0531.h5,71,vis,2019-05-02 18:33:00,-119:-114:-109:-104:-99:-94:-89:-84:-79:-74:-69:-64:-59:-54:-49:-44:-39:-34:-29:-24:-19:-14:-9:-4:1:6:11:16:21:26:31:36:41:46:51:56:61:66:71:76:81:86:91:96:101:106:111:116:121,135544.0,813123.0,Tornado,33.31696118245652,-94.32118724456534,36.54711423976988,-89.85912475601955,+proj=laea +lat_0=38 +lon_0=-98 +units=m +a=6370997.0 +ellps=sphere ,768.0,768.0,384000.0,384000.0,0.0377131290733814,1.2256584167480469,0.002351894940919
S829927,vis/2019/SEVIR_VIS_STORMEVENTS_2019_0501_0531.h5,74,vis,2019-05-19 19:55:00,-121:-116:-111:-106:-101:-96:-91:-86:-81:-76:-71:-66:-61:-56:-51:-46:-41:-36:-31:-26:-21:-16:-11:-6:-1:4:9:14:19:24:29:34:39:44:49:54:59:64:69:74:79:84:89:94:99:104:109:114:119,138056.0,829927.0,Hail,29.20053668584813,-95.34933673608124,32.485847087401744,-91.15510045132636,+proj=laea +lat_0=38 +lon_0=-98 +units=m +a=6370997.0 +ellps=sphere ,768.0,768.0,384000.0,384000.0,0.0250795893371105,1.1653372049331665,0.0
S817783,vis/2019/SEVIR_VIS_STORMEVENTS_2019_0501_0531.h5,85,vis,2019-05-19 22:04:00,-120:-115:-110:-105:-100:-95:-90:-85:-80:-75:-70:-65:-60:-55:-50:-45:-40:-35:-30:-25:-20:-15:-10:-5:0:5:10:15:20:25:30:35:40:45:50:55:60:65:70:75:80:85:90:95:100:105:110:115:120,136276.0,817783.0,Thunderstorm Wind,36.12999589480837,-84.12393943577692,38.90164472244055,-79.04638974196969,+proj=laea +lat_0=38 +lon_0=-98 +units=m +a=6370997.0 +ellps=sphere ,768.0,768.0,384000.0,384000.0,0.0034089754335582,1.006524682044983,0.0
S813512,vis/2019/SEVIR_VIS_STORMEVENTS_2019_0501_0531.h5,90,vis,2019-05-17 22:41:00,-122:-117:-112:-107:-102:-97:-92:-87:-82:-77:-72:-67:-62:-57:-52:-47:-42:-37:-32:-27:-22:-17:-12:-7:-2:3:8:13:18:23:28:33:38:43:48:53:58:63:68:73:78:83:88:93:98:103:108:113:118,135592.0,813512.0,Hail,38.78299619247945,-105.30175711699492,42.42464576197696,-101.01997090252397,+proj=laea +lat_0=38 +lon_0=-98 +units=m +a=6370997.0 +ellps=sphere ,768.0,768.0,384000.0,384000.0,0.0146359112113714,1.0439391136169434,0.0
S828776,vis/2019/SEVIR_VIS_STORMEVENTS_2019_0501_0531.h5,100,vis,2019-05-23 10:28:00,-119:-114:-109:-104:-99:-94:-89:-84:-79:-74:-69:-64:-59:-54:-49:-44:-39:-34:-29:-24:-19:-14:-9:-4:1:6:11:16:21:26:31:36:41:46:51:56:61:66:71:76:81:86:91:96:101:106:111:116:121,137897.0,828776.0,Thunderstorm Wind,39.63257068786472,-86.58638441861766,42.500492779589294,-81.31477963689879,+proj=laea +lat_0=38 +lon_0=-98 +units=m +a=6370997.0 +ellps=sphere ,768.0,768.0,384000.0,384000.0,-0.0028925579972565,0.8237864971160889,0.0
S822130,vis/2019/SEVIR_VIS_STORMEVENTS_2019_0501_0531.h5,105,vis,2019-05-17 02:38:00,-119:-114:-109:-104:-99:-94:-89:-84:-79:-74:-69:-64:-59:-54:-49:-44:-39:-34:-29:-24:-19:-14:-9:-4:1:6:11:16:21:26:31:36:41:46:51:56:61:66:71:76:81:86:91:96:101:106:111:116:121,137003.0,822130.0,Thunderstorm Wind,39.844449564480016,-96.5945240479622,43.1519117300718,-91.78645096106273,+proj=laea +lat_0=38 +lon_0=-98 +units=m +a=6370997.0 +ellps=sphere ,768.0,768.0,384000.0,384000.0,-0.0033418680541217,0.5271955728530884,0.0
S811216,vis/2019/SEVIR_VIS_STORMEVENTS_2019_0501_0531.h5,130,vis,2019-05-02 18:45:00,-121:-116:-111:-106:-101:-96:-91:-86:-81:-76:-71:-66:-61:-56:-51:-46:-41:-36:-31:-26:-21:-16:-11:-6:-1:4:9:14:19:24:29:34:39:44:49:54:59:64:69:74:79:84:89:94:99:104:109:114:119,135297.0,811216.0,Hail,37.27044688292237,-86.63708439653301,40.15250701004988,-81.57140158996897,+proj=laea +lat_0=38 +lon_0=-98 +units=m +a=6370997.0 +ellps=sphere ,768.0,768.0,384000.0,384000.0,0.0281190238893032,1.188011884689331,0.0
S819586,vis/2019/SEVIR_VIS_STORMEVENTS_2019_0501_0531.h5,136,vis,2019-05-17 00:00:00,-121:-116:-111:-106:-101:-96:-91:-86:-81:-76:-71:-66:-61:-56:-51:-46:-41:-36:-31:-26:-21:-16:-11:-6:-1:4:9:14:19:24:29:34:39:44:49:54:59:64:69:74:79:84:89:94:99:104:109:114:119,136625.0,819586.0,Hail,42.20773417479873,-110.9719280980136,46.049224567395584,-106.80997712250112,+proj=laea +lat_0=38 +lon_0=-98 +units=m +a=6370997.0 +ellps=sphere ,768.0,768.0,384000.0,384000.0,0.0134488670155406,0.8567503094673157,0.0
S823789,vis/2019/SEVIR_VIS_STORMEVENTS_2019_0501_0531.h5,143,vis,2019-05-21 03:35:00,-121:-116:-111:-106:-101:-96:-91:-86:-81:-76:-71:-66:-61:-56:-51:-46:-41:-36:-31:-26:-21:-16:-11:-6:-1:4:9:14:19:24:29:34:39:44:49:54:59:64:69:74:79:84:89:94:99:104:109:114:119,137246.0,823789.0,Thunderstorm Wind,34.58007948420226,-97.3230715791471,37.926291471966685,-92.91153436501386,+proj=laea +lat_0=38 +lon_0=-98 +units=m +a=6370997.0 +ellps=sphere ,768.0,768.0,384000.0,384000.0,-0.0031752442009747,0.0084676565602421,0.0
S817358,vis/2019/SEVIR_VIS_STORMEVENTS_2019_0501_0531.h5,144,vis,2019-05-13 19:52:00,-123:-118:-113:-108:-103:-98:-93:-88:-83:-78:-73:-68:-63:-58:-53:-48:-43:-38:-33:-28:-23:-18:-13:-8:-3:2:7:12:17:22:27:32:37:42:47:52:57:62:67:72:77:82:87:92:97:102:107:112:117,136209.0,817358.0,Hail,29.9946354566815,-104.26264410647434,33.6035968009408,-100.37408028855306,+proj=laea +lat_0=38 +lon_0=-98 +units=m +a=6370997.0 +ellps=sphere ,768.0,768.0,384000.0,384000.0,0.0289094746112823,1.1576396226882937,0.0
S827049,vis/2019/SEVIR_VIS_STORMEVENTS_2019_0501_0531.h5,146,vis,2019-05-10 19:07:00,-123:-118:-113:-108:-103:-98:-93:-88:-83:-78:-73:-68:-63:-58:-53:-48:-43:-38:-33:-28:-23:-18:-13:-8:-3:2:7:12:17:22:27:32:37:42:47:52:57:62:67:72:77:82:87:92:97:102:107:112:117,137658.0,827049.0,Thunderstorm Wind,41.55814462341817,-78.32335734864971,44.00400941123441,-72.49336324141542,+proj=laea +lat_0=38 +lon_0=-98 +units=m +a=6370997.0 +ellps=sphere ,768.0,768.0,384000.0,384000.0,0.0271256398409605,1.1978228092193604,0.0
S823798,vis/2019/SEVIR_VIS_STORMEVENTS_2019_0501_0531.h5,157,vis,2019-05-21 11:08:00,-119:-114:-109:-104:-99:-94:-89:-84:-79:-74:-69:-64:-59:-54:-49:-44:-39:-34:-29:-24:-19:-14:-9:-4:1:6:11:16:21:26:31:36:41:46:51:56:61:66:71:76:81:86:91:96:101:106:111:116:121,137246.0,823798.0,Tornado,34.293743490011344,-98.30463727641327,37.67867310589522,-93.95301400738524,+proj=laea +lat_0=38 +lon_0=-98 +units=m +a=6370997.0 +ellps=sphere ,768.0,768.0,384000.0,384000.0,-0.0032338520977646,0.828352689743042,0.0
S830947,vis/2019/SEVIR_VIS_STORMEVENTS_2019_0501_0531.h5,170,vis,2019-05-29 01:59:00,-120:-115:-110:-105:-100:-95:-90:-85:-80:-75:-70:-65:-60:-55:-50:-45:-40:-35:-30:-25:-20:-15:-10:-5:0:5:10:15:20:25:30:35:40:45:50:55:60:65:70:75:80:85:90:95:100:105:110:115:120,136056.0,830947.0,Thunderstorm Wind,38.14282104681989,-98.50313714614178,41.52939459819397,-93.91554406120692,+proj=laea +lat_0=38 +lon_0=-98 +units=m +a=6370997.0 +ellps=sphere ,768.0,768.0,384000.0,384000.0,-0.0031040494795888,0.6352511644363403,0.0
S824755,vis/2019/SEVIR_VIS_STORMEVENTS_2019_0501_0531.h5,172,vis,2019-05-02 18:42:00,-123:-118:-113:-108:-103:-98:-93:-88:-83:-78:-73:-68:-63:-58:-53:-48:-43:-38:-33:-28:-23:-18:-13:-8:-3:2:7:12:17:22:27:32:37:42:47:52:57:62:67:72:77:82:87:92:97:102:107:112:117,137106.0,824755.0,Hail,30.3574264135188,-100.5377717955876,33.83420567817278,-96.48517407702214,+proj=laea +lat_0=38 +lon_0=-98 +units=m +a=6370997.0 +ellps=sphere ,768.0,768.0,384000.0,384000.0,0.0370263047516346,1.230424880981445,0.0
S819119,vis/2019/SEVIR_VIS_STORMEVENTS_2019_0501_0531.h5,182,vis,2019-05-12 18:56:00,-122:-117:-112:-107:-102:-97:-92:-87:-82:-77:-72:-67:-62:-57:-52:-47:-42:-37:-32:-27:-22:-17:-12:-7:-2:3:8:13:18:23:28:33:38:43:48:53:58:63:68:73:78:83:88:93:98:103:108:113:118,136487.0,819119.0,Thunderstorm Wind,30.00247267507203,-85.24811369994762,32.8639356649046,-80.64585464037263,+proj=laea +lat_0=38 +lon_0=-98 +units=m +a=6370997.0 +ellps=sphere ,768.0,768.0,384000.0,384000.0,0.0342769473791122,1.2360901832580566,0.0
S823268,vis/2019/SEVIR_VIS_STORMEVENTS_2019_0501_0531.h5,185,vis,2019-05-09 08:05:00,-121:-116:-111:-106:-101:-96:-91:-86:-81:-76:-71:-66:-61:-56:-51:-46:-41:-36:-31:-26:-21:-16:-11:-6:-1:4:9:14:19:24:29:34:39:44:49:54:59:64:69:74:79:84:89:94:99:104:109:114:119,136484.0,823268.0,Flash Flood,30.69521706908048,-96.14200666784645,34.006007486672594,-91.90094733163016,+proj=laea +lat_0=38 +lon_0=-98 +units=m +a=6370997.0 +ellps=sphere ,768.0,768.0,384000.0,384000.0,-0.0032675247639417,0.0044265002943575,0.0
S833512,vis/2019/SEVIR_VIS_STORMEVENTS_2019_0501_0531.h5,187,vis,2019-05-14 10:25:00,-121:-116:-111:-106:-101:-96:-91:-86:-81:-76:-71:-66:-61:-56:-51:-46:-41:-36:-31:-26:-21:-16:-11:-6:-1:4:9:14:19:24:29:34:39:44:49:54:59:64:69:74:79:84:89:94:99:104:109:114:119,138631.0,833512.0,Thunderstorm Wind,24.46009383067178,-100.02126856790228,27.93598234022218,-96.19490684730664,+proj=laea +lat_0=38 +lon_0=-98 +units=m +a=6370997.0 +ellps=sphere ,768.0,768.0,384000.0,384000.0,-0.0228574890643358,0.5259893536567688,6.594841712726757e-05
S817176,vis/2019/SEVIR_VIS_STORMEVENTS_2019_0401_0430.h5,3,vis,2019-04-30 07:16:00,-122:-117:-112:-107:-102:-97:-92:-87:-82:-77:-72:-67:-62:-57:-52:-47:-42:-37:-32:-27:-22:-17:-12:-7:-2:3:8:13:18:23:28:33:38:43:48:53:58:63:68:73:78:83:88:93:98:103:108:113:118,136178.0,817176.0,Hail,38.79493848222934,-94.53732299941532,42.0189227952016,-89.70893190689004,+proj=laea +lat_0=38 +lon_0=-98 +units=m +a=6370997.0 +ellps=sphere ,768.0,768.0,384000.0,384000.0,-0.0030024060979485,0.0038110199384391,0.0
S818956,vis/2019/SEVIR_VIS_STORMEVENTS_2019_0401_0430.h5,20,vis,2019-04-24 20:20:00,-121:-116:-111:-106:-101:-96:-91:-86:-81:-76:-71:-66:-61:-56:-51:-46:-41:-36:-31:-26:-21:-16:-11:-6:-1:4:9:14:19:24:29:34:39:44:49:54:59:64:69:74:79:84:89:94:99:104:109:114:119,135490.0,818956.0,Thunderstorm Wind,28.858558764385915,-99.67877954689595,32.30786194603065,-95.661655408791,+proj=laea +lat_0=38 +lon_0=-98 +units=m +a=6370997.0 +ellps=sphere ,768.0,768.0,384000.0,384000.0,0.0226056966930627,1.2252671718597412,0.0
S820279,vis/2019/SEVIR_VIS_STORMEVENTS_2019_0401_0430.h5,21,vis,2019-04-04 12:45:00,-121:-116:-111:-106:-101:-96:-91:-86:-81:-76:-71:-66:-61:-56:-51:-46:-41:-36:-31:-26:-21:-16:-11:-6:-1:4:9:14:19:24:29:34:39:44:49:54:59:64:69:74:79:84:89:94:99:104:109:114:119,136572.0,820279.0,Thunderstorm Wind,28.342116144787877,-94.35374166975056,31.59207677767817,-90.16618942044528,+proj=laea +lat_0=38 +lon_0=-98 +units=m +a=6370997.0 +ellps=sphere ,768.0,768.0,384000.0,384000.0,-0.0027879762928932,1.0167112350463867,0.0
S812025,vis/2019/SEVIR_VIS_STORMEVENTS_2019_0401_0430.h5,25,vis,2019-04-14 22:14:00,-120:-115:-110:-105:-100:-95:-90:-85:-80:-75:-70:-65:-60:-55:-50:-45:-40:-35:-30:-25:-20:-15:-10:-5:0:5:10:15:20:25:30:35:40:45:50:55:60:65:70:75:80:85:90:95:100:105:110:115:120,134815.0,812025.0,Thunderstorm Wind,38.36726794600253,-85.51322535036067,41.19133384967024,-80.30652531389659,+proj=laea +lat_0=38 +lon_0=-98 +units=m +a=6370997.0 +ellps=sphere ,768.0,768.0,384000.0,384000.0,-0.0014631499070674,1.166673183441162,0.0
S811079,vis/2019/SEVIR_VIS_STORMEVENTS_2019_0401_0430.h5,26,vis,2019-04-08 23:42:00,-123:-118:-113:-108:-103:-98:-93:-88:-83:-78:-73:-68:-63:-58:-53:-48:-43:-38:-33:-28:-23:-18:-13:-8:-3:2:7:12:17:22:27:32:37:42:47:52:57:62:67:72:77:82:87:92:97:102:107:112:117,135289.0,811079.0,Hail,31.7254502834182,-91.722778653012,34.8552363862072,-87.25334317011819,+proj=laea +lat_0=38 +lon_0=-98 +units=m +a=6370997.0 +ellps=sphere ,768.0,768.0,384000.0,384000.0,-0.0038581970147788,1.1019643545150757,0.0
S808730,vis/2019/SEVIR_VIS_STORMEVENTS_2019_0401_0430.h5,35,vis,2019-04-06 23:21:00,-122:-117:-112:-107:-102:-97:-92:-87:-82:-77:-72:-67:-62:-57:-52:-47:-42:-37:-32:-27:-22:-17:-12:-7:-2:3:8:13:18:23:28:33:38:43:48:53:58:63:68:73:78:83:88:93:98:103:108:113:118,134954.0,808730.0,Hail,28.87082332600769,-83.96936296590692,31.683095173111703,-79.39223736446783,+proj=laea +lat_0=38 +lon_0=-98 +units=m +a=6370997.0 +ellps=sphere ,768.0,768.0,384000.0,384000.0,-0.0032998607493937,1.0339736938476562,0.0
S809830,vis/2019/SEVIR_VIS_STORMEVENTS_2019_0401_0430.h5,37,vis,2019-04-13 11:23:00,-119:-114:-109:-104:-99:-94:-89:-84:-79:-74:-69:-64:-59:-54:-49:-44:-39:-34:-29:-24:-19:-14:-9:-4:1:6:11:16:21:26:31:36:41:46:51:56:61:66:71:76:81:86:91:96:101:106:111:116:121,135114.0,809830.0,Thunderstorm Wind,31.16410216654655,-95.27177345419638,34.439341853034314,-90.97186078354684,+proj=laea +lat_0=38 +lon_0=-98 +units=m +a=6370997.0 +ellps=sphere ,768.0,768.0,384000.0,384000.0,-0.0029646262992173,0.8154079914093018,0.0
S816084,vis/2019/SEVIR_VIS_STORMEVENTS_2019_0401_0430.h5,38,vis,2019-04-29 01:45:00,-121:-116:-111:-106:-101:-96:-91:-86:-81:-76:-71:-66:-61:-56:-51:-46:-41:-36:-31:-26:-21:-16:-11:-6:-1:4:9:14:19:24:29:34:39:44:49:54:59:64:69:74:79:84:89:94:99:104:109:114:119,136000.0,816084.0,Hail,39.78964924251817,-96.52540722575952,43.09435180796663,-91.71810179214144,+proj=laea +lat_0=38 +lon_0=-98 +units=m +a=6370997.0 +ellps=sphere ,768.0,768.0,384000.0,384000.0,-0.0030606070067733,0.5898008346557617,0.0
S820254,vis/2019/SEVIR_VIS_STORMEVENTS_2019_0401_0430.h5,52,vis,2019-04-04 07:45:00,-121:-116:-111:-106:-101:-96:-91:-86:-81:-76:-71:-66:-61:-56:-51:-46:-41:-36:-31:-26:-21:-16:-11:-6:-1:4:9:14:19:24:29:34:39:44:49:54:59:64:69:74:79:84:89:94:99:104:109:114:119,136572.0,820254.0,Hail,29.254626623028702,-95.34783943567244,32.539675164960016,-91.15083082689432,+proj=laea +lat_0=38 +lon_0=-98 +units=m +a=6370997.0 +ellps=sphere ,768.0,768.0,384000.0,384000.0,-0.0034116783645004,0.0241157542914152,0.0
S819072,vis/2019/SEVIR_VIS_STORMEVENTS_2019_0401_0430.h5,54,vis,2019-04-09 18:10:00,-121:-116:-111:-106:-101:-96:-91:-86:-81:-76:-71:-66:-61:-56:-51:-46:-41:-36:-31:-26:-21:-16:-11:-6:-1:4:9:14:19:24:29:34:39:44:49:54:59:64:69:74:79:84:89:94:99:104:109:114:119,136472.0,819072.0,Thunderstorm Wind,41.43431581445529,-77.36794626382928,43.83096468898183,-71.51070647437429,+proj=laea +lat_0=38 +lon_0=-98 +units=m +a=6370997.0 +ellps=sphere ,768.0,768.0,384000.0,384000.0,0.0269304774701595,1.2152034044265747,0.0
S810893,vis/2019/SEVIR_VIS_STORMEVENTS_2019_0401_0430.h5,60,vis,2019-04-27 22:10:00,-121:-116:-111:-106:-101:-96:-91:-86:-81:-76:-71:-66:-61:-56:-51:-46:-41:-36:-31:-26:-21:-16:-11:-6:-1:4:9:14:19:24:29:34:39:44:49:54:59:64:69:74:79:84:89:94:99:104:109:114:119,135234.0,810893.0,Hail,31.81040257425044,-102.92740111931045,35.37021913878603,-98.9041448399901,+proj=laea +lat_0=38 +lon_0=-98 +units=m +a=6370997.0 +ellps=sphere ,768.0,768.0,384000.0,384000.0,0.0110459867864847,1.000380516052246,0.0
S812378,vis/2019/SEVIR_VIS_STORMEVENTS_2019_0401_0430.h5,61,vis,2019-04-24 20:51:00,-122:-117:-112:-107:-102:-97:-92:-87:-82:-77:-72:-67:-62:-57:-52:-47:-42:-37:-32:-27:-22:-17:-12:-7:-2:3:8:13:18:23:28:33:38:43:48:53:58:63:68:73:78:83:88:93:98:103:108:113:118,135448.0,812378.0,Hail,35.57754692322445,-91.64777116185982,38.68888513053565,-86.92530885872904,+proj=laea +lat_0=38 +lon_0=-98 +units=m +a=6370997.0 +ellps=sphere ,768.0,768.0,384000.0,384000.0,0.0176894515752792,1.22407066822052,0.0
S820293,vis/2019/SEVIR_VIS_STORMEVENTS_2019_0401_0430.h5,75,vis,2019-04-15 02:50:00,-121:-116:-111:-106:-101:-96:-91:-86:-81:-76:-71:-66:-61:-56:-51:-46:-41:-36:-31:-26:-21:-16:-11:-6:-1:4:9:14:19:24:29:34:39:44:49:54:59:64:69:74:79:84:89:94:99:104:109:114:119,136654.0,820293.0,Thunderstorm Wind,35.23414554890584,-83.32146392425406,37.97368531619336,-78.283103686438,+proj=laea +lat_0=38 +lon_0=-98 +units=m +a=6370997.0 +ellps=sphere ,768.0,768.0,384000.0,384000.0,-0.0032966760918498,0.0155439805239439,0.0
S808982,vis/2019/SEVIR_VIS_STORMEVENTS_2019_0401_0430.h5,79,vis,2019-04-07 22:34:00,-120:-115:-110:-105:-100:-95:-90:-85:-80:-75:-70:-65:-60:-55:-50:-45:-40:-35:-30:-25:-20:-15:-10:-5:0:5:10:15:20:25:30:35:40:45:50:55:60:65:70:75:80:85:90:95:100:105:110:115:120,134986.0,808982.0,Hail,38.12215950874521,-94.93554343773737,41.36429003457586,-90.17718956576915,+proj=laea +lat_0=38 +lon_0=-98 +units=m +a=6370997.0 +ellps=sphere ,768.0,768.0,384000.0,384000.0,-0.0001344347547274,1.035737156867981,0.0
S812915,vis/2019/SEVIR_VIS_STORMEVENTS_2019_0401_0430.h5,88,vis,2019-04-26 23:10:00,-121:-116:-111:-106:-101:-96:-91:-86:-81:-76:-71:-66:-61:-56:-51:-46:-41:-36:-31:-26:-21:-16:-11:-6:-1:4:9:14:19:24:29:34:39:44:49:54:59:64:69:74:79:84:89:94:99:104:109:114:119,135519.0,812915.0,Hail,37.57031453879375,-84.52249929112699,40.35215238718825,-79.34209574153084,+proj=laea +lat_0=38 +lon_0=-98 +units=m +a=6370997.0 +ellps=sphere ,768.0,768.0,384000.0,384000.0,-0.0029409551061689,0.8598350882530212,0.0
S811313,vis/2019/SEVIR_VIS_STORMEVENTS_2019_0401_0430.h5,90,vis,2019-04-14 21:26:00,-122:-117:-112:-107:-102:-97:-92:-87:-82:-77:-72:-67:-62:-57:-52:-47:-42:-37:-32:-27:-22:-17:-12:-7:-2:3:8:13:18:23:28:33:38:43:48:53:58:63:68:73:78:83:88:93:98:103:108:113:118,134696.0,811313.0,Thunderstorm Wind,39.5839431071225,-84.08733001371282,42.333284533762864,-78.70831905492217,+proj=laea +lat_0=38 +lon_0=-98 +units=m +a=6370997.0 +ellps=sphere ,768.0,768.0,384000.0,384000.0,0.0045183100737631,1.1269142627716064,0.0
S806181,vis/2019/SEVIR_VIS_STORMEVENTS_2019_0401_0430.h5,101,vis,2019-04-07 21:30:00,-121:-116:-111:-106:-101:-96:-91:-86:-81:-76:-71:-66:-61:-56:-51:-46:-41:-36:-31:-26:-21:-16:-11:-6:-1:4:9:14:19:24:29:34:39:44:49:54:59:64:69:74:79:84:89:94:99:104:109:114:119,134543.0,806181.0,Hail,33.020993591108606,-89.00167728602707,36.02965415891709,-84.3453119998005,+proj=laea +lat_0=38 +lon_0=-98 +units=m +a=6370997.0 +ellps=sphere ,768.0,768.0,384000.0,384000.0,0.0063952789641916,1.0928969383239746,0.0
S818130,vis/2019/SEVIR_VIS_STORMEVENTS_2019_0401_0430.h5,103,vis,2019-04-11 01:23:00,-119:-114:-109:-104:-99:-94:-89:-84:-79:-74:-69:-64:-59:-54:-49:-44:-39:-34:-29:-24:-19:-14:-9:-4:1:6:11:16:21:26:31:36:41:46:51:56:61:66:71:76:81:86:91:96:101:106:111:116:121,136267.0,818130.0,Hail,38.67393231614701,-100.55767866898772,42.14004038550296,-96.03628197005794,+proj=laea +lat_0=38 +lon_0=-98 +units=m +a=6370997.0 +ellps=sphere ,768.0,768.0,384000.0,384000.0,-0.0035320485476404,0.729177713394165,0.0
S819843,vis/2019/SEVIR_VIS_STORMEVENTS_2019_0401_0430.h5,105,vis,2019-04-08 21:03:00,-119:-114:-109:-104:-99:-94:-89:-84:-79:-74:-69:-64:-59:-54:-49:-44:-39:-34:-29:-24:-19:-14:-9:-4:1:6:11:16:21:26:31:36:41:46:51:56:61:66:71:76:81:86:91:96:101:106:111:116:121,136649.0,819843.0,Thunderstorm Wind,35.17994351392325,-81.58226721803699,37.83710922653625,-76.48063051294386,+proj=laea +lat_0=38 +lon_0=-98 +units=m +a=6370997.0 +ellps=sphere ,768.0,768.0,384000.0,384000.0,0.0083100954070687,1.203049898147583,0.0
S821901,vis/2019/SEVIR_VIS_STORMEVENTS_2019_0401_0430.h5,107,vis,2019-04-26 16:00:00,-121:-116:-111:-106:-101:-96:-91:-86:-81:-76:-71:-66:-61:-56:-51:-46:-41:-36:-31:-26:-21:-16:-11:-6:-1:4:9:14:19:24:29:34:39:44:49:54:59:64:69:74:79:84:89:94:99:104:109:114:119,136923.0,821901.0,Thunderstorm Wind,35.48434355795567,-79.29924894892066,38.02797754281828,-74.0857313608364,+proj=laea +lat_0=38 +lon_0=-98 +units=m +a=6370997.0 +ellps=sphere ,768.0,768.0,384000.0,384000.0,0.0262789390981197,1.226525068283081,0.0
S820237,vis/2019/SEVIR_VIS_STORMEVENTS_2019_0401_0430.h5,115,vis,2019-04-14 06:05:00,-121:-116:-111:-106:-101:-96:-91:-86:-81:-76:-71:-66:-61:-56:-51:-46:-41:-36:-31:-26:-21:-16:-11:-6:-1:4:9:14:19:24:29:34:39:44:49:54:59:64:69:74:79:84:89:94:99:104:109:114:119,136733.0,820237.0,Thunderstorm Wind,30.08363081588943,-90.81587384430308,33.18334651687271,-86.40804114564214,+proj=laea +lat_0=38 +lon_0=-98 +units=m +a=6370997.0 +ellps=sphere ,768.0,768.0,384000.0,384000.0,-0.0032443350646644,0.4532221257686615,0.0
S807772,vis/2019/SEVIR_VIS_STORMEVENTS_2019_0401_0430.h5,120,vis,2019-04-15 07:40:00,-121:-116:-111:-106:-101:-96:-91:-86:-81:-76:-71:-66:-61:-56:-51:-46:-41:-36:-31:-26:-21:-16:-11:-6:-1:4:9:14:19:24:29:34:39:44:49:54:59:64:69:74:79:84:89:94:99:104:109:114:119,134771.0,807772.0,Thunderstorm Wind,38.63292814601488,-77.76426623561976,41.073655925591424,-72.21008541899779,+proj=laea +lat_0=38 +lon_0=-98 +units=m +a=6370997.0 +ellps=sphere ,768.0,768.0,384000.0,384000.0,-0.003412501187995,0.00480428757146,0.0
S820947,vis/2019/SEVIR_VIS_STORMEVENTS_2019_0401_0430.h5,122,vis,2019-04-30 20:29:00,-120:-115:-110:-105:-100:-95:-90:-85:-80:-75:-70:-65:-60:-55:-50:-45:-40:-35:-30:-25:-20:-15:-10:-5:0:5:10:15:20:25:30:35:40:45:50:55:60:65:70:75:80:85:90:95:100:105:110:115:120,136690.0,820947.0,Hail,32.257489809283534,-100.95335504519942,35.74561037456182,-96.8256412233238,+proj=laea +lat_0=38 +lon_0=-98 +units=m +a=6370997.0 +ellps=sphere ,768.0,768.0,384000.0,384000.0,0.0198585856705904,1.229166865348816,0.0
S815393,vis/2019/SEVIR_VIS_STORMEVENTS_2019_0401_0430.h5,130,vis,2019-04-06 19:00:00,-121:-116:-111:-106:-101:-96:-91:-86:-81:-76:-71:-66:-61:-56:-51:-46:-41:-36:-31:-26:-21:-16:-11:-6:-1:4:9:14:19:24:29:34:39:44:49:54:59:64:69:74:79:84:89:94:99:104:109:114:119,135859.0,815393.0,Thunderstorm Wind,30.132749308975548,-93.95253458340687,33.35958790503169,-89.65804887924456,+proj=laea +lat_0=38 +lon_0=-98 +units=m +a=6370997.0 +ellps=sphere ,768.0,768.0,384000.0,384000.0,0.0471138581633567,1.2116682529449463,0.0
S807481,vis/2019/SEVIR_VIS_STORMEVENTS_2019_0401_0430.h5,132,vis,2019-04-12 11:56:00,-122:-117:-112:-107:-102:-97:-92:-87:-82:-77:-72:-67:-62:-57:-52:-47:-42:-37:-32:-27:-22:-17:-12:-7:-2:3:8:13:18:23:28:33:38:43:48:53:58:63:68:73:78:83:88:93:98:103:108:113:118,134743.0,807481.0,Thunderstorm Wind,38.04418493136245,-86.79355642087847,40.92955825920371,-81.67032990832627,+proj=laea +lat_0=38 +lon_0=-98 +units=m +a=6370997.0 +ellps=sphere ,768.0,768.0,384000.0,384000.0,-0.0034168863203376,0.7888197302818298,0.0
S809177,vis/2019/SEVIR_VIS_STORMEVENTS_2019_0401_0430.h5,134,vis,2019-04-24 01:58:00,-119:-114:-109:-104:-99:-94:-89:-84:-79:-74:-69:-64:-59:-54:-49:-44:-39:-34:-29:-24:-19:-14:-9:-4:1:6:11:16:21:26:31:36:41:46:51:56:61:66:71:76:81:86:91:96:101:106:111:116:121,135026.0,809177.0,Thunderstorm Wind,37.62669027816701,-83.3349573456387,40.35164535817276,-78.10000069779987,+proj=laea +lat_0=38 +lon_0=-98 +units=m +a=6370997.0 +ellps=sphere ,768.0,768.0,384000.0,384000.0,-0.0033759069629013,0.2512102425098419,0.0
S814025,vis/2019/SEVIR_VIS_STORMEVENTS_2019_0401_0430.h5,137,vis,2019-04-29 23:44:00,-120:-115:-110:-105:-100:-95:-90:-85:-80:-75:-70:-65:-60:-55:-50:-45:-40:-35:-30:-25:-20:-15:-10:-5:0:5:10:15:20:25:30:35:40:45:50:55:60:65:70:75:80:85:90:95:100:105:110:115:120,135666.0,814025.0,Hail,29.911903479086437,-105.04624309951332,33.547667885913484,-101.19246182334604,+proj=laea +lat_0=38 +lon_0=-98 +units=m +a=6370997.0 +ellps=sphere ,768.0,768.0,384000.0,384000.0,-0.002520551206544,0.8095827698707581,0.0
S815893,vis/2019/SEVIR_VIS_STORMEVENTS_2019_0401_0430.h5,141,vis,2019-04-23 00:28:00,-119:-114:-109:-104:-99:-94:-89:-84:-79:-74:-69:-64:-59:-54:-49:-44:-39:-34:-29:-24:-19:-14:-9:-4:1:6:11:16:21:26:31:36:41:46:51:56:61:66:71:76:81:86:91:96:101:106:111:116:121,135967.0,815893.0,Hail,39.96243434949532,-92.9518213551368,43.11599954488439,-87.95228853894653,+proj=laea +lat_0=38 +lon_0=-98 +units=m +a=6370997.0 +ellps=sphere ,768.0,768.0,384000.0,384000.0,-0.0034285839647054,0.9641570448875428,0.0
S809699,vis/2019/SEVIR_VIS_STORMEVENTS_2019_0401_0430.h5,143,vis,2019-04-25 15:01:00,-122:-117:-112:-107:-102:-97:-92:-87:-82:-77:-72:-67:-62:-57:-52:-47:-42:-37:-32:-27:-22:-17:-12:-7:-2:3:8:13:18:23:28:33:38:43:48:53:58:63:68:73:78:83:88:93:98:103:108:113:118,135096.0,809699.0,Thunderstorm Wind,28.38157927933645,-92.29140268987196,31.54962836677416,-88.02872763544242,+proj=laea +lat_0=38 +lon_0=-98 +units=m +a=6370997.0 +ellps=sphere ,768.0,768.0,384000.0,384000.0,0.0233568903058767,1.2235093116760254,0.0
S820034,vis/2019/SEVIR_VIS_STORMEVENTS_2019_0401_0430.h5,148,vis,2019-04-15 05:07:00,-123:-118:-113:-108:-103:-98:-93:-88:-83:-78:-73:-68:-63:-58:-53:-48:-43:-38:-33:-28:-23:-18:-13:-8:-3:2:7:12:17:22:27:32:37:42:47:52:57:62:67:72:77:82:87:92:97:102:107:112:117,136359.0,820034.0,Thunderstorm Wind,35.416274800827885,-80.71974974846785,38.03004642659555,-75.56593645302905,+proj=laea +lat_0=38 +lon_0=-98 +units=m +a=6370997.0 +ellps=sphere ,768.0,768.0,384000.0,384000.0,-0.0030382280237972,0.3263056874275207,0.0
S818821,vis/2019/SEVIR_VIS_STORMEVENTS_2019_0401_0430.h5,150,vis,2019-05-01 01:30:00,-121:-116:-111:-106:-101:-96:-91:-86:-81:-76:-71:-66:-61:-56:-51:-46:-41:-36:-31:-26:-21:-16:-11:-6:-1:4:9:14:19:24:29:34:39:44:49:54:59:64:69:74:79:84:89:94:99:104:109:114:119,135812.0,818821.0,Thunderstorm Wind,31.9888150792286,-98.46590677178608,35.38495745075959,-94.24910374978322,+proj=laea +lat_0=38 +lon_0=-98 +units=m +a=6370997.0 +ellps=sphere ,768.0,768.0,384000.0,384000.0,-0.0032505348790436,0.7176628112792969,0.0
R19040818137722,vis/2019/SEVIR_VIS_RANDOMEVENTS_2019_0401_0410.h5,3,vis,2019-04-08 18:09:00,-120:-115:-110:-105:-100:-95:-90:-85:-80:-75:-70:-65:-60:-55:-50:-45:-40:-35:-30:-25:-20:-15:-10:-5:0:5:10:15:20:25:30:35:40:45:50:55:60:65:70:75:80:85:90:95:100:105:110:115:120,,,,33.94261251133671,-89.0218378843354,36.94770965340329,-84.30428616105104,+proj=laea +lat_0=38 +lon_0=-98 +units=m +a=6370997.0 +ellps=sphere ,768.0,768.0,384000.0,384000.0,0.0611545331776142,1.2084009647369385,0.0
R19040818138514,vis/2019/SEVIR_VIS_RANDOMEVENTS_2019_0401_0410.h5,4,vis,2019-04-08 18:09:00,-120:-115:-110:-105:-100:-95:-90:-85:-80:-75:-70:-65:-60:-55:-50:-45:-40:-35:-30:-25:-20:-15:-10:-5:0:5:10:15:20:25:30:35:40:45:50:55:60:65:70:75:80:85:90:95:100:105:110:115:120,,,,44.61052353613607,-70.78254932173256,46.61109829493125,-64.26867999694726,+proj=laea +lat_0=38 +lon_0=-98 +units=m +a=6370997.0 +ellps=sphere ,768.0,768.0,384000.0,384000.0,0.0785687565803527,1.1281813383102417,0.0
R19040702367621,vis/2019/SEVIR_VIS_RANDOMEVENTS_2019_0401_0410.h5,14,vis,2019-04-07 02:34:00,-120:-115:-110:-105:-100:-95:-90:-85:-80:-75:-70:-65:-60:-55:-50:-45:-40:-35:-30:-25:-20:-15:-10:-5:0:5:10:15:20:25:30:35:40:45:50:55:60:65:70:75:80:85:90:95:100:105:110:115:120,,,,32.25143962742409,-89.55204622849098,35.287507970941355,-84.96675054087142,+proj=laea +lat_0=38 +lon_0=-98 +units=m +a=6370997.0 +ellps=sphere ,768.0,768.0,384000.0,384000.0,-0.0033573256805539,0.0072960015386343,0.0
R19040404457949,vis/2019/SEVIR_VIS_RANDOMEVENTS_2019_0401_0410.h5,27,vis,2019-04-04 04:44:00,-120:-115:-110:-105:-100:-95:-90:-85:-80:-75:-70:-65:-60:-55:-50:-45:-40:-35:-30:-25:-20:-15:-10:-5:0:5:10:15:20:25:30:35:40:45:50:55:60:65:70:75:80:85:90:95:100:105:110:115:120,,,,37.78305056592188,-98.51205678384436,41.17041665828878,-93.94961936572244,+proj=laea +lat_0=38 +lon_0=-98 +units=m +a=6370997.0 +ellps=sphere ,768.0,768.0,384000.0,384000.0,-0.0036663326900452,0.0151124307885766,0.0408163265306122
R19040219207791,vis/2019/SEVIR_VIS_RANDOMEVENTS_2019_0401_0410.h5,37,vis,2019-04-02 19:19:00,-120:-115:-110:-105:-100:-95:-90:-85:-80:-75:-70:-65:-60:-55:-50:-45:-40:-35:-30:-25:-20:-15:-10:-5:0:5:10:15:20:25:30:35:40:45:50:55:60:65:70:75:80:85:90:95:100:105:110:115:120,,,,35.845009653617225,-79.96337980564344,38.41857908218721,-74.74519033950386,+proj=laea +lat_0=38 +lon_0=-98 +units=m +a=6370997.0 +ellps=sphere ,768.0,768.0,384000.0,384000.0,0.0295512061566114,1.029088854789734,0.0
R19041001227237,vis/2019/SEVIR_VIS_RANDOMEVENTS_2019_0401_0410.h5,46,vis,2019-04-10 01:19:00,-120:-115:-110:-105:-100:-95:-90:-85:-80:-75:-70:-65:-60:-55:-50:-45:-40:-35:-30:-25:-20:-15:-10:-5:0:5:10:15:20:25:30:35:40:45:50:55:60:65:70:75:80:85:90:95:100:105:110:115:120,,,,25.9774216570258,-83.33059865725055,28.782804046299272,-78.89853979090208,+proj=laea +lat_0=38 +lon_0=-98 +units=m +a=6370997.0 +ellps=sphere ,768.0,768.0,384000.0,384000.0,-0.0034027271904051,0.2745165228843689,0.0
R19040205597500,vis/2019/SEVIR_VIS_RANDOMEVENTS_2019_0401_0410.h5,51,vis,2019-04-02 05:55:00,-120:-115:-110:-105:-100:-95:-90:-85:-80:-75:-70:-65:-60:-55:-50:-45:-40:-35:-30:-25:-20:-15:-10:-5:0:5:10:15:20:25:30:35:40:45:50:55:60:65:70:75:80:85:90:95:100:105:110:115:120,,,,43.11517949515022,-124.99370724143678,47.353761164482144,-121.73163794700542,+proj=laea +lat_0=38 +lon_0=-98 +units=m +a=6370997.0 +ellps=sphere ,768.0,768.0,384000.0,384000.0,-0.0231494531035423,0.0298602953553199,0.0480903400585494
R19040205597656,vis/2019/SEVIR_VIS_RANDOMEVENTS_2019_0401_0410.h5,52,vis,2019-04-02 05:55:00,-120:-115:-110:-105:-100:-95:-90:-85:-80:-75:-70:-65:-60:-55:-50:-45:-40:-35:-30:-25:-20:-15:-10:-5:0:5:10:15:20:25:30:35:40:45:50:55:60:65:70:75:80:85:90:95:100:105:110:115:120,,,,32.99165436168645,-87.6993045362253,35.94366306799908,-82.99437110481719,+proj=laea +lat_0=38 +lon_0=-98 +units=m +a=6370997.0 +ellps=sphere ,768.0,768.0,384000.0,384000.0,-0.0033366507850587,0.0071728294715285,0.0
R19040121037496,vis/2019/SEVIR_VIS_RANDOMEVENTS_2019_0401_0410.h5,60,vis,2019-04-01 21:00:00,-120:-115:-110:-105:-100:-95:-95:-85:-80:-75:-70:-65:-60:-55:-50:-45:-40:-35:-30:-25:-20:-15:-10:-5:0:5:10:15:20:25:30:35:40:45:50:55:60:65:70:75:80:85:90:95:100:105:110:115:120,,,,29.528820507278517,-96.5156363570424,32.857891942398595,-92.34832875501309,+proj=laea +lat_0=38 +lon_0=-98 +units=m +a=6370997.0 +ellps=sphere ,768.0,768.0,384000.0,384000.0,0.0207393243908882,1.1587039232254028,0.0
R19040121037460,vis/2019/SEVIR_VIS_RANDOMEVENTS_2019_0401_0410.h5,61,vis,2019-04-01 21:00:00,-120:-115:-110:-105:-100:-95:-95:-85:-80:-75:-70:-65:-60:-55:-50:-45:-40:-35:-30:-25:-20:-15:-10:-5:0:5:10:15:20:25:30:35:40:45:50:55:60:65:70:75:80:85:90:95:100:105:110:115:120,,,,28.76402829007036,-96.05692035839851,32.07824624997194,-91.91017112452433,+proj=laea +lat_0=38 +lon_0=-98 +units=m +a=6370997.0 +ellps=sphere ,768.0,768.0,384000.0,384000.0,0.0220265705138444,1.1587039232254028,0.0
R19040121037496,vis/2019/SEVIR_VIS_RANDOMEVENTS_2019_0401_0410.h5,63,vis,2019-04-01 21:00:00,-120:-115:-110:-105:-100:-95:-95:-85:-80:-75:-70:-65:-60:-55:-50:-45:-40:-35:-30:-25:-20:-15:-10:-5:0:5:10:15:20:25:30:35:40:45:50:55:60:65:70:75:80:85:90:95:100:105:110:115:120,,,,29.619451400812764,-94.23284330161518,32.85943596309038,-89.97596489275259,+proj=laea +lat_0=38 +lon_0=-98 +units=m +a=6370997.0 +ellps=sphere ,768.0,768.0,384000.0,384000.0,0.0152120310813188,1.146093726158142,0.0
R19040611407581,vis/2019/SEVIR_VIS_RANDOMEVENTS_2019_0401_0410.h5,67,vis,2019-04-06 11:39:00,-120:-115:-110:-105:-100:-95:-90:-85:-80:-75:-70:-65:-60:-55:-50:-45:-40:-35:-30:-25:-20:-15:-10:-5:0:5:10:15:20:25:30:35:40:45:50:55:60:65:70:75:80:85:90:95:100:105:110:115:120,,,,45.61177952067308,-125.20550464326368,49.86766768451394,-121.87979549330636,+proj=laea +lat_0=38 +lon_0=-98 +units=m +a=6370997.0 +ellps=sphere ,768.0,768.0,384000.0,384000.0,-0.0033384964335709,0.0184208005666732,0.0
R19040421017336,vis/2019/SEVIR_VIS_RANDOMEVENTS_2019_0401_0410.h5,103,vis,2019-04-04 20:59:00,-120:-115:-110:-105:-100:-95:-90:-85:-80:-75:-70:-65:-60:-55:-50:-45:-40:-35:-30:-25:-20:-15:-10:-5:0:5:10:15:20:25:30:35:40:45:50:55:60:65:70:75:80:85:90:95:100:105:110:115:120,,,,25.4553225942314,-100.04960885461252,28.92862803991581,-96.1868140817065,+proj=laea +lat_0=38 +lon_0=-98 +units=m +a=6370997.0 +ellps=sphere ,768.0,768.0,384000.0,384000.0,0.0259529743343591,0.8429703116416931,0.0
R19040421017461,vis/2019/SEVIR_VIS_RANDOMEVENTS_2019_0401_0410.h5,107,vis,2019-04-04 20:59:00,-120:-115:-110:-105:-100:-95:-90:-85:-80:-75:-70:-65:-60:-55:-50:-45:-40:-35:-30:-25:-20:-15:-10:-5:0:5:10:15:20:25:30:35:40:45:50:55:60:65:70:75:80:85:90:95:100:105:110:115:120,,,,29.11617694635889,-91.37319364426683,32.24350430091835,-87.03911953047111,+proj=laea +lat_0=38 +lon_0=-98 +units=m +a=6370997.0 +ellps=sphere ,768.0,768.0,384000.0,384000.0,0.039615411311388,1.1500760316848757,0.0
R19040302367407,vis/2019/SEVIR_VIS_RANDOMEVENTS_2019_0401_0410.h5,116,vis,2019-04-03 02:34:00,-120:-115:-110:-105:-100:-95:-90:-85:-80:-75:-70:-65:-60:-55:-50:-45:-40:-35:-30:-25:-20:-15:-10:-5:0:5:10:15:20:25:30:35:40:45:50:55:60:65:70:75:80:85:90:95:100:105:110:115:120,,,,37.199216685182144,-122.79815618335718,41.36333424758345,-119.5552013684771,+proj=laea +lat_0=38 +lon_0=-98 +units=m +a=6370997.0 +ellps=sphere ,768.0,768.0,384000.0,384000.0,-0.0030319755896925,0.6392280459403992,0.0204081632653061
R19040818487601,vis/2019/SEVIR_VIS_RANDOMEVENTS_2019_0401_0410.h5,128,vis,2019-04-08 18:44:00,-120:-115:-110:-105:-100:-95:-90:-85:-80:-75:-70:-65:-60:-55:-50:-45:-40:-35:-30:-25:-20:-15:-10:-5:0:5:10:15:20:25:30:35:40:45:50:55:60:65:70:75:80:85:90:95:100:105:110:115:120,,,,31.771618463703284,-91.58176465756478,34.895360602769905,-87.10413362668542,+proj=laea +lat_0=38 +lon_0=-98 +units=m +a=6370997.0 +ellps=sphere ,768.0,768.0,384000.0,384000.0,0.014215663075447,1.214511513710022,0.0
R19041002137440,vis/2019/SEVIR_VIS_RANDOMEVENTS_2019_0401_0410.h5,140,vis,2019-04-10 02:09:00,-120:-115:-110:-105:-100:-95:-90:-85:-80:-75:-70:-65:-60:-55:-50:-45:-40:-35:-30:-25:-20:-15:-10:-5:0:5:10:15:20:25:30:35:40:45:50:55:60:65:70:75:80:85:90:95:100:105:110:115:120,,,,30.529772629834145,-112.44194973227198,34.40098279192588,-108.87309124914158,+proj=laea +lat_0=38 +lon_0=-98 +units=m +a=6370997.0 +ellps=sphere ,768.0,768.0,384000.0,384000.0,-0.0031783401500433,0.4750553369522095,0.0
R19041002138140,vis/2019/SEVIR_VIS_RANDOMEVENTS_2019_0401_0410.h5,141,vis,2019-04-10 02:09:00,-120:-115:-110:-105:-100:-95:-90:-85:-80:-75:-70:-65:-60:-55:-50:-45:-40:-35:-30:-25:-20:-15:-10:-5:0:5:10:15:20:25:30:35:40:45:50:55:60:65:70:75:80:85:90:95:100:105:110:115:120,,,,45.86867578954929,-113.95706028752907,49.81859168366032,-109.76625806523,+proj=laea +lat_0=38 +lon_0=-98 +units=m +a=6370997.0 +ellps=sphere ,768.0,768.0,384000.0,384000.0,-0.0031688173767179,0.5502023696899414,0.0
R19040623217924,vis/2019/SEVIR_VIS_RANDOMEVENTS_2019_0401_0410.h5,147,vis,2019-04-06 23:19:00,-120:-115:-110:-105:-100:-95:-90:-85:-80:-75:-70:-65:-60:-55:-50:-45:-40:-35:-30:-25:-20:-15:-10:-5:0:5:10:15:20:25:30:35:40:45:50:55:60:65:70:75:80:85:90:95:100:105:110:115:120,,,,37.36123782010701,-98.23760563274617,40.73836032672575,-93.6904885000029,+proj=laea +lat_0=38 +lon_0=-98 +units=m +a=6370997.0 +ellps=sphere ,768.0,768.0,384000.0,384000.0,-0.0028943801298737,0.9569625854492188,0.0
R19040623218191,vis/2019/SEVIR_VIS_RANDOMEVENTS_2019_0401_0410.h5,148,vis,2019-04-06 23:19:00,-120:-115:-110:-105:-100:-95:-90:-85:-80:-75:-70:-65:-60:-55:-50:-45:-40:-35:-30:-25:-20:-15:-10:-5:0:5:10:15:20:25:30:35:40:45:50:55:60:65:70:75:80:85:90:95:100:105:110:115:120,,,,46.20402216234522,-113.31064096503356,50.13484350165654,-109.05022338784777,+proj=laea +lat_0=38 +lon_0=-98 +units=m +a=6370997.0 +ellps=sphere ,768.0,768.0,384000.0,384000.0,0.0179609637707471,0.6917788982391357,0.0
R19040623217577,vis/2019/SEVIR_VIS_RANDOMEVENTS_2019_0401_0410.h5,150,vis,2019-04-06 23:19:00,-120:-115:-110:-105:-100:-95:-90:-85:-80:-75:-70:-65:-60:-55:-50:-45:-40:-35:-30:-25:-20:-15:-10:-5:0:5:10:15:20:25:30:35:40:45:50:55:60:65:70:75:80:85:90:95:100:105:110:115:120,,,,31.208629769275337,-94.90281717536828,34.46915869259504,-90.58611089532816,+proj=laea +lat_0=38 +lon_0=-98 +units=m +a=6370997.0 +ellps=sphere ,768.0,768.0,384000.0,384000.0,-0.0030546358320862,0.9425792098045348,0.0
R19040623217483,vis/2019/SEVIR_VIS_RANDOMEVENTS_2019_0401_0410.h5,153,vis,2019-04-06 23:19:00,-120:-115:-110:-105:-100:-95:-90:-85:-80:-75:-70:-65:-60:-55:-50:-45:-40:-35:-30:-25:-20:-15:-10:-5:0:5:10:15:20:25:30:35:40:45:50:55:60:65:70:75:80:85:90:95:100:105:110:115:120,,,,29.222710904901284,-98.26713750422572,32.618921496774426,-94.1803208663298,+proj=laea +lat_0=38 +lon_0=-98 +units=m +a=6370997.0 +ellps=sphere ,768.0,768.0,384000.0,384000.0,-0.0031432597897946,0.9761054515838624,0.0
S793744,vis/2018/SEVIR_VIS_STORMEVENTS_2018_1201_1231.h5,30,vis,2018-12-28 13:17:00,-122:-117:-112:-107:-102:-97:-92:-87:-82:-77:-72:-67:-62:-57:-52:-47:-42:-37:-32:-27:-22:-17:-12:-7:-2:3:8:13:18:23:28:33:38:43:48:53:58:63:68:73:78:83:88:93:98:103:108:113:118,132655.0,793744.0,Thunderstorm Wind,30.013811050673127,-106.67767763567456,33.70394830742687,-102.88580683498289,+proj=laea +lat_0=38 +lon_0=-98 +units=m +a=6370997.0 +ellps=sphere ,768.0,768.0,384000.0,384000.0,-0.0028616485651582,0.4904386699199677,0.0
S796027,vis/2018/SEVIR_VIS_STORMEVENTS_2018_1201_1231.h5,31,vis,2018-12-27 02:31:00,-121:-116:-111:-106:-101:-96:-91:-86:-81:-76:-71:-66:-61:-56:-51:-46:-41:-36:-31:-26:-21:-16:-11:-6:-1:4:9:14:19:24:29:34:39:44:49:54:59:64:69:74:79:84:89:94:99:104:109:114:119,133064.0,796027.0,Hail,27.880826223724647,-101.9336797819698,31.4133285609991,-98.04208135607227,+proj=laea +lat_0=38 +lon_0=-98 +units=m +a=6370997.0 +ellps=sphere ,768.0,768.0,384000.0,384000.0,-0.0035461273510009,0.0035426637623459,0.0
S798658,vis/2018/SEVIR_VIS_STORMEVENTS_2018_1201_1231.h5,35,vis,2018-12-18 21:50:00,-120:-115:-110:-105:-100:-95:-90:-85:-80:-75:-70:-65:-60:-55:-50:-45:-40:-35:-30:-25:-20:-15:-10:-5:0:5:10:15:20:25:30:35:40:45:50:55:60:65:70:75:80:85:90:95:100:105:110:115:120,133456.0,798658.0,Tornado,45.37943397085625,-124.29876191015016,49.612842944702,-120.91036761288254,+proj=laea +lat_0=38 +lon_0=-98 +units=m +a=6370997.0 +ellps=sphere ,768.0,768.0,384000.0,384000.0,0.0098674055188894,0.8849546909332275,0.0
S830464,ir069/2019/SEVIR_IR069_STORMEVENTS_2019_0101_0630.h5,2,ir069,2019-05-10 03:25:00,-121:-116:-111:-106:-101:-96:-91:-86:-81:-76:-71:-66:-61:-56:-51:-46:-41:-36:-31:-26:-21:-16:-11:-6:-1:4:9:14:19:24:29:34:39:44:49:54:59:64:69:74:79:84:89:94:99:104:109:114:119,137256.0,830464.0,Flash Flood,28.237520440897327,-97.32870551834472,31.60184782722301,-93.25315835353588,+proj=laea +lat_0=38 +lon_0=-98 +units=m +a=6370997.0 +ellps=sphere ,192.0,192.0,384000.0,384000.0,-84.4276351928711,-24.77735137939453,0.0
S807772,ir069/2019/SEVIR_IR069_STORMEVENTS_2019_0101_0630.h5,6,ir069,2019-04-15 07:40:00,-121:-116:-111:-106:-101:-96:-91:-86:-81:-76:-71:-66:-61:-56:-51:-46:-41:-36:-31:-26:-21:-16:-11:-6:-1:4:9:14:19:24:29:34:39:44:49:54:59:64:69:74:79:84:89:94:99:104:109:114:119,134771.0,807772.0,Thunderstorm Wind,38.63292814601488,-77.76426623561976,41.073655925591424,-72.21008541899779,+proj=laea +lat_0=38 +lon_0=-98 +units=m +a=6370997.0 +ellps=sphere ,192.0,192.0,384000.0,384000.0,-69.97871398925781,-14.753820419311523,0.0
S808982,ir069/2019/SEVIR_IR069_STORMEVENTS_2019_0101_0630.h5,21,ir069,2019-04-07 22:34:00,-120:-115:-110:-105:-100:-95:-90:-85:-80:-75:-70:-65:-60:-55:-50:-45:-40:-35:-30:-25:-20:-15:-10:-5:0:5:10:15:20:25:30:35:40:45:50:55:60:65:70:75:80:85:90:95:100:105:110:115:120,134986.0,808982.0,Hail,38.12215950874521,-94.93554343773737,41.36429003457586,-90.17718956576915,+proj=laea +lat_0=38 +lon_0=-98 +units=m +a=6370997.0 +ellps=sphere ,192.0,192.0,384000.0,384000.0,-63.7310905456543,-17.323858261108402,0.0
S825312,ir069/2019/SEVIR_IR069_STORMEVENTS_2019_0101_0630.h5,27,ir069,2019-06-18 00:58:00,-119:-114:-109:-104:-99:-94:-89:-84:-79:-74:-69:-64:-59:-54:-49:-44:-39:-34:-29:-24:-19:-14:-9:-4:1:6:11:16:21:26:31:36:41:46:51:56:61:66:71:76:81:86:91:96:101:106:111:116:121,137431.0,825312.0,Thunderstorm Wind,37.45512400838938,-86.31093750645519,40.32119830283385,-81.21611238433785,+proj=laea +lat_0=38 +lon_0=-98 +units=m +a=6370997.0 +ellps=sphere ,192.0,192.0,384000.0,384000.0,-73.92023468017578,-25.45886421203613,0.0
S817783,ir069/2019/SEVIR_IR069_STORMEVENTS_2019_0101_0630.h5,29,ir069,2019-05-19 22:04:00,-120:-115:-110:-105:-100:-95:-90:-85:-80:-75:-70:-65:-60:-55:-50:-45:-40:-35:-30:-25:-20:-15:-10:-5:0:5:10:15:20:25:30:35:40:45:50:55:60:65:70:75:80:85:90:95:100:105:110:115:120,136276.0,817783.0,Thunderstorm Wind,36.12999589480837,-84.12393943577692,38.90164472244055,-79.04638974196969,+proj=laea +lat_0=38 +lon_0=-98 +units=m +a=6370997.0 +ellps=sphere ,192.0,192.0,384000.0,384000.0,-68.29434967041016,-15.652458190917969,0.0
S835788,ir069/2019/SEVIR_IR069_STORMEVENTS_2019_0101_0630.h5,30,ir069,2019-06-24 23:20:00,-122:-117:-112:-107:-102:-97:-92:-87:-82:-77:-72:-67:-62:-57:-52:-47:-42:-37:-32:-27:-22:-17:-12:-7:-2:3:8:13:18:23:28:33:38:43:48:53:58:63:68:73:78:83:88:93:98:103:108:113:118,138938.0,835788.0,Thunderstorm Wind,37.13081253335275,-83.57127650817758,39.87015290955176,-78.38856690817938,+proj=laea +lat_0=38 +lon_0=-98 +units=m +a=6370997.0 +ellps=sphere ,192.0,192.0,384000.0,384000.0,-76.38220977783203,-23.29329872131348,0.0
S823789,ir069/2019/SEVIR_IR069_STORMEVENTS_2019_0101_0630.h5,38,ir069,2019-05-21 03:35:00,-121:-116:-111:-106:-101:-96:-91:-86:-81:-76:-71:-66:-61:-56:-51:-46:-41:-36:-31:-26:-21:-16:-11:-6:-1:4:9:14:19:24:29:34:39:44:49:54:59:64:69:74:79:84:89:94:99:104:109:114:119,137246.0,823789.0,Thunderstorm Wind,34.58007948420226,-97.3230715791471,37.926291471966685,-92.91153436501386,+proj=laea +lat_0=38 +lon_0=-98 +units=m +a=6370997.0 +ellps=sphere ,192.0,192.0,384000.0,384000.0,-82.52340698242188,-19.834692001342773,0.0
S817358,ir069/2019/SEVIR_IR069_STORMEVENTS_2019_0101_0630.h5,39,ir069,2019-05-13 19:52:00,-123:-118:-113:-108:-103:-98:-93:-88:-83:-78:-73:-68:-63:-58:-53:-48:-43:-38:-33:-28:-23:-18:-13:-8:-3:2:7:12:17:22:27:32:37:42:47:52:57:62:67:72:77:82:87:92:97:102:107:112:117,136209.0,817358.0,Hail,29.9946354566815,-104.26264410647434,33.6035968009408,-100.37408028855306,+proj=laea +lat_0=38 +lon_0=-98 +units=m +a=6370997.0 +ellps=sphere ,192.0,192.0,384000.0,384000.0,-66.34731292724611,-18.638080596923828,0.0
S842399,ir069/2019/SEVIR_IR069_STORMEVENTS_2019_0101_0630.h5,43,ir069,2019-06-27 21:25:00,-122:-117:-112:-107:-102:-97:-92:-87:-82:-77:-72:-67:-62:-57:-52:-47:-42:-37:-32:-27:-22:-17:-12:-7:-2:3:8:13:18:23:28:33:38:43:48:53:58:63:68:73:78:83:88:93:98:103:108:113:118,140016.0,842399.0,Thunderstorm Wind,41.88757848247229,-91.39980777128542,44.96745311218264,-86.15146106460861,+proj=laea +lat_0=38 +lon_0=-98 +units=m +a=6370997.0 +ellps=sphere ,192.0,192.0,384000.0,384000.0,-70.75314331054688,-22.281787872314453,0.0
S819119,ir069/2019/SEVIR_IR069_STORMEVENTS_2019_0101_0630.h5,49,ir069,2019-05-12 18:56:00,-122:-117:-112:-107:-102:-97:-92:-87:-82:-77:-72:-67:-62:-57:-52:-47:-42:-37:-32:-27:-22:-17:-12:-7:-2:3:8:13:18:23:28:33:38:43:48:53:58:63:68:73:78:83:88:93:98:103:108:113:118,136487.0,819119.0,Thunderstorm Wind,30.00247267507203,-85.24811369994762,32.8639356649046,-80.64585464037263,+proj=laea +lat_0=38 +lon_0=-98 +units=m +a=6370997.0 +ellps=sphere ,192.0,192.0,384000.0,384000.0,-68.47444152832031,-13.983397483825684,0.0
S838131,ir069/2019/SEVIR_IR069_STORMEVENTS_2019_0101_0630.h5,61,ir069,2019-06-15 05:05:00,-121:-116:-111:-106:-101:-96:-91:-86:-81:-76:-71:-66:-61:-56:-51:-46:-41:-36:-31:-26:-21:-16:-11:-6:-1:4:9:14:19:24:29:34:39:44:49:54:59:64:69:74:79:84:89:94:99:104:109:114:119,139344.0,838131.0,Thunderstorm Wind,35.90937519990077,-100.2650416003163,39.36663562732667,-95.90602272767576,+proj=laea +lat_0=38 +lon_0=-98 +units=m +a=6370997.0 +ellps=sphere ,192.0,192.0,384000.0,384000.0,-75.96431732177734,-23.17369270324707,0.0
S836483,ir069/2019/SEVIR_IR069_STORMEVENTS_2019_0101_0630.h5,74,ir069,2019-06-14 21:22:00,-123:-118:-113:-108:-103:-98:-93:-88:-83:-78:-73:-68:-63:-58:-53:-48:-43:-38:-33:-28:-23:-18:-13:-8:-3:2:7:12:17:22:27:32:37:42:47:52:57:62:67:72:77:82:87:92:97:102:107:112:117,139069.0,836483.0,Hail,45.66096429752899,-113.20304066636815,49.58615481159597,-108.97157092250964,+proj=laea +lat_0=38 +lon_0=-98 +units=m +a=6370997.0 +ellps=sphere ,192.0,192.0,384000.0,384000.0,-64.19752502441406,-21.91656494140625,0.0
S838368,ir069/2019/SEVIR_IR069_STORMEVENTS_2019_0101_0630.h5,107,ir069,2019-06-29 19:20:00,-121:-116:-111:-106:-101:-96:-91:-86:-81:-76:-71:-66:-61:-56:-51:-46:-41:-36:-31:-26:-21:-16:-11:-6:-1:4:9:14:19:24:29:34:39:44:49:54:59:64:69:74:79:84:89:94:99:104:109:114:119,138098.0,838368.0,Thunderstorm Wind,40.5746913522215,-78.79095237337238,43.05267258514471,-73.0852830748965,+proj=laea +lat_0=38 +lon_0=-98 +units=m +a=6370997.0 +ellps=sphere ,192.0,192.0,384000.0,384000.0,-72.07794952392578,-19.630565643310547,0.0
S810893,ir069/2019/SEVIR_IR069_STORMEVENTS_2019_0101_0630.h5,116,ir069,2019-04-27 22:10:00,-121:-116:-111:-106:-101:-96:-91:-86:-81:-76:-71:-66:-61:-56:-51:-46:-41:-36:-31:-26:-21:-16:-11:-6:-1:4:9:14:19:24:29:34:39:44:49:54:59:64:69:74:79:84:89:94:99:104:109:114:119,135234.0,810893.0,Hail,31.81040257425044,-102.92740111931045,35.37021913878603,-98.9041448399901,+proj=laea +lat_0=38 +lon_0=-98 +units=m +a=6370997.0 +ellps=sphere ,192.0,192.0,384000.0,384000.0,-73.80944061279297,-19.74905014038086,0.0
S815938,ir069/2019/SEVIR_IR069_STORMEVENTS_2019_0101_0630.h5,117,ir069,2019-05-28 07:27:00,-123:-118:-113:-108:-103:-98:-93:-88:-83:-78:-73:-68:-63:-58:-53:-48:-43:-38:-33:-28:-23:-18:-13:-8:-3:2:7:12:17:22:27:32:37:42:47:52:57:62:67:72:77:82:87:92:97:102:107:112:117,135977.0,815938.0,Hail,37.854943255218245,-106.99508489251868,41.555083447941605,-102.8561388213954,+proj=laea +lat_0=38 +lon_0=-98 +units=m +a=6370997.0 +ellps=sphere ,192.0,192.0,384000.0,384000.0,-56.41251754760742,-18.369007110595703,0.0
S812378,ir069/2019/SEVIR_IR069_STORMEVENTS_2019_0101_0630.h5,118,ir069,2019-04-24 20:51:00,-122:-117:-112:-107:-102:-97:-92:-87:-82:-77:-72:-67:-62:-57:-52:-47:-42:-37:-32:-27:-22:-17:-12:-7:-2:3:8:13:18:23:28:33:38:43:48:53:58:63:68:73:78:83:88:93:98:103:108:113:118,135448.0,812378.0,Hail,35.57754692322445,-91.64777116185982,38.68888513053565,-86.92530885872904,+proj=laea +lat_0=38 +lon_0=-98 +units=m +a=6370997.0 +ellps=sphere ,192.0,192.0,384000.0,384000.0,-69.62628173828125,-25.54764938354492,0.0
S829927,ir069/2019/SEVIR_IR069_STORMEVENTS_2019_0101_0630.h5,124,ir069,2019-05-19 19:55:00,-121:-116:-111:-106:-101:-96:-91:-86:-81:-76:-71:-66:-61:-56:-51:-46:-41:-36:-31:-26:-21:-16:-11:-6:-1:4:9:14:19:24:29:34:39:44:49:54:59:64:69:74:79:84:89:94:99:104:109:114:119,138056.0,829927.0,Hail,29.20053668584813,-95.34933673608124,32.485847087401744,-91.15510045132636,+proj=laea +lat_0=38 +lon_0=-98 +units=m +a=6370997.0 +ellps=sphere ,192.0,192.0,384000.0,384000.0,-77.55885314941406,-20.25634002685547,0.0
S831916,ir069/2019/SEVIR_IR069_STORMEVENTS_2019_0101_0630.h5,132,ir069,2019-06-27 03:50:00,-122:-117:-112:-107:-102:-97:-92:-87:-82:-77:-72:-67:-62:-57:-52:-47:-42:-37:-32:-27:-22:-17:-12:-7:-2:3:8:13:18:23:28:33:38:43:48:53:58:63:68:73:78:83:88:93:98:103:108:113:118,138344.0,831916.0,Hail,42.152731354993065,-104.35966074266076,45.763368223439606,-99.80080522437645,+proj=laea +lat_0=38 +lon_0=-98 +units=m +a=6370997.0 +ellps=sphere ,192.0,192.0,384000.0,384000.0,-72.73924255371094,-24.685211181640625,0.0
S815893,ir069/2019/SEVIR_IR069_STORMEVENTS_2019_0101_0630.h5,133,ir069,2019-04-23 00:28:00,-119:-114:-109:-104:-99:-94:-89:-84:-79:-74:-69:-64:-59:-54:-49:-44:-39:-34:-29:-24:-19:-14:-9:-4:1:6:11:16:21:26:31:36:41:46:51:56:61:66:71:76:81:86:91:96:101:106:111:116:121,135967.0,815893.0,Hail,39.96243434949532,-92.9518213551368,43.11599954488439,-87.95228853894653,+proj=laea +lat_0=38 +lon_0=-98 +units=m +a=6370997.0 +ellps=sphere ,192.0,192.0,384000.0,384000.0,-66.50136566162111,-17.940263748168945,0.0
S809699,ir069/2019/SEVIR_IR069_STORMEVENTS_2019_0101_0630.h5,138,ir069,2019-04-25 15:01:00,-122:-117:-112:-107:-102:-97:-92:-87:-82:-77:-72:-67:-62:-57:-52:-47:-42:-37:-32:-27:-22:-17:-12:-7:-2:3:8:13:18:23:28:33:38:43:48:53:58:63:68:73:78:83:88:93:98:103:108:113:118,135096.0,809699.0,Thunderstorm Wind,28.38157927933645,-92.29140268987196,31.54962836677416,-88.02872763544242,+proj=laea +lat_0=38 +lon_0=-98 +units=m +a=6370997.0 +ellps=sphere ,192.0,192.0,384000.0,384000.0,-67.10340118408203,-14.416534423828123,0.0
S834579,ir069/2019/SEVIR_IR069_STORMEVENTS_2019_0101_0630.h5,162,ir069,2019-06-27 20:06:00,-123:-118:-113:-108:-103:-98:-93:-88:-83:-78:-73:-68:-63:-58:-53:-48:-43:-38:-33:-28:-23:-18:-13:-8:-3:2:7:12:17:22:27:32:37:42:47:52:57:62:67:72:77:82:87:92:97:102:107:112:117,136950.0,834579.0,Thunderstorm Wind,39.07216687273989,-83.01105158945751,41.77243258538058,-77.63284213927469,+proj=laea +lat_0=38 +lon_0=-98 +units=m +a=6370997.0 +ellps=sphere ,192.0,192.0,384000.0,384000.0,-69.57605743408203,-19.59362030029297,0.0
S836537,ir069/2019/SEVIR_IR069_STORMEVENTS_2019_0101_0630.h5,168,ir069,2019-06-28 01:18:00,-120:-115:-110:-105:-100:-95:-90:-85:-80:-75:-70:-65:-60:-55:-50:-45:-40:-35:-30:-25:-20:-15:-10:-5:0:5:10:15:20:25:30:35:40:45:50:55:60:65:70:75:80:85:90:95:100:105:110:115:120,139080.0,836537.0,Thunderstorm Wind,46.355667737594594,-110.8777143758865,50.20722484525496,-106.42991016340164,+proj=laea +lat_0=38 +lon_0=-98 +units=m +a=6370997.0 +ellps=sphere ,192.0,192.0,384000.0,384000.0,-68.88114166259766,-25.737957000732425,0.0
S819889,ir069/2019/SEVIR_IR069_STORMEVENTS_2019_0101_0630.h5,180,ir069,2019-06-17 20:10:00,-120:-115:-110:-105:-100:-95:-90:-85:-80:-76:-71:-66:-61:-56:-51:-46:-41:-36:-31:-26:-21:-16:-11:-6:-1:4:9:14:19:24:29:34:39:44:49:54:59:64:69:74:79:84:89:94:99:104:109:114:119,136659.0,819889.0,Hail,33.4278333338432,-107.32366286232626,37.137378877622034,-103.41907065585156,+proj=laea +lat_0=38 +lon_0=-98 +units=m +a=6370997.0 +ellps=sphere ,192.0,192.0,384000.0,384000.0,-69.96515655517578,-25.06409072875977,0.0
S814193,ir069/2019/SEVIR_IR069_STORMEVENTS_2019_0101_0630.h5,189,ir069,2019-05-19 22:40:00,-121:-116:-111:-106:-101:-96:-91:-86:-81:-76:-71:-66:-61:-56:-51:-46:-41:-36:-31:-26:-21:-16:-11:-6:-1:4:9:14:19:24:29:34:39:44:49:54:59:64:69:74:79:84:89:94:99:104:109:114:119,135691.0,814193.0,Thunderstorm Wind,34.09677589666874,-121.70385867180498,38.226387805144455,-118.47411819457706,+proj=laea +lat_0=38 +lon_0=-98 +units=m +a=6370997.0 +ellps=sphere ,192.0,192.0,384000.0,384000.0,-52.22286224365234,-20.663930892944336,0.0
S820947,ir069/2019/SEVIR_IR069_STORMEVENTS_2019_0101_0630.h5,190,ir069,2019-04-30 20:29:00,-120:-115:-110:-105:-100:-95:-90:-85:-80:-75:-70:-65:-60:-55:-50:-45:-40:-35:-30:-25:-20:-15:-10:-5:0:5:10:15:20:25:30:35:40:45:50:55:60:65:70:75:80:85:90:95:100:105:110:115:120,136690.0,820947.0,Hail,32.257489809283534,-100.95335504519942,35.74561037456182,-96.8256412233238,+proj=laea +lat_0=38 +lon_0=-98 +units=m +a=6370997.0 +ellps=sphere ,192.0,192.0,384000.0,384000.0,-76.28449249267578,-16.810392379760742,0.0
S827498,ir069/2019/SEVIR_IR069_STORMEVENTS_2019_0101_0630.h5,191,ir069,2019-05-20 23:40:00,-121:-116:-111:-106:-101:-96:-91:-86:-81:-76:-71:-66:-61:-56:-51:-46:-41:-36:-31:-26:-21:-16:-11:-6:-1:4:9:14:19:24:29:34:39:44:49:54:59:64:69:74:79:84:89:94:99:104:109:114:119,137355.0,827498.0,Thunderstorm Wind,35.735175257149194,-96.05025561708952,39.0282959512168,-91.50977572098894,+proj=laea +lat_0=38 +lon_0=-98 +units=m +a=6370997.0 +ellps=sphere ,192.0,192.0,384000.0,384000.0,-80.20375061035156,-20.43089485168457,0.0
S823822,ir069/2019/SEVIR_IR069_STORMEVENTS_2019_0101_0630.h5,202,ir069,2019-05-20 18:19:00,-120:-115:-110:-105:-100:-95:-90:-85:-80:-75:-70:-65:-60:-55:-50:-45:-40:-35:-30:-25:-20:-15:-10:-5:0:5:10:15:20:25:30:35:40:45:50:55:60:65:70:75:80:85:90:95:100:105:110:115:120,137246.0,823822.0,Hail,35.04672184708718,-97.1434403665886,38.3848691598246,-92.69542185045572,+proj=laea +lat_0=38 +lon_0=-98 +units=m +a=6370997.0 +ellps=sphere ,192.0,192.0,384000.0,384000.0,-76.07085418701172,-23.54401397705078,0.0
S823852,ir069/2019/SEVIR_IR069_STORMEVENTS_2019_0101_0630.h5,203,ir069,2019-06-22 09:04:00,-120:-115:-110:-105:-100:-95:-90:-85:-80:-75:-70:-65:-60:-55:-50:-45:-40:-35:-30:-25:-20:-15:-10:-5:0:5:10:15:20:25:30:35:40:45:50:55:60:65:70:75:80:85:90:95:100:105:110:115:120,137248.0,823852.0,Thunderstorm Wind,32.03307189621245,-82.80406190565816,34.77006758476904,-77.98194874218268,+proj=laea +lat_0=38 +lon_0=-98 +units=m +a=6370997.0 +ellps=sphere ,192.0,192.0,384000.0,384000.0,-76.53358459472656,-15.411561012268065,0.0
S819453,ir069/2019/SEVIR_IR069_STORMEVENTS_2019_0101_0630.h5,206,ir069,2019-05-07 22:00:00,-121:-116:-111:-106:-101:-96:-91:-86:-81:-76:-71:-66:-61:-56:-51:-46:-41:-36:-31:-26:-21:-16:-11:-6:-1:4:9:14:19:24:29:34:39:44:49:54:59:64:69:74:79:84:89:94:99:104:109:114:119,136571.0,819453.0,Tornado,40.43457983752693,-116.24330982070973,44.43360556380287,-112.49985699373708,+proj=laea +lat_0=38 +lon_0=-98 +units=m +a=6370997.0 +ellps=sphere ,192.0,192.0,384000.0,384000.0,-57.03515243530274,-25.826934814453125,0.0
S817502,ir069/2019/SEVIR_IR069_STORMEVENTS_2019_0101_0630.h5,207,ir069,2019-05-17 00:51:00,-122:-117:-112:-107:-102:-97:-92:-87:-82:-77:-72:-67:-62:-57:-52:-47:-42:-37:-32:-27:-22:-17:-12:-7:-2:3:8:13:18:23:28:33:38:43:48:53:58:63:68:73:78:83:88:93:98:103:108:113:118,136229.0,817502.0,Hail,30.52520796777751,-106.11845950038344,34.196256634409785,-102.28362768830284,+proj=laea +lat_0=38 +lon_0=-98 +units=m +a=6370997.0 +ellps=sphere ,192.0,192.0,384000.0,384000.0,-70.28139495849611,-21.32685661315918,0.0
S804333,ir069/2019/SEVIR_IR069_STORMEVENTS_2019_0101_0630.h5,213,ir069,2019-03-09 15:29:00,-119:-114:-109:-104:-99:-94:-89:-84:-79:-74:-69:-64:-59:-54:-49:-44:-39:-34:-29:-24:-19:-14:-9:-4:1:6:11:16:21:26:31:36:41:46:51:56:61:66:71:76:81:86:91:96:101:106:111:116:121,134298.0,804333.0,Thunderstorm Wind,31.301445405348225,-97.07534379763456,34.64638590136239,-92.83888101244864,+proj=laea +lat_0=38 +lon_0=-98 +units=m +a=6370997.0 +ellps=sphere ,192.0,192.0,384000.0,384000.0,-72.93438720703125,-11.650797843933104,0.0
S827358,ir069/2019/SEVIR_IR069_STORMEVENTS_2019_0101_0630.h5,215,ir069,2019-05-07 20:13:00,-119:-114:-109:-104:-99:-94:-89:-84:-79:-74:-69:-64:-59:-54:-49:-44:-39:-34:-29:-24:-19:-14:-9:-4:1:6:11:16:21:26:31:36:41:46:51:56:61:66:71:76:81:86:91:96:101:106:111:116:121,137560.0,827358.0,Thunderstorm Wind,25.28168790168793,-82.3722255065872,28.05020779584945,-77.94821840827775,+proj=laea +lat_0=38 +lon_0=-98 +units=m +a=6370997.0 +ellps=sphere ,192.0,192.0,384000.0,384000.0,-70.9561538696289,-20.88803100585937,0.0
S824376,ir069/2019/SEVIR_IR069_STORMEVENTS_2019_0101_0630.h5,216,ir069,2019-05-29 01:22:00,-123:-118:-113:-108:-103:-98:-93:-88:-83:-78:-73:-68:-63:-58:-53:-48:-43:-38:-33:-28:-23:-18:-13:-8:-3:2:7:12:17:22:27:32:37:42:47:52:57:62:67:72:77:82:87:92:97:102:107:112:117,137341.0,824376.0,Hail,38.885243316185296,-92.61198911014873,42.02708730640674,-87.68438222048289,+proj=laea +lat_0=38 +lon_0=-98 +units=m +a=6370997.0 +ellps=sphere ,192.0,192.0,384000.0,384000.0,-77.95903015136719,-17.987031936645508,0.0
S825747,ir069/2019/SEVIR_IR069_STORMEVENTS_2019_0101_0630.h5,217,ir069,2019-05-07 00:34:00,-120:-115:-110:-105:-100:-95:-90:-85:-80:-75:-70:-65:-60:-55:-50:-45:-40:-35:-30:-25:-20:-15:-10:-5:0:5:10:15:20:25:30:35:40:45:50:55:60:65:70:75:80:85:90:95:100:105:110:115:120,137486.0,825747.0,Hail,33.36215697908116,-104.00897081582268,36.958387843722186,-99.95841645140722,+proj=laea +lat_0=38 +lon_0=-98 +units=m +a=6370997.0 +ellps=sphere ,192.0,192.0,384000.0,384000.0,-75.27963256835938,-18.77423095703125,0.0
S815393,ir069/2019/SEVIR_IR069_STORMEVENTS_2019_0101_0630.h5,221,ir069,2019-04-06 19:00:00,-121:-116:-111:-106:-101:-96:-91:-86:-81:-76:-71:-66:-61:-56:-51:-46:-41:-36:-31:-26:-21:-16:-11:-6:-1:4:9:14:19:24:29:34:39:44:49:54:59:64:69:74:79:84:89:94:99:104:109:114:119,135859.0,815393.0,Thunderstorm Wind,30.132749308975548,-93.95253458340687,33.35958790503169,-89.65804887924456,+proj=laea +lat_0=38 +lon_0=-98 +units=m +a=6370997.0 +ellps=sphere ,192.0,192.0,384000.0,384000.0,-71.38703918457031,-24.14296531677246,0.0
S807481,ir069/2019/SEVIR_IR069_STORMEVENTS_2019_0101_0630.h5,230,ir069,2019-04-12 11:56:00,-122:-117:-112:-107:-102:-97:-92:-87:-82:-77:-72:-67:-62:-57:-52:-47:-42:-37:-32:-27:-22:-17:-12:-7:-2:3:8:13:18:23:28:33:38:43:48:53:58:63:68:73:78:83:88:93:98:103:108:113:118,134743.0,807481.0,Thunderstorm Wind,38.04418493136245,-86.79355642087847,40.92955825920371,-81.67032990832627,+proj=laea +lat_0=38 +lon_0=-98 +units=m +a=6370997.0 +ellps=sphere ,192.0,192.0,384000.0,384000.0,-58.32076644897461,-28.65100479125977,0.0
S822507,ir069/2019/SEVIR_IR069_STORMEVENTS_2019_0101_0630.h5,232,ir069,2019-06-16 19:45:00,-121:-116:-111:-106:-101:-96:-91:-86:-81:-76:-71:-66:-61:-56:-51:-46:-41:-36:-31:-26:-21:-16:-11:-6:-1:4:9:14:19:24:29:34:39:44:49:54:59:64:69:74:79:84:89:94:99:104:109:114:119,137070.0,822507.0,Heavy Rain,27.52824256687313,-84.24322893487981,30.36226677038237,-79.75389120730998,+proj=laea +lat_0=38 +lon_0=-98 +units=m +a=6370997.0 +ellps=sphere ,192.0,192.0,384000.0,384000.0,-77.29239654541016,-18.237722396850582,0.0
S830087,ir069/2019/SEVIR_IR069_STORMEVENTS_2019_0101_0630.h5,238,ir069,2019-06-29 19:08:00,-119:-114:-109:-104:-99:-94:-89:-84:-79:-74:-69:-64:-59:-54:-49:-44:-39:-34:-29:-24:-19:-14:-9:-4:1:6:11:16:21:26:31:36:41:46:51:56:61:66:71:76:81:86:91:96:101:106:111:116:121,138104.0,830087.0,Thunderstorm Wind,38.6717922433464,-78.20562318453402,41.13486428414495,-72.66538650788462,+proj=laea +lat_0=38 +lon_0=-98 +units=m +a=6370997.0 +ellps=sphere ,192.0,192.0,384000.0,384000.0,-72.07794952392578,-19.630565643310547,0.0
S832864,ir069/2019/SEVIR_IR069_STORMEVENTS_2019_0101_0630.h5,250,ir069,2019-06-19 00:37:00,-123:-118:-113:-108:-103:-98:-93:-88:-83:-78:-73:-68:-63:-58:-53:-48:-43:-38:-33:-28:-23:-18:-13:-8:-3:2:7:12:17:22:27:32:37:42:47:52:57:62:67:72:77:82:87:92:97:102:107:112:117,138514.0,832864.0,Hail,28.44086652401437,-105.45019647693763,32.09245369606821,-101.66927302641771,+proj=laea +lat_0=38 +lon_0=-98 +units=m +a=6370997.0 +ellps=sphere ,192.0,192.0,384000.0,384000.0,-81.56221771240234,-22.374704360961918,0.0
S820077,ir069/2019/SEVIR_IR069_STORMEVENTS_2019_0101_0630.h5,252,ir069,2019-06-14 00:52:00,-123:-118:-113:-108:-103:-98:-93:-88:-83:-78:-73:-68:-63:-58:-53:-48:-43:-38:-33:-28:-23:-18:-13:-8:-3:2:7:12:17:22:27:32:37:42:47:52:57:62:67:72:77:82:87:92:97:102:107:112:117,136688.0,820077.0,Thunderstorm Wind,40.89973128590599,-105.17068916018049,44.53860365712202,-100.74666747402692,+proj=laea +lat_0=38 +lon_0=-98 +units=m +a=6370997.0 +ellps=sphere ,192.0,192.0,384000.0,384000.0,-72.31185913085938,-27.535871505737305,0.0
S820469,ir069/2019/SEVIR_IR069_STORMEVENTS_2019_0101_0630.h5,255,ir069,2019-06-22 19:54:00,-120:-115:-110:-105:-100:-95:-90:-85:-80:-75:-70:-65:-60:-55:-50:-45:-40:-35:-30:-25:-20:-15:-10:-5:0:5:10:15:20:25:30:35:40:45:50:55:60:65:70:75:80:85:90:95:100:105:110:115:120,136762.0,820469.0,Hail,40.813422703858144,-73.5952008681041,43.01294960061144,-67.65161303808964,+proj=laea +lat_0=38 +lon_0=-98 +units=m +a=6370997.0 +ellps=sphere ,192.0,192.0,384000.0,384000.0,-47.7488899230957,-18.88072204589844,0.0
S830947,ir069/2019/SEVIR_IR069_STORMEVENTS_2019_0101_0630.h5,266,ir069,2019-05-29 01:59:00,-120:-115:-110:-105:-100:-95:-90:-85:-80:-75:-70:-65:-60:-55:-50:-45:-40:-35:-30:-25:-20:-15:-10:-5:0:5:10:15:20:25:30:35:40:45:50:55:60:65:70:75:80:85:90:95:100:105:110:115:120,136056.0,830947.0,Thunderstorm Wind,38.14282104681989,-98.50313714614178,41.52939459819397,-93.91554406120692,+proj=laea +lat_0=38 +lon_0=-98 +units=m +a=6370997.0 +ellps=sphere ,192.0,192.0,384000.0,384000.0,-75.07444763183594,-22.37053871154785,0.0
S824755,ir069/2019/SEVIR_IR069_STORMEVENTS_2019_0101_0630.h5,268,ir069,2019-05-02 18:42:00,-123:-118:-113:-108:-103:-98:-93:-88:-83:-78:-73:-68:-63:-58:-53:-48:-43:-38:-33:-28:-23:-18:-13:-8:-3:2:7:12:17:22:27:32:37:42:47:52:57:62:67:72:77:82:87:92:97:102:107:112:117,137106.0,824755.0,Hail,30.3574264135188,-100.5377717955876,33.83420567817278,-96.48517407702214,+proj=laea +lat_0=38 +lon_0=-98 +units=m +a=6370997.0 +ellps=sphere ,192.0,192.0,384000.0,384000.0,-79.57929992675781,-18.507089614868164,0.0
S841365,ir069/2019/SEVIR_IR069_STORMEVENTS_2019_0101_0630.h5,277,ir069,2019-06-27 20:06:00,-123:-118:-113:-108:-103:-98:-93:-88:-83:-78:-73:-68:-63:-58:-53:-48:-43:-38:-33:-28:-23:-18:-13:-8:-3:2:7:12:17:22:27:32:37:42:47:52:57:62:67:72:77:82:87:92:97:102:107:112:117,139868.0,841365.0,Hail,43.35027580342478,-73.27359492042223,45.50637689717984,-67.02276653154661,+proj=laea +lat_0=38 +lon_0=-98 +units=m +a=6370997.0 +ellps=sphere ,192.0,192.0,384000.0,384000.0,-59.23993301391602,-18.011205673217773,0.0
S836470,ir069/2019/SEVIR_IR069_STORMEVENTS_2019_0101_0630.h5,279,ir069,2019-06-13 19:45:00,-121:-116:-111:-106:-101:-96:-91:-86:-81:-76:-71:-66:-61:-56:-51:-46:-41:-36:-31:-26:-21:-16:-11:-6:-1:4:9:14:19:24:29:34:39:44:49:54:59:64:69:74:79:84:89:94:99:104:109:114:119,139066.0,836470.0,Hail,44.19009857327071,-113.46250487874596,48.11790535983665,-109.34303414758836,+proj=laea +lat_0=38 +lon_0=-98 +units=m +a=6370997.0 +ellps=sphere ,192.0,192.0,384000.0,384000.0,-67.68534851074219,-30.36039352416992,0.0
S839779,ir069/2019/SEVIR_IR069_STORMEVENTS_2019_0101_0630.h5,281,ir069,2019-06-22 02:26:00,-122:-117:-112:-107:-102:-97:-92:-87:-82:-77:-72:-67:-62:-57:-52:-47:-42:-37:-32:-27:-22:-17:-12:-7:-2:3:8:13:18:23:28:33:38:43:48:53:58:63:68:73:78:83:88:93:98:103:108:113:118,139617.0,839779.0,Thunderstorm Wind,33.662020324807266,-88.67185716487482,36.65321255672554,-83.95955139987718,+proj=laea +lat_0=38 +lon_0=-98 +units=m +a=6370997.0 +ellps=sphere ,192.0,192.0,384000.0,384000.0,-79.46576690673828,-18.99185562133789,0.0
S812771,ir069/2019/SEVIR_IR069_STORMEVENTS_2019_0101_0630.h5,294,ir069,2019-03-29 12:06:00,-121:-116:-111:-106:-101:-96:-91:-86:-81:-76:-71:-66:-61:-56:-51:-46:-41:-36:-31:-26:-21:-16:-11:-6:-1:4:9:14:19:24:29:34:39:44:49:54:59:64:69:74:79:84:89:94:99:104:109:114:119,135323.0,812771.0,Hail,34.95362867173966,-99.2065923012268,38.37197002159029,-94.85612008345215,+proj=laea +lat_0=38 +lon_0=-98 +units=m +a=6370997.0 +ellps=sphere ,192.0,192.0,384000.0,384000.0,-69.38433837890625,-24.369070053100582,0.0
S823306,ir069/2019/SEVIR_IR069_STORMEVENTS_2019_0101_0630.h5,303,ir069,2019-06-29 02:55:00,-121:-116:-111:-106:-101:-96:-91:-86:-81:-76:-71:-66:-61:-56:-51:-46:-41:-36:-31:-26:-21:-16:-11:-6:-1:4:9:14:19:24:29:34:39:44:49:54:59:64:69:74:79:84:89:94:99:104:109:114:119,137184.0,823306.0,Thunderstorm Wind,38.28925093643858,-107.21048531274128,41.99719670152496,-103.05884006353403,+proj=laea +lat_0=38 +lon_0=-98 +units=m +a=6370997.0 +ellps=sphere ,192.0,192.0,384000.0,384000.0,-67.06630706787111,-19.38155174255371,0.0
S827642,ir069/2019/SEVIR_IR069_STORMEVENTS_2019_0101_0630.h5,306,ir069,2019-05-15 22:56:00,-122:-117:-112:-107:-102:-97:-92:-87:-82:-77:-72:-67:-62:-57:-52:-47:-42:-37:-32:-27:-22:-17:-12:-7:-2:3:8:13:18:23:28:33:38:43:48:53:58:63:68:73:78:83:88:93:98:103:108:113:118,137767.0,827642.0,Hail,24.578159866425565,-82.53391948994094,27.359585255955487,-78.15216605095236,+proj=laea +lat_0=38 +lon_0=-98 +units=m +a=6370997.0 +ellps=sphere ,192.0,192.0,384000.0,384000.0,-65.59947204589844,-20.28817367553711,0.0
S841959,ir069/2019/SEVIR_IR069_STORMEVENTS_2019_0101_0630.h5,319,ir069,2019-06-22 05:28:00,-119:-114:-109:-104:-99:-94:-89:-84:-79:-74:-69:-64:-59:-54:-49:-44:-39:-34:-29:-24:-19:-14:-9:-4:1:6:11:16:21:26:31:36:41:46:51:56:61:66:71:76:81:86:91:96:101:106:111:116:121,139569.0,841959.0,Thunderstorm Wind,32.88931174100172,-85.84268287280055,35.75937026257174,-81.07377553189761,+proj=laea +lat_0=38 +lon_0=-98 +units=m +a=6370997.0 +ellps=sphere ,192.0,192.0,384000.0,384000.0,-77.96177673339844,-16.935102462768555,0.0
S817190,ir069/2019/SEVIR_IR069_STORMEVENTS_2019_0101_0630.h5,321,ir069,2019-05-23 21:24:00,-120:-115:-110:-105:-100:-95:-90:-85:-80:-75:-70:-65:-60:-55:-50:-45:-40:-35:-30:-25:-20:-15:-10:-5:0:5:10:15:20:25:30:35:40:45:50:55:60:65:70:75:80:85:90:95:100:105:110:115:120,136185.0,817190.0,Thunderstorm Wind,37.753175901261336,-86.58538266736696,40.6303988245809,-81.47755953014197,+proj=laea +lat_0=38 +lon_0=-98 +units=m +a=6370997.0 +ellps=sphere ,192.0,192.0,384000.0,384000.0,-72.99911499023438,-19.09590148925781,0.0
S824296,ir069/2019/SEVIR_IR069_STORMEVENTS_2019_0101_0630.h5,326,ir069,2019-05-07 19:40:00,-121:-116:-111:-106:-101:-96:-91:-86:-81:-76:-71:-66:-61:-56:-51:-46:-41:-36:-31:-26:-21:-16:-11:-6:-1:4:9:14:19:24:29:34:39:44:49:54:59:64:69:74:79:84:89:94:99:104:109:114:119,137328.0,824296.0,Hail,29.03357568515675,-98.08203446372296,32.42346580283645,-93.99717066825104,+proj=laea +lat_0=38 +lon_0=-98 +units=m +a=6370997.0 +ellps=sphere ,192.0,192.0,384000.0,384000.0,-78.32670593261719,-18.347694396972656,0.0
S813123,ir069/2019/SEVIR_IR069_STORMEVENTS_2019_0101_0630.h5,336,ir069,2019-05-02 18:33:00,-119:-114:-109:-104:-99:-94:-89:-84:-79:-74:-69:-64:-59:-54:-49:-44:-39:-34:-29:-24:-19:-14:-9:-4:1:6:11:16:21:26:31:36:41:46:51:56:61:66:71:76:81:86:91:96:101:106:111:116:121,135544.0,813123.0,Tornado,33.31696118245652,-94.32118724456534,36.54711423976988,-89.85912475601955,+proj=laea +lat_0=38 +lon_0=-98 +units=m +a=6370997.0 +ellps=sphere ,192.0,192.0,384000.0,384000.0,-70.05735778808594,-25.64154624938965,0.0
S812025,ir069/2019/SEVIR_IR069_STORMEVENTS_2019_0101_0630.h5,362,ir069,2019-04-14 22:14:00,-120:-115:-110:-105:-100:-95:-90:-85:-80:-75:-70:-65:-60:-55:-50:-45:-40:-35:-30:-25:-20:-15:-10:-5:0:5:10:15:20:25:30:35:40:45:50:55:60:65:70:75:80:85:90:95:100:105:110:115:120,134815.0,812025.0,Thunderstorm Wind,38.36726794600253,-85.51322535036067,41.19133384967024,-80.30652531389659,+proj=laea +lat_0=38 +lon_0=-98 +units=m +a=6370997.0 +ellps=sphere ,192.0,192.0,384000.0,384000.0,-64.91992950439453,-12.263514518737791,0.0
S811079,ir069/2019/SEVIR_IR069_STORMEVENTS_2019_0101_0630.h5,366,ir069,2019-04-08 23:42:00,-123:-118:-113:-108:-103:-98:-93:-88:-83:-78:-73:-68:-63:-58:-53:-48:-43:-38:-33:-28:-23:-18:-13:-8:-3:2:7:12:17:22:27:32:37:42:47:52:57:62:67:72:77:82:87:92:97:102:107:112:117,135289.0,811079.0,Hail,31.7254502834182,-91.722778653012,34.8552363862072,-87.25334317011819,+proj=laea +lat_0=38 +lon_0=-98 +units=m +a=6370997.0 +ellps=sphere ,192.0,192.0,384000.0,384000.0,-60.61440658569336,-10.700420379638672,0.0
S811216,ir069/2019/SEVIR_IR069_STORMEVENTS_2019_0101_0630.h5,377,ir069,2019-05-02 18:45:00,-121:-116:-111:-106:-101:-96:-91:-86:-81:-76:-71:-66:-61:-56:-51:-46:-41:-36:-31:-26:-21:-16:-11:-6:-1:4:9:14:19:24:29:34:39:44:49:54:59:64:69:74:79:84:89:94:99:104:109:114:119,135297.0,811216.0,Hail,37.27044688292237,-86.63708439653301,40.15250701004988,-81.57140158996897,+proj=laea +lat_0=38 +lon_0=-98 +units=m +a=6370997.0 +ellps=sphere ,192.0,192.0,384000.0,384000.0,-73.3835678100586,-21.07866859436035,0.0
S827049,ir069/2019/SEVIR_IR069_STORMEVENTS_2019_0101_0630.h5,398,ir069,2019-05-10 19:07:00,-123:-118:-113:-108:-103:-98:-93:-88:-83:-78:-73:-68:-63:-58:-53:-48:-43:-38:-33:-28:-23:-18:-13:-8:-3:2:7:12:17:22:27:32:37:42:47:52:57:62:67:72:77:82:87:92:97:102:107:112:117,137658.0,827049.0,Thunderstorm Wind,41.55814462341817,-78.32335734864971,44.00400941123441,-72.49336324141542,+proj=laea +lat_0=38 +lon_0=-98 +units=m +a=6370997.0 +ellps=sphere ,192.0,192.0,384000.0,384000.0,-51.03195571899414,-16.86818504333496,0.0
S819538,ir069/2019/SEVIR_IR069_STORMEVENTS_2019_0101_0630.h5,400,ir069,2019-06-16 22:56:00,-122:-117:-112:-107:-102:-97:-92:-87:-82:-77:-72:-67:-62:-57:-52:-47:-42:-37:-32:-27:-22:-17:-12:-7:-2:3:8:13:18:23:28:33:38:43:48:53:58:63:68:73:78:83:88:93:98:103:108:113:118,136598.0,819538.0,Funnel Cloud,45.18092009796497,-97.69439174914486,48.5294180054887,-92.4775183758704,+proj=laea +lat_0=38 +lon_0=-98 +units=m +a=6370997.0 +ellps=sphere ,192.0,192.0,384000.0,384000.0,-49.79637145996094,-22.323034286499023,0.0
S820293,ir069/2019/SEVIR_IR069_STORMEVENTS_2019_0101_0630.h5,405,ir069,2019-04-15 02:50:00,-121:-116:-111:-106:-101:-96:-91:-86:-81:-76:-71:-66:-61:-56:-51:-46:-41:-36:-31:-26:-21:-16:-11:-6:-1:4:9:14:19:24:29:34:39:44:49:54:59:64:69:74:79:84:89:94:99:104:109:114:119,136654.0,820293.0,Thunderstorm Wind,35.23414554890584,-83.32146392425406,37.97368531619336,-78.283103686438,+proj=laea +lat_0=38 +lon_0=-98 +units=m +a=6370997.0 +ellps=sphere ,192.0,192.0,384000.0,384000.0,-54.40643692016602,-7.927062511444093,0.0
S812915,ir069/2019/SEVIR_IR069_STORMEVENTS_2019_0101_0630.h5,413,ir069,2019-04-26 23:10:00,-121:-116:-111:-106:-101:-96:-91:-86:-81:-76:-71:-66:-61:-56:-51:-46:-41:-36:-31:-26:-21:-16:-11:-6:-1:4:9:14:19:24:29:34:39:44:49:54:59:64:69:74:79:84:89:94:99:104:109:114:119,135519.0,812915.0,Hail,37.57031453879375,-84.52249929112699,40.35215238718825,-79.34209574153084,+proj=laea +lat_0=38 +lon_0=-98 +units=m +a=6370997.0 +ellps=sphere ,192.0,192.0,384000.0,384000.0,-47.3914794921875,-14.326701164245604,0.0
S836143,ir069/2019/SEVIR_IR069_STORMEVENTS_2019_0101_0630.h5,422,ir069,2019-06-15 19:50:00,-121:-116:-111:-106:-101:-96:-91:-86:-81:-76:-71:-66:-61:-56:-51:-46:-41:-36:-31:-26:-21:-16:-11:-6:-1:4:9:14:19:24:29:34:39:44:49:54:59:64:69:74:79:84:89:94:99:104:109:114:119,139014.0,836143.0,Thunderstorm Wind,41.97511029914336,-97.58895286699352,45.321032581917066,-92.66009852466507,+proj=laea +lat_0=38 +lon_0=-98 +units=m +a=6370997.0 +ellps=sphere ,192.0,192.0,384000.0,384000.0,-72.65817260742188,-19.340797424316406,0.0
S837442,ir069/2019/SEVIR_IR069_STORMEVENTS_2019_0101_0630.h5,427,ir069,2019-06-16 20:50:00,-121:-116:-111:-106:-101:-96:-91:-86:-81:-76:-71:-66:-61:-56:-51:-46:-41:-36:-31:-26:-21:-16:-11:-6:-1:4:9:14:19:24:29:34:39:44:49:54:59:64:69:74:79:84:89:94:99:104:109:114:119,139223.0,837442.0,Hail,39.0919912879958,-103.96136943456855,42.68552203891555,-99.58923740212757,+proj=laea +lat_0=38 +lon_0=-98 +units=m +a=6370997.0 +ellps=sphere ,192.0,192.0,384000.0,384000.0,-70.77938079833984,-23.65886116027832,0.0
S808730,ir069/2019/SEVIR_IR069_STORMEVENTS_2019_0101_0630.h5,428,ir069,2019-04-06 23:21:00,-122:-117:-112:-107:-102:-97:-92:-87:-82:-77:-72:-67:-62:-57:-52:-47:-42:-37:-32:-27:-22:-17:-12:-7:-2:3:8:13:18:23:28:33:38:43:48:53:58:63:68:73:78:83:88:93:98:103:108:113:118,134954.0,808730.0,Hail,28.87082332600769,-83.96936296590692,31.683095173111703,-79.39223736446783,+proj=laea +lat_0=38 +lon_0=-98 +units=m +a=6370997.0 +ellps=sphere ,192.0,192.0,384000.0,384000.0,-69.03713989257811,-20.90363311767578,0.0
S809830,ir069/2019/SEVIR_IR069_STORMEVENTS_2019_0101_0630.h5,432,ir069,2019-04-13 11:23:00,-119:-114:-109:-104:-99:-94:-89:-84:-79:-74:-69:-64:-59:-54:-49:-44:-39:-34:-29:-24:-19:-14:-9:-4:1:6:11:16:21:26:31:36:41:46:51:56:61:66:71:76:81:86:91:96:101:106:111:116:121,135114.0,809830.0,Thunderstorm Wind,31.16410216654655,-95.27177345419638,34.439341853034314,-90.97186078354684,+proj=laea +lat_0=38 +lon_0=-98 +units=m +a=6370997.0 +ellps=sphere ,192.0,192.0,384000.0,384000.0,-74.45179748535156,-17.916046142578125,0.0
S836644,ir069/2019/SEVIR_IR069_STORMEVENTS_2019_0101_0630.h5,435,ir069,2019-06-18 19:11:00,-122:-117:-112:-107:-102:-97:-92:-87:-82:-77:-72:-67:-62:-57:-52:-47:-42:-37:-32:-27:-22:-17:-12:-7:-2:3:8:13:18:23:28:33:38:43:48:53:58:63:68:73:78:83:88:93:98:103:108:113:118,136669.0,836644.0,Thunderstorm Wind,35.62012170662646,-81.87316348817116,38.28816693802877,-76.74741464228138,+proj=laea +lat_0=38 +lon_0=-98 +units=m +a=6370997.0 +ellps=sphere ,192.0,192.0,384000.0,384000.0,-74.49845886230469,-24.53805732727051,0.0
S820034,ir069/2019/SEVIR_IR069_STORMEVENTS_2019_0101_0630.h5,440,ir069,2019-04-15 05:07:00,-123:-118:-113:-108:-103:-98:-93:-88:-83:-78:-73:-68:-63:-58:-53:-48:-43:-38:-33:-28:-23:-18:-13:-8:-3:2:7:12:17:22:27:32:37:42:47:52:57:62:67:72:77:82:87:92:97:102:107:112:117,136359.0,820034.0,Thunderstorm Wind,35.416274800827885,-80.71974974846785,38.03004642659555,-75.56593645302905,+proj=laea +lat_0=38 +lon_0=-98 +units=m +a=6370997.0 +ellps=sphere ,192.0,192.0,384000.0,384000.0,-68.62175750732422,-11.577999114990234,0.0
S854814,ir069/2019/SEVIR_IR069_STORMEVENTS_2019_0101_0630.h5,441,ir069,2019-06-24 23:00:00,-122:-117:-112:-107:-102:-97:-92:-87:-82:-77:-72:-67:-62:-57:-52:-47:-42:-37:-32:-27:-22:-17:-12:-7:-2:3:8:13:18:23:28:33:38:43:48:53:58:63:68:73:78:83:88:93:98:103:108:113:118,142205.0,854814.0,Thunderstorm Wind,24.67736062776893,-100.02522906457024,28.152585689702303,-96.19096920124716,+proj=laea +lat_0=38 +lon_0=-98 +units=m +a=6370997.0 +ellps=sphere ,192.0,192.0,384000.0,384000.0,-89.35812377929688,-17.286985397338867,0.0
S834490,ir069/2019/SEVIR_IR069_STORMEVENTS_2019_0101_0630.h5,450,ir069,2019-06-29 21:35:00,-121:-116:-111:-106:-101:-96:-91:-86:-81:-76:-71:-66:-61:-56:-51:-46:-41:-36:-31:-26:-21:-16:-11:-6:-1:4:9:14:19:24:29:34:39:44:49:54:59:64:69:74:79:84:89:94:99:104:109:114:119,138777.0,834490.0,Thunderstorm Wind,36.890581373814335,-80.37999080115802,39.47680940511467,-75.08900785781684,+proj=laea +lat_0=38 +lon_0=-98 +units=m +a=6370997.0 +ellps=sphere ,192.0,192.0,384000.0,384000.0,-71.94994354248047,-22.35758781433105,0.0
S818956,ir069/2019/SEVIR_IR069_STORMEVENTS_2019_0101_0630.h5,456,ir069,2019-04-24 20:20:00,-121:-116:-111:-106:-101:-96:-91:-86:-81:-76:-71:-66:-61:-56:-51:-46:-41:-36:-31:-26:-21:-16:-11:-6:-1:4:9:14:19:24:29:34:39:44:49:54:59:64:69:74:79:84:89:94:99:104:109:114:119,135490.0,818956.0,Thunderstorm Wind,28.858558764385915,-99.67877954689595,32.30786194603065,-95.661655408791,+proj=laea +lat_0=38 +lon_0=-98 +units=m +a=6370997.0 +ellps=sphere ,192.0,192.0,384000.0,384000.0,-71.88965606689453,-11.167723655700684,0.0
S820279,ir069/2019/SEVIR_IR069_STORMEVENTS_2019_0101_0630.h5,457,ir069,2019-04-04 12:45:00,-121:-116:-111:-106:-101:-96:-91:-86:-81:-76:-71:-66:-61:-56:-51:-46:-41:-36:-31:-26:-21:-16:-11:-6:-1:4:9:14:19:24:29:34:39:44:49:54:59:64:69:74:79:84:89:94:99:104:109:114:119,136572.0,820279.0,Thunderstorm Wind,28.342116144787877,-94.35374166975056,31.59207677767817,-90.16618942044528,+proj=laea +lat_0=38 +lon_0=-98 +units=m +a=6370997.0 +ellps=sphere ,192.0,192.0,384000.0,384000.0,-77.97534942626953,-18.555509567260746,0.0
S828275,ir069/2019/SEVIR_IR069_STORMEVENTS_2019_0101_0630.h5,459,ir069,2019-05-09 00:15:00,-121:-116:-111:-106:-101:-96:-91:-86:-81:-76:-71:-66:-61:-56:-51:-46:-41:-36:-31:-26:-21:-16:-11:-6:-1:4:9:14:19:24:29:34:39:44:49:54:59:64:69:74:79:84:89:94:99:104:109:114:119,136978.0,828275.0,Thunderstorm Wind,30.801769556568928,-93.52540985702382,34.008889970176874,-89.17825147866773,+proj=laea +lat_0=38 +lon_0=-98 +units=m +a=6370997.0 +ellps=sphere ,192.0,192.0,384000.0,384000.0,-78.37890625,-23.42828941345215,0.0
S834193,ir069/2019/SEVIR_IR069_STORMEVENTS_2019_0101_0630.h5,463,ir069,2019-06-26 01:30:00,-122:-117:-112:-107:-102:-97:-92:-87:-82:-77:-72:-67:-62:-57:-52:-47:-42:-37:-32:-27:-22:-17:-12:-7:-2:3:8:13:18:23:28:33:38:43:48:53:58:63:68:73:78:83:88:93:98:103:108:113:118,138714.0,834193.0,Thunderstorm Wind,38.82024039657849,-93.19526158236472,41.987308540825424,-88.30056486619875,+proj=laea +lat_0=38 +lon_0=-98 +units=m +a=6370997.0 +ellps=sphere ,192.0,192.0,384000.0,384000.0,-71.03717803955078,-21.52676010131836,0.0
S819754,ir069/2019/SEVIR_IR069_STORMEVENTS_2019_0101_0630.h5,470,ir069,2019-06-13 23:25:00,-121:-116:-111:-106:-101:-96:-91:-86:-81:-76:-71:-66:-61:-56:-51:-46:-41:-36:-31:-26:-21:-16:-11:-6:-1:4:9:14:19:24:29:34:39:44:49:54:59:64:69:74:79:84:89:94:99:104:109:114:119,136639.0,819754.0,Hail,31.098835904594782,-106.8867142124638,34.79489230627471,-103.06091345766814,+proj=laea +lat_0=38 +lon_0=-98 +units=m +a=6370997.0 +ellps=sphere ,192.0,192.0,384000.0,384000.0,-79.20436096191406,-21.77113342285156,0.0
S828776,ir069/2019/SEVIR_IR069_STORMEVENTS_2019_0101_0630.h5,479,ir069,2019-05-23 10:28:00,-119:-114:-109:-104:-99:-94:-89:-84:-79:-74:-69:-64:-59:-54:-49:-44:-39:-34:-29:-24:-19:-14:-9:-4:1:6:11:16:21:26:31:36:41:46:51:56:61:66:71:76:81:86:91:96:101:106:111:116:121,137897.0,828776.0,Thunderstorm Wind,39.63257068786472,-86.58638441861766,42.500492779589294,-81.31477963689879,+proj=laea +lat_0=38 +lon_0=-98 +units=m +a=6370997.0 +ellps=sphere ,192.0,192.0,384000.0,384000.0,-71.45658874511719,-25.47332572937012,0.0
S829189,ir069/2019/SEVIR_IR069_STORMEVENTS_2019_0101_0630.h5,481,ir069,2019-06-29 17:55:00,-121:-116:-111:-106:-101:-96:-91:-86:-81:-76:-71:-66:-61:-56:-51:-46:-41:-36:-31:-26:-21:-16:-11:-6:-1:4:9:14:19:24:29:34:39:44:49:54:59:64:69:74:79:84:89:94:99:104:109:114:119,137969.0,829189.0,Thunderstorm Wind,45.21012307791499,-99.35051004046429,48.627542617727634,-94.23200800341688,+proj=laea +lat_0=38 +lon_0=-98 +units=m +a=6370997.0 +ellps=sphere ,192.0,192.0,384000.0,384000.0,-74.12455749511719,-24.182025909423828,0.0
S822130,ir069/2019/SEVIR_IR069_STORMEVENTS_2019_0101_0630.h5,489,ir069,2019-05-17 02:38:00,-119:-114:-109:-104:-99:-94:-89:-84:-79:-74:-69:-64:-59:-54:-49:-44:-39:-34:-29:-24:-19:-14:-9:-4:1:6:11:16:21:26:31:36:41:46:51:56:61:66:71:76:81:86:91:96:101:106:111:116:121,137003.0,822130.0,Thunderstorm Wind,39.844449564480016,-96.5945240479622,43.1519117300718,-91.78645096106273,+proj=laea +lat_0=38 +lon_0=-98 +units=m +a=6370997.0 +ellps=sphere ,192.0,192.0,384000.0,384000.0,-77.29077911376953,-23.74702453613281,0.0
S808466,ir069/2019/SEVIR_IR069_STORMEVENTS_2019_0101_0630.h5,496,ir069,2019-03-02 10:53:00,-118:-113:-108:-103:-98:-93:-88:-83:-78:-73:-68:-63:-58:-53:-48:-43:-38:-33:-28:-23:-18:-13:-8:-3:2:7:12:17:22:27:32:37:42:47:52:57:62:67:72:77:82:87:92:97:102:107:112:117:122,134886.0,808466.0,Hail,28.98567187028959,-87.26969486530092,31.94175405430093,-82.79855804780807,+proj=laea +lat_0=38 +lon_0=-98 +units=m +a=6370997.0 +ellps=sphere ,192.0,192.0,384000.0,384000.0,-65.40294647216797,-21.203100204467773,0.0
S814633,ir069/2019/SEVIR_IR069_STORMEVENTS_2019_0101_0630.h5,514,ir069,2019-03-14 23:35:00,-120:-115:-110:-105:-100:-95:-90:-85:-80:-75:-70:-65:-60:-55:-50:-45:-40:-35:-30:-25:-20:-15:-10:-5:0:5:10:15:20:25:30:35:40:45:50:55:60:65:70:75:80:85:90:95:100:105:110:115:120,133866.0,814633.0,Thunderstorm Wind,41.15632515616578,-86.63957882359988,44.01942711049739,-81.22709491405912,+proj=laea +lat_0=38 +lon_0=-98 +units=m +a=6370997.0 +ellps=sphere ,192.0,192.0,384000.0,384000.0,-48.79724884033203,-9.297643661499023,0.0
S811313,ir069/2019/SEVIR_IR069_STORMEVENTS_2019_0101_0630.h5,521,ir069,2019-04-14 21:26:00,-122:-117:-112:-107:-102:-97:-92:-87:-82:-77:-72:-67:-62:-57:-52:-47:-42:-37:-32:-27:-22:-17:-12:-7:-2:3:8:13:18:23:28:33:38:43:48:53:58:63:68:73:78:83:88:93:98:103:108:113:118,134696.0,811313.0,Thunderstorm Wind,39.5839431071225,-84.08733001371282,42.333284533762864,-78.70831905492217,+proj=laea +lat_0=38 +lon_0=-98 +units=m +a=6370997.0 +ellps=sphere ,192.0,192.0,384000.0,384000.0,-64.91992950439453,-12.263514518737791,0.0
S819586,ir069/2019/SEVIR_IR069_STORMEVENTS_2019_0101_0630.h5,543,ir069,2019-05-17 00:00:00,-121:-116:-111:-106:-101:-96:-91:-86:-81:-76:-71:-66:-61:-56:-51:-46:-41:-36:-31:-26:-21:-16:-11:-6:-1:4:9:14:19:24:29:34:39:44:49:54:59:64:69:74:79:84:89:94:99:104:109:114:119,136625.0,819586.0,Hail,42.20773417479873,-110.9719280980136,46.049224567395584,-106.80997712250112,+proj=laea +lat_0=38 +lon_0=-98 +units=m +a=6370997.0 +ellps=sphere ,192.0,192.0,384000.0,384000.0,-69.76465606689453,-30.533586502075195,0.0
S834459,ir069/2019/SEVIR_IR069_STORMEVENTS_2019_0101_0630.h5,548,ir069,2019-06-28 21:50:00,-121:-116:-111:-106:-101:-96:-91:-86:-81:-76:-71:-66:-61:-56:-51:-46:-41:-36:-31:-26:-21:-16:-11:-6:-1:4:9:14:19:24:29:34:39:44:49:54:59:64:69:74:79:84:89:94:99:104:109:114:119,138773.0,834459.0,Thunderstorm Wind,36.44671673978513,-81.05719572660746,39.06940927337628,-75.83101308432197,+proj=laea +lat_0=38 +lon_0=-98 +units=m +a=6370997.0 +ellps=sphere ,192.0,192.0,384000.0,384000.0,-71.13263702392578,-23.639318466186523,0.0
S836898,ir069/2019/SEVIR_IR069_STORMEVENTS_2019_0101_0630.h5,556,ir069,2019-06-18 23:58:00,-119:-114:-109:-104:-99:-94:-89:-84:-79:-74:-69:-64:-59:-54:-49:-44:-39:-34:-29:-24:-19:-14:-9:-4:1:6:11:16:21:26:31:36:41:46:51:56:61:66:71:76:81:86:91:96:101:106:111:116:121,139142.0,836898.0,Thunderstorm Wind,41.64119843760765,-113.6241599862966,45.56549824582093,-109.65995897291236,+proj=laea +lat_0=38 +lon_0=-98 +units=m +a=6370997.0 +ellps=sphere ,192.0,192.0,384000.0,384000.0,-65.79537963867189,-24.70168113708496,0.0
S813016,ir069/2019/SEVIR_IR069_STORMEVENTS_2019_0101_0630.h5,560,ir069,2019-03-28 00:35:00,-120:-115:-110:-105:-100:-95:-90:-85:-80:-75:-70:-65:-60:-55:-50:-45:-40:-35:-30:-25:-20:-15:-10:-5:0:5:10:15:20:25:30:35:40:45:50:55:60:65:70:75:80:85:90:95:100:105:110:115:120,135531.0,813016.0,Hail,34.50756101555709,-103.04299689853646,38.068586318579456,-98.89103270657696,+proj=laea +lat_0=38 +lon_0=-98 +units=m +a=6370997.0 +ellps=sphere ,192.0,192.0,384000.0,384000.0,-64.00981140136719,-25.11772918701172,0.0
S813578,ir069/2019/SEVIR_IR069_STORMEVENTS_2019_0101_0630.h5,569,ir069,2019-05-14 16:51:00,-122:-117:-112:-107:-102:-97:-92:-87:-82:-77:-72:-67:-62:-57:-52:-47:-42:-37:-32:-27:-22:-17:-12:-7:-2:3:8:13:18:23:28:33:38:43:48:53:58:63:68:73:78:83:88:93:98:103:108:113:118,135606.0,813578.0,Thunderstorm Wind,26.95536760136128,-83.73072053356306,29.770975288329375,-79.25721352398334,+proj=laea +lat_0=38 +lon_0=-98 +units=m +a=6370997.0 +ellps=sphere ,192.0,192.0,384000.0,384000.0,-69.57170104980469,-19.450910568237305,0.0
S823798,ir069/2019/SEVIR_IR069_STORMEVENTS_2019_0101_0630.h5,579,ir069,2019-05-21 11:08:00,-119:-114:-109:-104:-99:-94:-89:-84:-79:-74:-69:-64:-59:-54:-49:-44:-39:-34:-29:-24:-19:-14:-9:-4:1:6:11:16:21:26:31:36:41:46:51:56:61:66:71:76:81:86:91:96:101:106:111:116:121,137246.0,823798.0,Tornado,34.293743490011344,-98.30463727641327,37.67867310589522,-93.95301400738524,+proj=laea +lat_0=38 +lon_0=-98 +units=m +a=6370997.0 +ellps=sphere ,192.0,192.0,384000.0,384000.0,-76.95081329345703,-21.27259063720703,0.0
S820254,ir069/2019/SEVIR_IR069_STORMEVENTS_2019_0101_0630.h5,600,ir069,2019-04-04 07:45:00,-121:-116:-111:-106:-101:-96:-91:-86:-81:-76:-71:-66:-61:-56:-51:-46:-41:-36:-31:-26:-21:-16:-11:-6:-1:4:9:14:19:24:29:34:39:44:49:54:59:64:69:74:79:84:89:94:99:104:109:114:119,136572.0,820254.0,Hail,29.254626623028702,-95.34783943567244,32.539675164960016,-91.15083082689432,+proj=laea +lat_0=38 +lon_0=-98 +units=m +a=6370997.0 +ellps=sphere ,192.0,192.0,384000.0,384000.0,-75.5669937133789,-19.72907066345215,0.0
S819072,ir069/2019/SEVIR_IR069_STORMEVENTS_2019_0101_0630.h5,608,ir069,2019-04-09 18:10:00,-121:-116:-111:-106:-101:-96:-91:-86:-81:-76:-71:-66:-61:-56:-51:-46:-41:-36:-31:-26:-21:-16:-11:-6:-1:4:9:14:19:24:29:34:39:44:49:54:59:64:69:74:79:84:89:94:99:104:109:114:119,136472.0,819072.0,Thunderstorm Wind,41.43431581445529,-77.36794626382928,43.83096468898183,-71.51070647437429,+proj=laea +lat_0=38 +lon_0=-98 +units=m +a=6370997.0 +ellps=sphere ,192.0,192.0,384000.0,384000.0,-50.63708877563477,-15.58430290222168,0.0
S831590,ir069/2019/SEVIR_IR069_STORMEVENTS_2019_0101_0630.h5,613,ir069,2019-05-07 02:07:00,-123:-118:-113:-108:-103:-98:-93:-88:-83:-78:-73:-68:-63:-58:-53:-48:-43:-38:-33:-28:-23:-18:-13:-8:-3:2:7:12:17:22:27:32:37:42:47:52:57:62:67:72:77:82:87:92:97:102:107:112:117,138314.0,831590.0,Flood,36.34679366068965,-121.08130865608013,40.46576683692145,-117.76330421870146,+proj=laea +lat_0=38 +lon_0=-98 +units=m +a=6370997.0 +ellps=sphere ,192.0,192.0,384000.0,384000.0,-64.18890380859375,-27.46162986755371,0.0
S817176,ir069/2019/SEVIR_IR069_STORMEVENTS_2019_0101_0630.h5,617,ir069,2019-04-30 07:16:00,-122:-117:-112:-107:-102:-97:-92:-87:-82:-77:-72:-67:-62:-57:-52:-47:-42:-37:-32:-27:-22:-17:-12:-7:-2:3:8:13:18:23:28:33:38:43:48:53:58:63:68:73:78:83:88:93:98:103:108:113:118,136178.0,817176.0,Hail,38.79493848222934,-94.53732299941532,42.0189227952016,-89.70893190689004,+proj=laea +lat_0=38 +lon_0=-98 +units=m +a=6370997.0 +ellps=sphere ,192.0,192.0,384000.0,384000.0,-69.40984344482422,-27.77765464782715,0.0
S818821,ir069/2019/SEVIR_IR069_STORMEVENTS_2019_0101_0630.h5,633,ir069,2019-05-01 01:30:00,-121:-116:-111:-106:-101:-96:-91:-86:-81:-76:-71:-66:-61:-56:-51:-46:-41:-36:-31:-26:-21:-16:-11:-6:-1:4:9:14:19:24:29:34:39:44:49:54:59:64:69:74:79:84:89:94:99:104:109:114:119,135812.0,818821.0,Thunderstorm Wind,31.9888150792286,-98.46590677178608,35.38495745075959,-94.24910374978322,+proj=laea +lat_0=38 +lon_0=-98 +units=m +a=6370997.0 +ellps=sphere ,192.0,192.0,384000.0,384000.0,-77.6058349609375,-17.090194702148438,0.0
S809177,ir069/2019/SEVIR_IR069_STORMEVENTS_2019_0101_0630.h5,644,ir069,2019-04-24 01:58:00,-119:-114:-109:-104:-99:-94:-89:-84:-79:-74:-69:-64:-59:-54:-49:-44:-39:-34:-29:-24:-19:-14:-9:-4:1:6:11:16:21:26:31:36:41:46:51:56:61:66:71:76:81:86:91:96:101:106:111:116:121,135026.0,809177.0,Thunderstorm Wind,37.62669027816701,-83.3349573456387,40.35164535817276,-78.10000069779987,+proj=laea +lat_0=38 +lon_0=-98 +units=m +a=6370997.0 +ellps=sphere ,192.0,192.0,384000.0,384000.0,-63.83773422241211,-25.90813636779785,0.0
S840156,ir069/2019/SEVIR_IR069_STORMEVENTS_2019_0101_0630.h5,649,ir069,2019-06-19 01:30:00,-121:-116:-111:-106:-101:-96:-91:-86:-81:-76:-71:-66:-61:-56:-51:-46:-41:-36:-31:-26:-21:-16:-11:-6:-1:4:9:14:19:24:29:34:39:44:49:54:59:64:69:74:79:84:89:94:99:104:109:114:119,139683.0,840156.0,Hail,33.84328538551815,-103.39277061196373,37.41734378504616,-99.29088418276964,+proj=laea +lat_0=38 +lon_0=-98 +units=m +a=6370997.0 +ellps=sphere ,192.0,192.0,384000.0,384000.0,-77.32740020751953,-17.005178451538086,0.0
S814025,ir069/2019/SEVIR_IR069_STORMEVENTS_2019_0101_0630.h5,650,ir069,2019-04-29 23:44:00,-120:-115:-110:-105:-100:-95:-90:-85:-80:-75:-70:-65:-60:-55:-50:-45:-40:-35:-30:-25:-20:-15:-10:-5:0:5:10:15:20:25:30:35:40:45:50:55:60:65:70:75:80:85:90:95:100:105:110:115:120,135666.0,814025.0,Hail,29.911903479086437,-105.04624309951332,33.547667885913484,-101.19246182334604,+proj=laea +lat_0=38 +lon_0=-98 +units=m +a=6370997.0 +ellps=sphere ,192.0,192.0,384000.0,384000.0,-77.7228775024414,-22.565528869628903,0.0
S813512,ir069/2019/SEVIR_IR069_STORMEVENTS_2019_0101_0630.h5,652,ir069,2019-05-17 22:41:00,-122:-117:-112:-107:-102:-97:-92:-87:-82:-77:-72:-67:-62:-57:-52:-47:-42:-37:-32:-27:-22:-17:-12:-7:-2:3:8:13:18:23:28:33:38:43:48:53:58:63:68:73:78:83:88:93:98:103:108:113:118,135592.0,813512.0,Hail,38.78299619247945,-105.30175711699492,42.42464576197696,-101.01997090252397,+proj=laea +lat_0=38 +lon_0=-98 +units=m +a=6370997.0 +ellps=sphere ,192.0,192.0,384000.0,384000.0,-71.97471618652344,-12.279947280883787,0.0
S822848,ir069/2019/SEVIR_IR069_STORMEVENTS_2019_0101_0630.h5,654,ir069,2019-06-17 22:30:00,-121:-116:-111:-106:-101:-96:-91:-86:-81:-76:-71:-66:-61:-56:-51:-46:-41:-36:-31:-26:-21:-16:-11:-6:-1:4:9:14:19:24:29:34:39:44:49:54:59:64:69:74:79:84:89:94:99:104:109:114:119,137126.0,822848.0,Thunderstorm Wind,34.907593292469805,-84.4957062708688,37.704056087737,-79.52868928518524,+proj=laea +lat_0=38 +lon_0=-98 +units=m +a=6370997.0 +ellps=sphere ,192.0,192.0,384000.0,384000.0,-73.4065170288086,-22.887683868408203,0.0
S840100,ir069/2019/SEVIR_IR069_STORMEVENTS_2019_0101_0630.h5,660,ir069,2019-06-16 01:00:00,-121:-116:-111:-106:-101:-96:-91:-86:-81:-76:-71:-66:-61:-56:-51:-46:-41:-36:-31:-26:-21:-16:-11:-6:-1:4:9:14:19:24:29:34:39:44:49:54:59:64:69:74:79:84:89:94:99:104:109:114:119,139669.0,840100.0,Thunderstorm Wind,33.44603662662198,-102.5902883190192,36.99179207697283,-98.47288422196507,+proj=laea +lat_0=38 +lon_0=-98 +units=m +a=6370997.0 +ellps=sphere ,192.0,192.0,384000.0,384000.0,-82.18656158447266,-19.50308418273925,0.0
S825084,ir069/2019/SEVIR_IR069_STORMEVENTS_2019_0101_0630.h5,669,ir069,2019-06-16 00:01:00,-122:-117:-112:-107:-102:-97:-92:-87:-82:-77:-72:-67:-62:-57:-52:-47:-42:-37:-32:-27:-22:-17:-12:-7:-2:3:8:13:18:23:28:33:38:43:48:53:58:63:68:73:78:83:88:93:98:103:108:113:118,137401.0,825084.0,Hail,39.38831585507265,-95.20690613268312,42.63907576525617,-90.3650230660888,+proj=laea +lat_0=38 +lon_0=-98 +units=m +a=6370997.0 +ellps=sphere ,192.0,192.0,384000.0,384000.0,-74.633544921875,-21.59767341613769,0.0
S806181,ir069/2019/SEVIR_IR069_STORMEVENTS_2019_0101_0630.h5,670,ir069,2019-04-07 21:30:00,-121:-116:-111:-106:-101:-96:-91:-86:-81:-76:-71:-66:-61:-56:-51:-46:-41:-36:-31:-26:-21:-16:-11:-6:-1:4:9:14:19:24:29:34:39:44:49:54:59:64:69:74:79:84:89:94:99:104:109:114:119,134543.0,806181.0,Hail,33.020993591108606,-89.00167728602707,36.02965415891709,-84.3453119998005,+proj=laea +lat_0=38 +lon_0=-98 +units=m +a=6370997.0 +ellps=sphere ,192.0,192.0,384000.0,384000.0,-67.16506195068361,-25.523616790771484,0.0
S816084,ir069/2019/SEVIR_IR069_STORMEVENTS_2019_0101_0630.h5,671,ir069,2019-04-29 01:45:00,-121:-116:-111:-106:-101:-96:-91:-86:-81:-76:-71:-66:-61:-56:-51:-46:-41:-36:-31:-26:-21:-16:-11:-6:-1:4:9:14:19:24:29:34:39:44:49:54:59:64:69:74:79:84:89:94:99:104:109:114:119,136000.0,816084.0,Hail,39.78964924251817,-96.52540722575952,43.09435180796663,-91.71810179214144,+proj=laea +lat_0=38 +lon_0=-98 +units=m +a=6370997.0 +ellps=sphere ,192.0,192.0,384000.0,384000.0,-70.752197265625,-27.22329330444336,0.0
S832112,ir069/2019/SEVIR_IR069_STORMEVENTS_2019_0101_0630.h5,673,ir069,2019-06-22 20:46:00,-122:-117:-112:-107:-102:-97:-92:-87:-82:-77:-72:-67:-62:-57:-52:-47:-42:-37:-32:-27:-22:-17:-12:-7:-2:3:8:13:18:23:28:33:38:43:48:53:58:63:68:73:78:83:88:93:98:103:108:113:118,137157.0,832112.0,Thunderstorm Wind,31.171763123685828,-83.27300314518828,33.93637578775493,-78.52610851139893,+proj=laea +lat_0=38 +lon_0=-98 +units=m +a=6370997.0 +ellps=sphere ,192.0,192.0,384000.0,384000.0,-84.92886352539062,-24.2923641204834,0.0
S820237,ir069/2019/SEVIR_IR069_STORMEVENTS_2019_0101_0630.h5,678,ir069,2019-04-14 06:05:00,-121:-116:-111:-106:-101:-96:-91:-86:-81:-76:-71:-66:-61:-56:-51:-46:-41:-36:-31:-26:-21:-16:-11:-6:-1:4:9:14:19:24:29:34:39:44:49:54:59:64:69:74:79:84:89:94:99:104:109:114:119,136733.0,820237.0,Thunderstorm Wind,30.08363081588943,-90.81587384430308,33.18334651687271,-86.40804114564214,+proj=laea +lat_0=38 +lon_0=-98 +units=m +a=6370997.0 +ellps=sphere ,192.0,192.0,384000.0,384000.0,-77.95230102539062,-10.506026268005373,0.0
S812418,ir069/2019/SEVIR_IR069_STORMEVENTS_2019_0101_0630.h5,684,ir069,2019-05-06 20:30:00,-121:-116:-111:-106:-101:-96:-91:-86:-81:-76:-71:-66:-61:-56:-51:-46:-41:-36:-31:-26:-21:-16:-11:-6:-1:4:9:14:19:24:29:34:39:44:49:54:59:64:69:74:79:84:89:94:99:104:109:114:119,135465.0,812418.0,Hail,39.43033840471149,-106.91430912939362,43.12932318089116,-102.68087178682356,+proj=laea +lat_0=38 +lon_0=-98 +units=m +a=6370997.0 +ellps=sphere ,192.0,192.0,384000.0,384000.0,-68.35049438476561,-27.128210067749023,0.0
S823268,ir069/2019/SEVIR_IR069_STORMEVENTS_2019_0101_0630.h5,694,ir069,2019-05-09 08:05:00,-121:-116:-111:-106:-101:-96:-91:-86:-81:-76:-71:-66:-61:-56:-51:-46:-41:-36:-31:-26:-21:-16:-11:-6:-1:4:9:14:19:24:29:34:39:44:49:54:59:64:69:74:79:84:89:94:99:104:109:114:119,136484.0,823268.0,Flash Flood,30.69521706908048,-96.14200666784645,34.006007486672594,-91.90094733163016,+proj=laea +lat_0=38 +lon_0=-98 +units=m +a=6370997.0 +ellps=sphere ,192.0,192.0,384000.0,384000.0,-79.1977310180664,-14.021113395690918,0.0
S833512,ir069/2019/SEVIR_IR069_STORMEVENTS_2019_0101_0630.h5,697,ir069,2019-05-14 10:25:00,-121:-116:-111:-106:-101:-96:-91:-86:-81:-76:-71:-66:-61:-56:-51:-46:-41:-36:-31:-26:-21:-16:-11:-6:-1:4:9:14:19:24:29:34:39:44:49:54:59:64:69:74:79:84:89:94:99:104:109:114:119,138631.0,833512.0,Thunderstorm Wind,24.46009383067178,-100.02126856790228,27.93598234022218,-96.19490684730664,+proj=laea +lat_0=38 +lon_0=-98 +units=m +a=6370997.0 +ellps=sphere ,192.0,192.0,384000.0,384000.0,-80.67838287353516,-13.919986724853516,0.0
S822101,ir069/2019/SEVIR_IR069_STORMEVENTS_2019_0101_0630.h5,701,ir069,2019-06-28 22:10:00,-121:-116:-111:-106:-101:-96:-91:-86:-81:-76:-71:-66:-61:-56:-51:-46:-41:-36:-31:-26:-21:-16:-11:-6:-1:4:9:14:19:24:29:34:39:44:49:54:59:64:69:74:79:84:89:94:99:104:109:114:119,136995.0,822101.0,Hail,28.27448848931496,-97.49125555521697,31.64478150502337,-93.41990443675856,+proj=laea +lat_0=38 +lon_0=-98 +units=m +a=6370997.0 +ellps=sphere ,192.0,192.0,384000.0,384000.0,-68.05786895751953,-17.600515365600586,0.0
S818130,ir069/2019/SEVIR_IR069_STORMEVENTS_2019_0101_0630.h5,703,ir069,2019-04-11 01:23:00,-119:-114:-109:-104:-99:-94:-89:-84:-79:-74:-69:-64:-59:-54:-49:-44:-39:-34:-29:-24:-19:-14:-9:-4:1:6:11:16:21:26:31:36:41:46:51:56:61:66:71:76:81:86:91:96:101:106:111:116:121,136267.0,818130.0,Hail,38.67393231614701,-100.55767866898772,42.14004038550296,-96.03628197005794,+proj=laea +lat_0=38 +lon_0=-98 +units=m +a=6370997.0 +ellps=sphere ,192.0,192.0,384000.0,384000.0,-68.05206298828125,-18.47934341430664,0.0
S829658,ir069/2019/SEVIR_IR069_STORMEVENTS_2019_0101_0630.h5,706,ir069,2019-05-06 20:49:00,-120:-115:-110:-105:-100:-95:-90:-85:-80:-75:-70:-65:-60:-55:-50:-45:-40:-35:-30:-25:-20:-15:-10:-5:0:5:10:15:20:25:30:35:40:45:50:55:60:65:70:75:80:85:90:95:100:105:110:115:120,137702.0,829658.0,Thunderstorm Wind,37.80571512818269,-99.8441273185942,41.24496842104218,-95.34526246067404,+proj=laea +lat_0=38 +lon_0=-98 +units=m +a=6370997.0 +ellps=sphere ,192.0,192.0,384000.0,384000.0,-74.09183502197266,-25.363046646118164,0.0
S819843,ir069/2019/SEVIR_IR069_STORMEVENTS_2019_0101_0630.h5,707,ir069,2019-04-08 21:03:00,-119:-114:-109:-104:-99:-94:-89:-84:-79:-74:-69:-64:-59:-54:-49:-44:-39:-34:-29:-24:-19:-14:-9:-4:1:6:11:16:21:26:31:36:41:46:51:56:61:66:71:76:81:86:91:96:101:106:111:116:121,136649.0,819843.0,Thunderstorm Wind,35.17994351392325,-81.58226721803699,37.83710922653625,-76.48063051294386,+proj=laea +lat_0=38 +lon_0=-98 +units=m +a=6370997.0 +ellps=sphere ,192.0,192.0,384000.0,384000.0,-72.10565185546875,-29.280607223510746,0.0
S821901,ir069/2019/SEVIR_IR069_STORMEVENTS_2019_0101_0630.h5,714,ir069,2019-04-26 16:00:00,-121:-116:-111:-106:-101:-96:-91:-86:-81:-76:-71:-66:-61:-56:-51:-46:-41:-36:-31:-26:-21:-16:-11:-6:-1:4:9:14:19:24:29:34:39:44:49:54:59:64:69:74:79:84:89:94:99:104:109:114:119,136923.0,821901.0,Thunderstorm Wind,35.48434355795567,-79.29924894892066,38.02797754281828,-74.0857313608364,+proj=laea +lat_0=38 +lon_0=-98 +units=m +a=6370997.0 +ellps=sphere ,192.0,192.0,384000.0,384000.0,-65.85472869873047,-14.48969268798828,0.0
S823299,ir069/2019/SEVIR_IR069_STORMEVENTS_2019_0101_0630.h5,721,ir069,2019-06-21 21:59:00,-120:-115:-110:-105:-100:-95:-90:-85:-80:-75:-70:-65:-60:-55:-50:-45:-40:-35:-30:-25:-20:-15:-10:-5:0:5:10:15:20:25:30:35:40:45:50:55:60:65:70:75:80:85:90:95:100:105:110:115:120,137183.0,823299.0,Hail,37.30637254713327,-106.10962573989298,40.97551716693896,-101.95509336731482,+proj=laea +lat_0=38 +lon_0=-98 +units=m +a=6370997.0 +ellps=sphere ,192.0,192.0,384000.0,384000.0,-62.78864288330078,-15.201210021972654,0.0
S843100,ir069/2019/SEVIR_IR069_STORMEVENTS_2019_0101_0630.h5,728,ir069,2019-06-11 19:37:00,-123:-118:-113:-108:-103:-98:-93:-88:-83:-78:-73:-68:-63:-58:-53:-48:-43:-38:-33:-28:-23:-18:-13:-8:-3:2:7:12:17:22:27:32:37:42:47:52:57:62:67:72:77:82:87:92:97:102:107:112:117,140137.0,843100.0,Hail,25.254562362875,-82.43652633387659,28.026154762091235,-78.0159439036008,+proj=laea +lat_0=38 +lon_0=-98 +units=m +a=6370997.0 +ellps=sphere ,192.0,192.0,384000.0,384000.0,-78.56198120117188,-18.693721771240234,0.0
R18041521007813,vil/2018/SEVIR_VIL_RANDOMEVENTS_2018_0101_0430.h5,7,vil,2018-04-15 21:00:00,-120:-115:-110:-105:-100:-95:-90:-85:-80:-75:-70:-65:-60:-55:-50:-45:-40:-35:-30:-25:-20:-15:-10:-5:0:5:10:15:20:25:30:35:40:45:50:55:60:65:70:75:80:85:90:95:100:105:110:115:120,,,,35.78235998095005,-82.80006356108024,38.49362361597533,-77.69760220645873,+proj=laea +lat_0=38 +lon_0=-98 +units=m +a=6370997.0 +ellps=sphere ,384.0,384.0,384000.0,384000.0,0.0,254.0,0.0
R18041507307915,vil/2018/SEVIR_VIL_RANDOMEVENTS_2018_0101_0430.h5,29,vil,2018-04-15 07:30:00,-120:-115:-110:-105:-100:-95:-90:-85:-80:-75:-70:-65:-60:-55:-50:-45:-40:-35:-30:-25:-20:-15:-10:-5:0:5:10:15:20:25:30:35:40:45:50:55:60:65:70:75:80:85:90:95:100:105:110:115:120,,,,36.84105284687903,-86.67949492305286,39.727257548343104,-81.65040220841766,+proj=laea +lat_0=38 +lon_0=-98 +units=m +a=6370997.0 +ellps=sphere ,384.0,384.0,384000.0,384000.0,0.0,200.0,0.0
R18041208257862,vil/2018/SEVIR_VIL_RANDOMEVENTS_2018_0101_0430.h5,33,vil,2018-04-12 08:25:00,-120:-115:-110:-105:-100:-95:-90:-85:-80:-75:-70:-65:-60:-55:-50:-45:-40:-35:-30:-25:-20:-15:-10:-5:0:5:10:15:20:25:30:35:40:45:50:55:60:65:70:75:80:85:90:95:100:105:110:115:120,,,,36.44146118038364,-82.64532433674731,39.14097973763567,-77.48275431156208,+proj=laea +lat_0=38 +lon_0=-98 +units=m +a=6370997.0 +ellps=sphere ,384.0,384.0,384000.0,384000.0,0.0,108.0,0.0
R18041208258383,vil/2018/SEVIR_VIL_RANDOMEVENTS_2018_0101_0430.h5,34,vil,2018-04-12 08:25:00,-120:-115:-110:-105:-100:-95:-90:-85:-80:-75:-70:-65:-60:-55:-50:-45:-40:-35:-30:-25:-20:-15:-10:-5:0:5:10:15:20:25:30:35:40:45:50:55:60:65:70:75:80:85:90:95:100:105:110:115:120,,,,42.30760123115543,-87.68813549077541,45.215121055520974,-82.21205144422156,+proj=laea +lat_0=38 +lon_0=-98 +units=m +a=6370997.0 +ellps=sphere ,384.0,384.0,384000.0,384000.0,0.0,179.0,0.0
R18041208258136,vil/2018/SEVIR_VIL_RANDOMEVENTS_2018_0101_0430.h5,37,vil,2018-04-12 08:25:00,-120:-115:-110:-105:-100:-95:-90:-85:-80:-75:-70:-65:-60:-55:-50:-45:-40:-35:-30:-25:-20:-15:-10:-5:0:5:10:15:20:25:30:35:40:45:50:55:60:65:70:75:80:85:90:95:100:105:110:115:120,,,,39.59068538050528,-87.00601584822405,42.47841383426579,-81.75730712680863,+proj=laea +lat_0=38 +lon_0=-98 +units=m +a=6370997.0 +ellps=sphere ,384.0,384.0,384000.0,384000.0,0.0,179.0,0.0
R18042220007935,vil/2018/SEVIR_VIL_RANDOMEVENTS_2018_0101_0430.h5,43,vil,2018-04-22 20:00:00,-120:-115:-110:-105:-100:-95:-90:-85:-80:-75:-70:-65:-60:-55:-50:-45:-40:-35:-30:-25:-20:-15:-10:-5:0:5:10:15:20:25:30:35:40:45:50:55:60:65:70:75:80:85:90:95:100:105:110:115:120,,,,37.0352822581516,-90.70074855340616,40.10039018819041,-85.83027284876492,+proj=laea +lat_0=38 +lon_0=-98 +units=m +a=6370997.0 +ellps=sphere ,384.0,384.0,384000.0,384000.0,0.0,186.0,0.0
R18041909127741,vil/2018/SEVIR_VIL_RANDOMEVENTS_2018_0101_0430.h5,107,vil,2018-04-19 09:12:30,-120:-115:-110:-105:-100:-95:-90:-85:-80:-75:-70:-65:-60:-55:-50:-45:-40:-35:-30:-25:-20:-15:-10:-5:0:5:10:15:20:25:30:35:40:45:50:55:60:65:70:75:80:85:90:95:100:105:110:115:120,,,,36.00130401955839,-106.94408678440418,39.69850018429202,-102.90014517290264,+proj=laea +lat_0=38 +lon_0=-98 +units=m +a=6370997.0 +ellps=sphere ,384.0,384.0,384000.0,384000.0,0.0,162.0,0.0
R18041909127296,vil/2018/SEVIR_VIL_RANDOMEVENTS_2018_0101_0430.h5,109,vil,2018-04-19 09:12:30,-120:-115:-110:-105:-100:-95:-90:-85:-80:-75:-70:-65:-60:-55:-50:-45:-40:-35:-30:-25:-20:-15:-10:-5:0:5:10:15:20:25:30:35:40:45:50:55:60:65:70:75:80:85:90:95:100:105:110:115:120,,,,31.99661677774941,-122.37414405407586,36.13921186905555,-119.22053687451506,+proj=laea +lat_0=38 +lon_0=-98 +units=m +a=6370997.0 +ellps=sphere ,384.0,384.0,384000.0,384000.0,0.0,186.0,0.0
R18041909128164,vil/2018/SEVIR_VIL_RANDOMEVENTS_2018_0101_0430.h5,110,vil,2018-04-19 09:12:30,-120:-115:-110:-105:-100:-95:-90:-85:-80:-75:-70:-65:-60:-55:-50:-45:-40:-35:-30:-25:-20:-15:-10:-5:0:5:10:15:20:25:30:35:40:45:50:55:60:65:70:75:80:85:90:95:100:105:110:115:120,,,,40.47837386704712,-77.76809388497986,42.90401004562013,-72.02952185728019,+proj=laea +lat_0=38 +lon_0=-98 +units=m +a=6370997.0 +ellps=sphere ,384.0,384.0,384000.0,384000.0,0.0,198.0,0.0
R18032604208304,vil/2018/SEVIR_VIL_RANDOMEVENTS_2018_0101_0430.h5,118,vil,2018-03-26 04:20:00,-120:-115:-110:-105:-100:-95:-90:-85:-80:-75:-70:-65:-60:-55:-50:-45:-40:-35:-30:-25:-20:-15:-10:-5:0:5:10:15:20:25:30:35:40:45:50:55:60:65:70:75:80:85:90:95:100:105:110:115:120,,,,42.14517031626104,-96.38774145804344,45.44101522672055,-91.37878303366377,+proj=laea +lat_0=38 +lon_0=-98 +units=m +a=6370997.0 +ellps=sphere ,384.0,384.0,384000.0,384000.0,0.0,204.0,0.0
R18041303577708,vil/2018/SEVIR_VIL_RANDOMEVENTS_2018_0101_0430.h5,207,vil,2018-04-13 03:57:30,-120:-115:-110:-105:-100:-95:-90:-85:-80:-75:-70:-65:-60:-55:-50:-45:-40:-35:-30:-25:-20:-15:-10:-5:0:5:10:15:20:25:30:35:40:45:50:55:60:65:70:75:80:85:90:95:100:105:110:115:120,,,,40.33248243704898,-117.12659711953071,44.35654464962495,-113.44181395678066,+proj=laea +lat_0=38 +lon_0=-98 +units=m +a=6370997.0 +ellps=sphere ,384.0,384.0,384000.0,384000.0,0.0,170.0,0.0
R18041303578045,vil/2018/SEVIR_VIL_RANDOMEVENTS_2018_0101_0430.h5,208,vil,2018-04-13 03:57:30,-120:-115:-110:-105:-100:-95:-90:-85:-80:-75:-70:-65:-60:-55:-50:-45:-40:-35:-30:-25:-20:-15:-10:-5:0:5:10:15:20:25:30:35:40:45:50:55:60:65:70:75:80:85:90:95:100:105:110:115:120,,,,38.543616217431136,-85.47071731572477,41.36473185247737,-80.2467405261868,+proj=laea +lat_0=38 +lon_0=-98 +units=m +a=6370997.0 +ellps=sphere ,384.0,384.0,384000.0,384000.0,0.0,216.0,0.0
R18041303578448,vil/2018/SEVIR_VIL_RANDOMEVENTS_2018_0101_0430.h5,209,vil,2018-04-13 03:57:30,-120:-115:-110:-105:-100:-95:-90:-85:-80:-75:-70:-65:-60:-55:-50:-45:-40:-35:-30:-25:-20:-15:-10:-5:0:5:10:15:20:25:30:35:40:45:50:55:60:65:70:75:80:85:90:95:100:105:110:115:120,,,,43.75033835341716,-73.01275061072043,45.88767572119085,-66.70140680559504,+proj=laea +lat_0=38 +lon_0=-98 +units=m +a=6370997.0 +ellps=sphere ,384.0,384.0,384000.0,384000.0,0.0,192.0,0.0
R18040706057687,vil/2018/SEVIR_VIL_RANDOMEVENTS_2018_0101_0430.h5,221,vil,2018-04-07 06:05:00,-120:-115:-110:-105:-100:-95:-90:-85:-80:-75:-70:-65:-60:-55:-50:-45:-40:-35:-30:-25:-20:-15:-10:-5:0:5:10:15:20:25:30:35:40:45:50:55:60:65:70:75:80:85:90:95:100:105:110:115:120,,,,45.616291494322326,-123.25256988826592,49.82563932085818,-119.77401187735852,+proj=laea +lat_0=38 +lon_0=-98 +units=m +a=6370997.0 +ellps=sphere ,384.0,384.0,384000.0,384000.0,0.0,178.0,0.0
R18042320307827,vil/2018/SEVIR_VIL_RANDOMEVENTS_2018_0101_0430.h5,471,vil,2018-04-23 20:30:00,-120:-115:-110:-105:-100:-95:-90:-85:-80:-75:-70:-65:-60:-55:-50:-45:-40:-35:-30:-25:-20:-15:-10:-5:0:5:10:15:20:25:30:35:40:45:50:55:60:65:70:75:80:85:90:95:100:105:110:115:120,,,,36.06026525415911,-81.97346403869147,38.73008735119492,-76.8156983132114,+proj=laea +lat_0=38 +lon_0=-98 +units=m +a=6370997.0 +ellps=sphere ,384.0,384.0,384000.0,384000.0,0.0,194.0,0.0
R18041303158282,vil/2018/SEVIR_VIL_RANDOMEVENTS_2018_0101_0430.h5,495,vil,2018-04-13 03:15:00,-120:-115:-110:-105:-100:-95:-90:-85:-80:-75:-70:-65:-60:-55:-50:-45:-40:-35:-30:-25:-20:-15:-10:-5:0:5:10:15:20:25:30:35:40:45:50:55:60:65:70:75:80:85:90:95:100:105:110:115:120,,,,41.23590006665633,-85.87590555809395,44.06224710012965,-80.41957254997811,+proj=laea +lat_0=38 +lon_0=-98 +units=m +a=6370997.0 +ellps=sphere ,384.0,384.0,384000.0,384000.0,0.0,219.0,0.0
R18041303157359,vil/2018/SEVIR_VIL_RANDOMEVENTS_2018_0101_0430.h5,498,vil,2018-04-13 03:15:00,-120:-115:-110:-105:-100:-95:-90:-85:-80:-75:-70:-65:-60:-55:-50:-45:-40:-35:-30:-25:-20:-15:-10:-5:0:5:10:15:20:25:30:35:40:45:50:55:60:65:70:75:80:85:90:95:100:105:110:115:120,,,,30.540365372901142,-117.706563484863,34.56140752389381,-114.36767601410835,+proj=laea +lat_0=38 +lon_0=-98 +units=m +a=6370997.0 +ellps=sphere ,384.0,384.0,384000.0,384000.0,0.0,254.0,0.0
R18041303158449,vil/2018/SEVIR_VIL_RANDOMEVENTS_2018_0101_0430.h5,499,vil,2018-04-13 03:15:00,-120:-115:-110:-105:-100:-95:-90:-85:-80:-75:-70:-65:-60:-55:-50:-45:-40:-35:-30:-25:-20:-15:-10:-5:0:5:10:15:20:25:30:35:40:45:50:55:60:65:70:75:80:85:90:95:100:105:110:115:120,,,,43.66188961448887,-73.81084528720703,45.84486077184023,-67.5438784457193,+proj=laea +lat_0=38 +lon_0=-98 +units=m +a=6370997.0 +ellps=sphere ,384.0,384.0,384000.0,384000.0,0.0,190.0,0.0
R18040619257462,vil/2018/SEVIR_VIL_RANDOMEVENTS_2018_0101_0430.h5,518,vil,2018-04-06 19:25:00,-120:-115:-110:-105:-100:-95:-90:-85:-80:-75:-70:-65:-60:-55:-50:-45:-40:-35:-30:-25:-20:-15:-10:-5:0:5:10:15:20:25:30:35:40:45:50:55:60:65:70:75:80:85:90:95:100:105:110:115:120,,,,37.642953942820405,-121.51016213451874,41.77634060213185,-118.18104250587272,+proj=laea +lat_0=38 +lon_0=-98 +units=m +a=6370997.0 +ellps=sphere ,384.0,384.0,384000.0,384000.0,0.0,199.0,0.0
R18040619257612,vil/2018/SEVIR_VIL_RANDOMEVENTS_2018_0101_0430.h5,520,vil,2018-04-06 19:25:00,-120:-115:-110:-105:-100:-95:-90:-85:-80:-75:-70:-65:-60:-55:-50:-45:-40:-35:-30:-25:-20:-15:-10:-5:0:5:10:15:20:25:30:35:40:45:50:55:60:65:70:75:80:85:90:95:100:105:110:115:120,,,,32.10577040414682,-89.53419055168267,35.141783343604935,-84.95741453729197,+proj=laea +lat_0=38 +lon_0=-98 +units=m +a=6370997.0 +ellps=sphere ,384.0,384.0,384000.0,384000.0,0.0,214.0,0.0
R18041819478253,vil/2018/SEVIR_VIL_RANDOMEVENTS_2018_0101_0430.h5,532,vil,2018-04-18 19:47:30,-120:-115:-110:-105:-100:-95:-90:-85:-80:-75:-70:-65:-60:-55:-50:-45:-40:-35:-30:-25:-20:-15:-10:-5:0:5:10:15:20:25:30:35:40:45:50:55:60:65:70:75:80:85:90:95:100:105:110:115:120,,,,41.72411959877704,-74.83679921463062,43.98249366196222,-68.8419817991652,+proj=laea +lat_0=38 +lon_0=-98 +units=m +a=6370997.0 +ellps=sphere ,384.0,384.0,384000.0,384000.0,0.0,139.0,0.0
R18041819477467,vil/2018/SEVIR_VIL_RANDOMEVENTS_2018_0101_0430.h5,533,vil,2018-04-18 19:47:30,-120:-115:-110:-105:-100:-95:-90:-85:-80:-75:-70:-65:-60:-55:-50:-45:-40:-35:-30:-25:-20:-15:-10:-5:0:5:10:15:20:25:30:35:40:45:50:55:60:65:70:75:80:85:90:95:100:105:110:115:120,,,,29.406737247047573,-89.895638433789,32.47160914748467,-85.49279910325487,+proj=laea +lat_0=38 +lon_0=-98 +units=m +a=6370997.0 +ellps=sphere ,384.0,384.0,384000.0,384000.0,0.0,100.0,0.0
R18041819478317,vil/2018/SEVIR_VIL_RANDOMEVENTS_2018_0101_0430.h5,535,vil,2018-04-18 19:47:30,-120:-115:-110:-105:-100:-95:-90:-85:-80:-75:-70:-65:-60:-55:-50:-45:-40:-35:-30:-25:-20:-15:-10:-5:0:5:10:15:20:25:30:35:40:45:50:55:60:65:70:75:80:85:90:95:100:105:110:115:120,,,,41.65184887127269,-89.23522981245598,44.63412002627658,-83.90047907542024,+proj=laea +lat_0=38 +lon_0=-98 +units=m +a=6370997.0 +ellps=sphere ,384.0,384.0,384000.0,384000.0,0.0,157.0,0.0
R18040309058342,vil/2018/SEVIR_VIL_RANDOMEVENTS_2018_0101_0430.h5,542,vil,2018-04-03 09:05:00,-120:-115:-110:-105:-100:-95:-90:-85:-80:-75:-70:-65:-60:-55:-50:-45:-40:-35:-30:-25:-20:-15:-10:-5:0:5:10:15:20:25:30:35:40:45:50:55:60:65:70:75:80:85:90:95:100:105:110:115:120,,,,42.37908127946029,-94.95782674860092,45.61395019876517,-89.8506787922522,+proj=laea +lat_0=38 +lon_0=-98 +units=m +a=6370997.0 +ellps=sphere ,384.0,384.0,384000.0,384000.0,0.0,109.0,0.0
R18040120177909,vil/2018/SEVIR_VIL_RANDOMEVENTS_2018_0101_0430.h5,570,vil,2018-04-01 20:17:30,-120:-115:-110:-105:-100:-95:-90:-85:-80:-75:-70:-65:-60:-55:-50:-45:-40:-35:-30:-25:-20:-15:-10:-5:0:5:10:15:20:25:30:35:40:45:50:55:60:65:70:75:80:85:90:95:100:105:110:115:120,,,,36.74845065920364,-93.60952992772177,39.9388141133302,-88.8900875245334,+proj=laea +lat_0=38 +lon_0=-98 +units=m +a=6370997.0 +ellps=sphere ,384.0,384.0,384000.0,384000.0,0.0,225.0,0.0
R18040509407356,vil/2018/SEVIR_VIL_RANDOMEVENTS_2018_0101_0430.h5,600,vil,2018-04-05 09:40:00,-120:-115:-110:-105:-100:-95:-90:-85:-80:-75:-70:-65:-60:-55:-50:-45:-40:-35:-30:-25:-20:-15:-10:-5:0:5:10:15:20:25:30:35:40:45:50:55:60:65:70:75:80:85:90:95:100:105:110:115:120,,,,36.034024251622206,-123.42273028182078,40.210073920339816,-120.2422623147552,+proj=laea +lat_0=38 +lon_0=-98 +units=m +a=6370997.0 +ellps=sphere ,384.0,384.0,384000.0,384000.0,0.0,220.0,0.0
R18042621228714,vil/2018/SEVIR_VIL_RANDOMEVENTS_2018_0101_0430.h5,639,vil,2018-04-26 21:22:30,-120:-115:-110:-105:-100:-95:-90:-85:-80:-75:-70:-65:-60:-55:-50:-45:-40:-35:-30:-25:-20:-15:-10:-5:0:5:10:15:20:25:30:35:40:45:50:55:60:65:70:75:80:85:90:95:100:105:110:115:120,,,,45.622459948268784,-90.27526900453564,48.63970314880246,-84.57765478585362,+proj=laea +lat_0=38 +lon_0=-98 +units=m +a=6370997.0 +ellps=sphere ,384.0,384.0,384000.0,384000.0,0.0,107.0,0.0
R18042606357453,vil/2018/SEVIR_VIL_RANDOMEVENTS_2018_0101_0430.h5,645,vil,2018-04-26 06:35:00,-120:-115:-110:-105:-100:-95:-90:-85:-80:-75:-70:-65:-60:-55:-50:-45:-40:-35:-30:-25:-20:-15:-10:-5:0:5:10:15:20:25:30:35:40:45:50:55:60:65:70:75:80:85:90:95:100:105:110:115:120,,,,40.36230125468842,-124.04229568886144,44.56696380858496,-120.793464804433,+proj=laea +lat_0=38 +lon_0=-98 +units=m +a=6370997.0 +ellps=sphere ,384.0,384.0,384000.0,384000.0,0.0,117.0,0.0
R18042606358487,vil/2018/SEVIR_VIL_RANDOMEVENTS_2018_0101_0430.h5,646,vil,2018-04-26 06:35:00,-120:-115:-110:-105:-100:-95:-90:-85:-80:-75:-70:-65:-60:-55:-50:-45:-40:-35:-30:-25:-20:-15:-10:-5:0:5:10:15:20:25:30:35:40:45:50:55:60:65:70:75:80:85:90:95:100:105:110:115:120,,,,44.33662233362929,-71.10195138758002,46.358765953704406,-64.63707713574854,+proj=laea +lat_0=38 +lon_0=-98 +units=m +a=6370997.0 +ellps=sphere ,384.0,384.0,384000.0,384000.0,0.0,175.0,0.0
R18040320157810,vil/2018/SEVIR_VIL_RANDOMEVENTS_2018_0101_0430.h5,669,vil,2018-04-03 20:15:00,-120:-115:-110:-105:-100:-95:-90:-85:-80:-75:-70:-65:-60:-55:-50:-45:-40:-35:-30:-25:-20:-15:-10:-5:0:5:10:15:20:25:30:35:40:45:50:55:60:65:70:75:80:85:90:95:100:105:110:115:120,,,,37.41940616470208,-107.261265141088,41.12829038552589,-103.15976793475916,+proj=laea +lat_0=38 +lon_0=-98 +units=m +a=6370997.0 +ellps=sphere ,384.0,384.0,384000.0,384000.0,0.0,153.0,0.0
R18042502277784,vil/2018/SEVIR_VIL_RANDOMEVENTS_2018_0101_0430.h5,720,vil,2018-04-25 02:27:30,-120:-115:-110:-105:-100:-95:-90:-85:-80:-75:-70:-65:-60:-55:-50:-45:-40:-35:-30:-25:-20:-15:-10:-5:0:5:10:15:20:25:30:35:40:45:50:55:60:65:70:75:80:85:90:95:100:105:110:115:120,,,,35.40009384847278,-82.65013411995163,38.1067721471905,-77.57238787323763,+proj=laea +lat_0=38 +lon_0=-98 +units=m +a=6370997.0 +ellps=sphere ,384.0,384.0,384000.0,384000.0,0.0,247.0,0.0
R18041318078310,vil/2018/SEVIR_VIL_RANDOMEVENTS_2018_0101_0430.h5,745,vil,2018-04-13 18:07:30,-120:-115:-110:-105:-100:-95:-90:-85:-80:-75:-70:-65:-60:-55:-50:-45:-40:-35:-30:-25:-20:-15:-10:-5:0:5:10:15:20:25:30:35:40:45:50:55:60:65:70:75:80:85:90:95:100:105:110:115:120,,,,42.9997876534589,-100.67866839589324,46.47015316715175,-95.83804704363256,+proj=laea +lat_0=38 +lon_0=-98 +units=m +a=6370997.0 +ellps=sphere ,384.0,384.0,384000.0,384000.0,0.0,254.0,0.0
R18032518307482,vil/2018/SEVIR_VIL_RANDOMEVENTS_2018_0101_0430.h5,789,vil,2018-03-25 18:30:00,-120:-115:-110:-105:-100:-95:-90:-85:-80:-75:-70:-65:-60:-55:-50:-45:-40:-35:-30:-25:-20:-15:-10:-5:0:5:10:15:20:25:30:35:40:45:50:55:60:65:70:75:80:85:90:95:100:105:110:115:120,,,,29.78079953530637,-89.1152915606104,32.81094049224509,-84.66326097840569,+proj=laea +lat_0=38 +lon_0=-98 +units=m +a=6370997.0 +ellps=sphere ,384.0,384.0,384000.0,384000.0,0.0,203.0,0.1224489795918367
R18041421277110,vil/2018/SEVIR_VIL_RANDOMEVENTS_2018_0101_0430.h5,852,vil,2018-04-14 21:27:30,-120:-115:-110:-105:-100:-95:-90:-85:-80:-75:-70:-65:-60:-55:-50:-45:-40:-35:-30:-25:-20:-15:-10:-5:0:5:10:15:20:25:30:35:40:45:50:55:60:65:70:75:80:85:90:95:100:105:110:115:120,,,,23.34735051253732,-82.50670960971217,26.13782577894261,-78.18718065841134,+proj=laea +lat_0=38 +lon_0=-98 +units=m +a=6370997.0 +ellps=sphere ,384.0,384.0,384000.0,384000.0,0.0,225.0,0.0
R18041421277511,vil/2018/SEVIR_VIL_RANDOMEVENTS_2018_0101_0430.h5,859,vil,2018-04-14 21:27:30,-120:-115:-110:-105:-100:-95:-90:-85:-80:-75:-70:-65:-60:-55:-50:-45:-40:-35:-30:-25:-20:-15:-10:-5:0:5:10:15:20:25:30:35:40:45:50:55:60:65:70:75:80:85:90:95:100:105:110:115:120,,,,30.149807941838716,-90.86282977632447,33.251149096181976,-86.45295460970921,+proj=laea +lat_0=38 +lon_0=-98 +units=m +a=6370997.0 +ellps=sphere ,384.0,384.0,384000.0,384000.0,0.0,254.0,0.0
R18042306127478,vil/2018/SEVIR_VIL_RANDOMEVENTS_2018_0101_0430.h5,909,vil,2018-04-23 06:12:30,-120:-115:-110:-105:-100:-95:-90:-85:-80:-75:-70:-65:-60:-55:-50:-45:-40:-35:-30:-25:-20:-15:-10:-5:0:5:10:15:20:25:30:35:40:45:50:55:60:65:70:75:80:85:90:95:100:105:110:115:120,,,,29.44089169052106,-103.6477148332508,33.02963510770913,-99.75767785828954,+proj=laea +lat_0=38 +lon_0=-98 +units=m +a=6370997.0 +ellps=sphere ,384.0,384.0,384000.0,384000.0,0.0,119.0,0.0
R18041616007708,vil/2018/SEVIR_VIL_RANDOMEVENTS_2018_0101_0430.h5,1004,vil,2018-04-16 16:00:00,-120:-115:-110:-105:-100:-95:-90:-85:-80:-75:-70:-65:-60:-55:-50:-45:-40:-35:-30:-25:-20:-15:-10:-5:0:5:10:15:20:25:30:35:40:45:50:55:60:65:70:75:80:85:90:95:100:105:110:115:120,,,,33.587774980285246,-92.53724146476978,36.74387065075776,-87.98523555019375,+proj=laea +lat_0=38 +lon_0=-98 +units=m +a=6370997.0 +ellps=sphere ,384.0,384.0,384000.0,384000.0,0.0,14.0,0.0
R18041616008105,vil/2018/SEVIR_VIL_RANDOMEVENTS_2018_0101_0430.h5,1010,vil,2018-04-16 16:00:00,-120:-115:-110:-105:-100:-95:-90:-85:-80:-75:-70:-65:-60:-55:-50:-45:-40:-35:-30:-25:-20:-15:-10:-5:0:5:10:15:20:25:30:35:40:45:50:55:60:65:70:75:80:85:90:95:100:105:110:115:120,,,,40.06769479420387,-76.07513023497151,42.40781931629041,-70.30993561467646,+proj=laea +lat_0=38 +lon_0=-98 +units=m +a=6370997.0 +ellps=sphere ,384.0,384.0,384000.0,384000.0,0.0,220.0,0.0
R18041418208112,vil/2018/SEVIR_VIL_RANDOMEVENTS_2018_0101_0430.h5,1159,vil,2018-04-14 18:20:00,-120:-115:-110:-105:-100:-95:-90:-85:-80:-75:-70:-65:-60:-55:-50:-45:-40:-35:-30:-25:-20:-15:-10:-5:0:5:10:15:20:25:30:35:40:45:50:55:60:65:70:75:80:85:90:95:100:105:110:115:120,,,,39.53197145979072,-93.94073658519882,42.72904158075432,-89.02513204954961,+proj=laea +lat_0=38 +lon_0=-98 +units=m +a=6370997.0 +ellps=sphere ,384.0,384.0,384000.0,384000.0,0.0,157.0,0.0
R18032505028412,vil/2018/SEVIR_VIL_RANDOMEVENTS_2018_0101_0430.h5,1172,vil,2018-03-25 05:02:30,-120:-115:-110:-105:-100:-95:-90:-85:-80:-75:-70:-65:-60:-55:-50:-45:-40:-35:-30:-25:-20:-15:-10:-5:0:5:10:15:20:25:30:35:40:45:50:55:60:65:70:75:80:85:90:95:100:105:110:115:120,,,,46.49681014206308,-108.10169762009716,50.25257373296584,-103.44510084394032,+proj=laea +lat_0=38 +lon_0=-98 +units=m +a=6370997.0 +ellps=sphere ,384.0,384.0,384000.0,384000.0,0.0,127.0,0.3444550183354592
R18042519107609,vil/2018/SEVIR_VIL_RANDOMEVENTS_2018_0101_0430.h5,1218,vil,2018-04-25 19:10:00,-120:-115:-110:-105:-100:-95:-90:-85:-80:-75:-70:-65:-60:-55:-50:-45:-40:-35:-30:-25:-20:-15:-10:-5:0:5:10:15:20:25:30:35:40:45:50:55:60:65:70:75:80:85:90:95:100:105:110:115:120,,,,33.31747639130508,-79.83440257671515,35.904391543775866,-74.81202581098542,+proj=laea +lat_0=38 +lon_0=-98 +units=m +a=6370997.0 +ellps=sphere ,384.0,384.0,384000.0,384000.0,0.0,254.0,0.0
R18042519108543,vil/2018/SEVIR_VIL_RANDOMEVENTS_2018_0101_0430.h5,1220,vil,2018-04-25 19:10:00,-120:-115:-110:-105:-100:-95:-90:-85:-80:-75:-70:-65:-60:-55:-50:-45:-40:-35:-30:-25:-20:-15:-10:-5:0:5:10:15:20:25:30:35:40:45:50:55:60:65:70:75:80:85:90:95:100:105:110:115:120,,,,44.1861575084612,-76.62510211009611,46.51930633229976,-70.41454233534904,+proj=laea +lat_0=38 +lon_0=-98 +units=m +a=6370997.0 +ellps=sphere ,384.0,384.0,384000.0,384000.0,0.0,194.0,0.0
R18042519107729,vil/2018/SEVIR_VIL_RANDOMEVENTS_2018_0101_0430.h5,1224,vil,2018-04-25 19:10:00,-120:-115:-110:-105:-100:-95:-90:-85:-80:-75:-70:-65:-60:-55:-50:-45:-40:-35:-30:-25:-20:-15:-10:-5:0:5:10:15:20:25:30:35:40:45:50:55:60:65:70:75:80:85:90:95:100:105:110:115:120,,,,35.18482196760681,-78.86214435686699,37.709225485181,-73.65689879279874,+proj=laea +lat_0=38 +lon_0=-98 +units=m +a=6370997.0 +ellps=sphere ,384.0,384.0,384000.0,384000.0,0.0,254.0,0.0
R18041306058506,vil/2018/SEVIR_VIL_RANDOMEVENTS_2018_0101_0430.h5,1380,vil,2018-04-13 06:05:00,-120:-115:-110:-105:-100:-95:-90:-85:-80:-75:-70:-65:-60:-55:-50:-45:-40:-35:-30:-25:-20:-15:-10:-5:0:5:10:15:20:25:30:35:40:45:50:55:60:65:70:75:80:85:90:95:100:105:110:115:120,,,,44.59831010101619,-70.43726687804829,46.5789879375529,-63.91106321529429,+proj=laea +lat_0=38 +lon_0=-98 +units=m +a=6370997.0 +ellps=sphere ,384.0,384.0,384000.0,384000.0,0.0,189.0,0.0
R18041306057863,vil/2018/SEVIR_VIL_RANDOMEVENTS_2018_0101_0430.h5,1383,vil,2018-04-13 06:05:00,-120:-115:-110:-105:-100:-95:-90:-85:-80:-75:-70:-65:-60:-55:-50:-45:-40:-35:-30:-25:-20:-15:-10:-5:0:5:10:15:20:25:30:35:40:45:50:55:60:65:70:75:80:85:90:95:100:105:110:115:120,,,,38.16260334714022,-106.61875155626656,41.85002287175528,-102.44290514574342,+proj=laea +lat_0=38 +lon_0=-98 +units=m +a=6370997.0 +ellps=sphere ,384.0,384.0,384000.0,384000.0,0.0,221.0,0.0
R18042420578192,vil/2018/SEVIR_VIL_RANDOMEVENTS_2018_0101_0430.h5,1464,vil,2018-04-24 20:57:30,-120:-115:-110:-105:-100:-95:-90:-85:-80:-75:-70:-65:-60:-55:-50:-45:-40:-35:-30:-25:-20:-15:-10:-5:0:5:10:15:20:25:30:35:40:45:50:55:60:65:70:75:80:85:90:95:100:105:110:115:120,,,,41.39207301485826,-100.02527221449174,44.83651403547141,-95.27758477007912,+proj=laea +lat_0=38 +lon_0=-98 +units=m +a=6370997.0 +ellps=sphere ,384.0,384.0,384000.0,384000.0,0.0,174.0,0.0
R18040808207623,vil/2018/SEVIR_VIL_RANDOMEVENTS_2018_0101_0430.h5,1485,vil,2018-04-08 08:20:00,-120:-115:-110:-105:-100:-95:-90:-85:-80:-75:-70:-65:-60:-55:-50:-45:-40:-35:-30:-25:-20:-15:-10:-5:0:5:10:15:20:25:30:35:40:45:50:55:60:65:70:75:80:85:90:95:100:105:110:115:120,,,,33.39409974860923,-80.61184024001358,36.01784581826667,-75.6119766900742,+proj=laea +lat_0=38 +lon_0=-98 +units=m +a=6370997.0 +ellps=sphere ,384.0,384.0,384000.0,384000.0,0.0,167.0,0.0
R18040810577885,vil/2018/SEVIR_VIL_RANDOMEVENTS_2018_0101_0430.h5,1508,vil,2018-04-08 10:57:30,-120:-115:-110:-105:-100:-95:-90:-85:-80:-75:-70:-65:-60:-55:-50:-45:-40:-35:-30:-25:-20:-15:-10:-5:0:5:10:15:20:25:30:35:40:45:50:55:60:65:70:75:80:85:90:95:100:105:110:115:120,,,,36.8798476624471,-99.07930911568384,40.29051467648314,-94.6040294427144,+proj=laea +lat_0=38 +lon_0=-98 +units=m +a=6370997.0 +ellps=sphere ,384.0,384.0,384000.0,384000.0,0.0,182.0,0.0
R18041002458486,vil/2018/SEVIR_VIL_RANDOMEVENTS_2018_0101_0430.h5,1553,vil,2018-04-10 02:45:00,-120:-115:-110:-105:-100:-95:-90:-85:-80:-75:-70:-65:-60:-55:-50:-45:-40:-35:-30:-25:-20:-15:-10:-5:0:5:10:15:20:25:30:35:40:45:50:55:60:65:70:75:80:85:90:95:100:105:110:115:120,,,,44.07404177982889,-95.92472314948245,47.34808784083786,-90.71223515663776,+proj=laea +lat_0=38 +lon_0=-98 +units=m +a=6370997.0 +ellps=sphere ,384.0,384.0,384000.0,384000.0,0.0,45.0,0.0
R18040316407913,vil/2018/SEVIR_VIL_RANDOMEVENTS_2018_0101_0430.h5,1632,vil,2018-04-03 16:40:00,-120:-115:-110:-105:-100:-95:-90:-85:-80:-75:-70:-65:-60:-55:-50:-45:-40:-35:-30:-25:-20:-15:-10:-5:0:5:10:15:20:25:30:35:40:45:50:55:60:65:70:75:80:85:90:95:100:105:110:115:120,,,,36.90869094579903,-95.3452709098204,40.1704910802104,-90.69351131985997,+proj=laea +lat_0=38 +lon_0=-98 +units=m +a=6370997.0 +ellps=sphere ,384.0,384.0,384000.0,384000.0,0.0,254.0,0.0
R18040316407695,vil/2018/SEVIR_VIL_RANDOMEVENTS_2018_0101_0430.h5,1633,vil,2018-04-03 16:40:00,-120:-115:-110:-105:-100:-95:-90:-85:-80:-75:-70:-65:-60:-55:-50:-45:-40:-35:-30:-25:-20:-15:-10:-5:0:5:10:15:20:25:30:35:40:45:50:55:60:65:70:75:80:85:90:95:100:105:110:115:120,,,,33.568362424478714,-88.09576214088615,36.534796313701136,-83.3671331777038,+proj=laea +lat_0=38 +lon_0=-98 +units=m +a=6370997.0 +ellps=sphere ,384.0,384.0,384000.0,384000.0,0.0,164.0,0.0
R18041110158476,vil/2018/SEVIR_VIL_RANDOMEVENTS_2018_0101_0430.h5,1655,vil,2018-04-11 10:15:00,-120:-115:-110:-105:-100:-95:-90:-85:-80:-75:-70:-65:-60:-55:-50:-45:-40:-35:-30:-25:-20:-15:-10:-5:0:5:10:15:20:25:30:35:40:45:50:55:60:65:70:75:80:85:90:95:100:105:110:115:120,,,,43.59656179820843,-76.66983605724377,45.93731671796662,-70.53377201483498,+proj=laea +lat_0=38 +lon_0=-98 +units=m +a=6370997.0 +ellps=sphere ,384.0,384.0,384000.0,384000.0,0.0,150.0,0.0
R18091714088614,vis/2018/SEVIR_VIS_RANDOMEVENTS_2018_0911_0920.h5,1,vis,2018-09-17 14:05:00,-120:-115:-110:-105:-100:-95:-90:-85:-80:-75:-70:-65:-60:-55:-50:-45:-40:-35:-30:-25:-20:-15:-10:-5:0:5:10:15:20:25:30:35:40:45:50:55:60:65:70:75:80:85:90:95:100:105:110:115:120,,,,45.14975547355567,-94.46061414355684,48.35872316362168,-89.05476219109836,+proj=laea +lat_0=38 +lon_0=-98 +units=m +a=6370997.0 +ellps=sphere ,768.0,768.0,384000.0,384000.0,0.0039362758398056,0.8524987697601318,0.0
R18091714087794,vis/2018/SEVIR_VIS_RANDOMEVENTS_2018_0911_0920.h5,7,vis,2018-09-17 14:05:00,-120:-115:-110:-105:-100:-95:-90:-85:-80:-75:-70:-65:-60:-55:-50:-45:-40:-35:-30:-25:-20:-15:-10:-5:0:5:10:15:20:25:30:35:40:45:50:55:60:65:70:75:80:85:90:95:100:105:110:115:120,,,,35.80523415418961,-80.53000030104737,38.40687614119001,-75.33694959744024,+proj=laea +lat_0=38 +lon_0=-98 +units=m +a=6370997.0 +ellps=sphere ,768.0,768.0,384000.0,384000.0,0.0090993801131844,1.2235689163208008,0.0
R18091716108167,vis/2018/SEVIR_VIS_RANDOMEVENTS_2018_0911_0920.h5,12,vis,2018-09-17 16:10:00,-120:-115:-110:-105:-100:-95:-90:-85:-80:-75:-70:-65:-60:-55:-50:-45:-40:-35:-30:-25:-20:-15:-10:-5:0:5:10:15:20:25:30:35:40:45:50:55:60:65:70:75:80:85:90:95:100:105:110:115:120,,,,40.12876689663918,-82.2023011749565,42.78257261203287,-76.68831206039646,+proj=laea +lat_0=38 +lon_0=-98 +units=m +a=6370997.0 +ellps=sphere ,768.0,768.0,384000.0,384000.0,0.0303651131689548,1.1996811628341677,0.0
R18091517258073,vis/2018/SEVIR_VIS_RANDOMEVENTS_2018_0911_0920.h5,32,vis,2018-09-15 17:25:00,-120:-115:-110:-105:-100:-95:-90:-85:-80:-75:-70:-65:-60:-55:-50:-45:-40:-35:-30:-25:-20:-15:-10:-5:0:5:10:15:20:25:30:35:40:45:50:55:60:65:70:75:80:85:90:95:100:105:110:115:120,,,,38.82672480379899,-87.85922537398899,41.75740683659398,-82.71655573842143,+proj=laea +lat_0=38 +lon_0=-98 +units=m +a=6370997.0 +ellps=sphere ,768.0,768.0,384000.0,384000.0,0.0139636388048529,0.9183286428451538,0.0
R18091517258335,vis/2018/SEVIR_VIS_RANDOMEVENTS_2018_0911_0920.h5,33,vis,2018-09-15 17:25:00,-120:-115:-110:-105:-100:-95:-90:-85:-80:-75:-70:-65:-60:-55:-50:-45:-40:-35:-30:-25:-20:-15:-10:-5:0:5:10:15:20:25:30:35:40:45:50:55:60:65:70:75:80:85:90:95:100:105:110:115:120,,,,41.98448055144403,-80.43407134722979,44.53648091824069,-74.65026195282124,+proj=laea +lat_0=38 +lon_0=-98 +units=m +a=6370997.0 +ellps=sphere ,768.0,768.0,384000.0,384000.0,0.0177368745207786,1.0908595323562622,0.0
R18091517257625,vis/2018/SEVIR_VIS_RANDOMEVENTS_2018_0911_0920.h5,35,vis,2018-09-15 17:25:00,-120:-115:-110:-105:-100:-95:-90:-85:-80:-75:-70:-65:-60:-55:-50:-45:-40:-35:-30:-25:-20:-15:-10:-5:0:5:10:15:20:25:30:35:40:45:50:55:60:65:70:75:80:85:90:95:100:105:110:115:120,,,,32.44997408869473,-100.82142682770578,35.93292919933544,-96.67844558051084,+proj=laea +lat_0=38 +lon_0=-98 +units=m +a=6370997.0 +ellps=sphere ,768.0,768.0,384000.0,384000.0,0.0305249281227588,1.2249526977539062,0.0
R18091517257409,vis/2018/SEVIR_VIS_RANDOMEVENTS_2018_0911_0920.h5,38,vis,2018-09-15 17:25:00,-120:-115:-110:-105:-100:-95:-90:-85:-80:-75:-70:-65:-60:-55:-50:-45:-40:-35:-30:-25:-20:-15:-10:-5:0:5:10:15:20:25:30:35:40:45:50:55:60:65:70:75:80:85:90:95:100:105:110:115:120,,,,27.448881685543707,-99.06969261840996,30.880241230913487,-95.09194229501551,+proj=laea +lat_0=38 +lon_0=-98 +units=m +a=6370997.0 +ellps=sphere ,768.0,768.0,384000.0,384000.0,0.0230611469596624,1.2249526977539062,0.0
R18091302028286,vis/2018/SEVIR_VIS_RANDOMEVENTS_2018_0911_0920.h5,41,vis,2018-09-13 02:00:00,-120:-115:-110:-105:-100:-95:-90:-85:-80:-75:-70:-65:-60:-55:-50:-45:-40:-35:-30:-25:-20:-15:-10:-5:0:5:10:15:20:25:30:35:40:45:50:55:60:65:70:75:80:85:90:95:100:105:110:115:120,,,,41.5846466912186,-93.44267835617433,44.75557922981677,-88.3272208009606,+proj=laea +lat_0=38 +lon_0=-98 +units=m +a=6370997.0 +ellps=sphere ,768.0,768.0,384000.0,384000.0,-0.0034244870766997,0.0267963130027055,0.0
R18091611117566,vis/2018/SEVIR_VIS_RANDOMEVENTS_2018_0911_0920.h5,52,vis,2018-09-16 11:10:00,-120:-115:-110:-105:-100:-95:-90:-85:-80:-75:-70:-65:-60:-55:-50:-45:-40:-35:-30:-25:-20:-15:-10:-5:0:5:10:15:20:25:30:35:40:45:50:55:60:65:70:75:80:85:90:95:100:105:110:115:120,,,,32.70466220116756,-79.63913268495844,35.28703490220165,-74.65546341546799,+proj=laea +lat_0=38 +lon_0=-98 +units=m +a=6370997.0 +ellps=sphere ,768.0,768.0,384000.0,384000.0,-0.0030890952330082,0.8621648550033569,0.0
R18091611117633,vis/2018/SEVIR_VIS_RANDOMEVENTS_2018_0911_0920.h5,54,vis,2018-09-16 11:10:00,-120:-115:-110:-105:-100:-95:-90:-85:-80:-75:-70:-65:-60:-55:-50:-45:-40:-35:-30:-25:-20:-15:-10:-5:0:5:10:15:20:25:30:35:40:45:50:55:60:65:70:75:80:85:90:95:100:105:110:115:120,,,,33.629973592771584,-80.08616159523336,36.22660254177853,-75.0492534302168,+proj=laea +lat_0=38 +lon_0=-98 +units=m +a=6370997.0 +ellps=sphere ,768.0,768.0,384000.0,384000.0,-0.0030890952330082,0.7719745039939879,0.0
R18091617438488,vis/2018/SEVIR_VIS_RANDOMEVENTS_2018_0911_0920.h5,56,vis,2018-09-16 17:40:00,-120:-115:-110:-105:-100:-95:-90:-85:-80:-75:-70:-65:-60:-55:-50:-45:-40:-35:-30:-25:-20:-15:-10:-5:0:5:10:15:20:25:30:35:40:45:50:55:60:65:70:75:80:85:90:95:100:105:110:115:120,,,,43.475814281825,-90.03811200914879,46.4887605315414,-84.56217173726961,+proj=laea +lat_0=38 +lon_0=-98 +units=m +a=6370997.0 +ellps=sphere ,768.0,768.0,384000.0,384000.0,0.0231504403054714,0.848311722278595,0.0
R18091617437765,vis/2018/SEVIR_VIS_RANDOMEVENTS_2018_0911_0920.h5,61,vis,2018-09-16 17:40:00,-120:-115:-110:-105:-100:-95:-90:-85:-80:-75:-70:-65:-60:-55:-50:-45:-40:-35:-30:-25:-20:-15:-10:-5:0:5:10:15:20:25:30:35:40:45:50:55:60:65:70:75:80:85:90:95:100:105:110:115:120,,,,34.91145899084464,-84.76190842077871,37.72021628054846,-79.80508584292672,+proj=laea +lat_0=38 +lon_0=-98 +units=m +a=6370997.0 +ellps=sphere ,768.0,768.0,384000.0,384000.0,0.0762852728366851,1.1061373949050903,0.0
R18091211587781,vis/2018/SEVIR_VIS_RANDOMEVENTS_2018_0911_0920.h5,75,vis,2018-09-12 11:55:00,-120:-115:-110:-105:-100:-95:-90:-85:-80:-75:-70:-65:-60:-55:-50:-45:-40:-35:-30:-25:-20:-15:-10:-5:0:5:10:15:20:25:30:35:40:45:50:55:60:65:70:75:80:85:90:95:100:105:110:115:120,,,,35.69776167532103,-80.00943441589337,38.274718273330826,-74.8052666002915,+proj=laea +lat_0=38 +lon_0=-98 +units=m +a=6370997.0 +ellps=sphere ,768.0,768.0,384000.0,384000.0,-0.0027879625558853,0.871323823928833,0.0
R18091211587342,vis/2018/SEVIR_VIS_RANDOMEVENTS_2018_0911_0920.h5,79,vis,2018-09-12 11:55:00,-120:-115:-110:-105:-100:-95:-90:-85:-80:-75:-70:-65:-60:-55:-50:-45:-40:-35:-30:-25:-20:-15:-10:-5:0:5:10:15:20:25:30:35:40:45:50:55:60:65:70:75:80:85:90:95:100:105:110:115:120,,,,25.71634995473401,-98.72450468362295,29.1411961084537,-94.80654810441234,+proj=laea +lat_0=38 +lon_0=-98 +units=m +a=6370997.0 +ellps=sphere ,768.0,768.0,384000.0,384000.0,-0.0030700152274221,0.951395571231842,0.0
R18091909438267,vis/2018/SEVIR_VIS_RANDOMEVENTS_2018_0911_0920.h5,89,vis,2018-09-19 09:40:00,-120:-115:-110:-105:-100:-95:-90:-85:-80:-75:-70:-65:-60:-55:-50:-45:-40:-35:-30:-25:-20:-15:-10:-5:0:5:10:15:20:25:30:35:40:45:50:55:60:65:70:75:80:85:90:95:100:105:110:115:120,,,,41.98468250124085,-98.16927897963969,45.35437879856845,-93.27145767232344,+proj=laea +lat_0=38 +lon_0=-98 +units=m +a=6370997.0 +ellps=sphere ,768.0,768.0,384000.0,384000.0,-0.0032748233061283,0.0036653624847531,0.0
R18091608077890,vis/2018/SEVIR_VIS_RANDOMEVENTS_2018_0911_0920.h5,93,vis,2018-09-16 08:05:00,-120:-115:-110:-105:-100:-95:-90:-85:-80:-75:-70:-65:-60:-55:-50:-45:-40:-35:-30:-25:-20:-15:-10:-5:0:5:10:15:20:25:30:35:40:45:50:55:60:65:70:75:80:85:90:95:100:105:110:115:120,,,,36.74411130787468,-83.30347903409904,39.47311822010131,-78.14229901844031,+proj=laea +lat_0=38 +lon_0=-98 +units=m +a=6370997.0 +ellps=sphere ,768.0,768.0,384000.0,384000.0,-0.0033170303795486,0.0036095625255256,0.0
R18091605208105,vis/2018/SEVIR_VIS_RANDOMEVENTS_2018_0911_0920.h5,103,vis,2018-09-16 05:20:00,-120:-115:-110:-105:-100:-95:-90:-85:-80:-75:-70:-65:-60:-55:-50:-45:-40:-35:-30:-25:-20:-15:-10:-5:0:5:10:15:20:25:30:35:40:45:50:55:60:65:70:75:80:85:90:95:100:105:110:115:120,,,,39.952865240243725,-76.9548798898135,42.34037998830689,-71.23713597541011,+proj=laea +lat_0=38 +lon_0=-98 +units=m +a=6370997.0 +ellps=sphere ,768.0,768.0,384000.0,384000.0,-0.0033094300888478,0.0046516903676092,0.0
R18091115127453,vis/2018/SEVIR_VIS_RANDOMEVENTS_2018_0911_0920.h5,111,vis,2018-09-11 15:10:00,-120:-115:-110:-105:-100:-95:-90:-85:-80:-75:-70:-65:-60:-55:-50:-45:-40:-35:-30:-25:-20:-15:-10:-5:0:5:10:15:20:25:30:35:40:45:50:55:60:65:70:75:80:85:90:95:100:105:110:115:120,,,,28.67094779489716,-94.77091875996597,31.93583597688932,-90.58203861956508,+proj=laea +lat_0=38 +lon_0=-98 +units=m +a=6370997.0 +ellps=sphere ,768.0,768.0,384000.0,384000.0,0.0140240974724292,1.226710557937622,0.0
R18091406527848,vis/2018/SEVIR_VIS_RANDOMEVENTS_2018_0911_0920.h5,147,vis,2018-09-14 06:50:00,-120:-115:-110:-105:-100:-95:-90:-85:-80:-75:-70:-65:-60:-55:-50:-45:-40:-35:-30:-25:-20:-15:-10:-5:0:5:10:15:20:25:30:35:40:45:50:55:60:65:70:75:80:85:90:95:100:105:110:115:120,,,,37.62239936109175,-105.69917855780024,41.277379035478894,-101.50600524484469,+proj=laea +lat_0=38 +lon_0=-98 +units=m +a=6370997.0 +ellps=sphere ,768.0,768.0,384000.0,384000.0,-0.0031500263139605,0.0079039288684725,0.0
R18091406527424,vis/2018/SEVIR_VIS_RANDOMEVENTS_2018_0911_0920.h5,151,vis,2018-09-14 06:50:00,-120:-115:-110:-105:-100:-95:-90:-85:-80:-75:-70:-65:-60:-55:-50:-45:-40:-35:-30:-25:-20:-15:-10:-5:0:5:10:15:20:25:30:35:40:45:50:55:60:65:70:75:80:85:90:95:100:105:110:115:120,,,,27.86880151667253,-97.6250644461941,31.245498383545478,-93.5770391682482,+proj=laea +lat_0=38 +lon_0=-98 +units=m +a=6370997.0 +ellps=sphere ,768.0,768.0,384000.0,384000.0,-0.0035544768907129,0.0161091070622205,0.0
R18091605098185,vis/2018/SEVIR_VIS_RANDOMEVENTS_2018_0911_0920.h5,155,vis,2018-09-16 05:05:00,-120:-115:-110:-105:-100:-95:-90:-85:-80:-75:-70:-65:-60:-55:-50:-45:-40:-35:-30:-25:-20:-15:-10:-5:0:5:10:15:20:25:30:35:40:45:50:55:60:65:70:75:80:85:90:95:100:105:110:115:120,,,,40.22864696385078,-90.9120263342576,43.29185151459133,-85.79015989397472,+proj=laea +lat_0=38 +lon_0=-98 +units=m +a=6370997.0 +ellps=sphere ,768.0,768.0,384000.0,384000.0,-0.00337675656192,0.0054121976718306,0.0
R18091712068169,vis/2018/SEVIR_VIS_RANDOMEVENTS_2018_0911_0920.h5,160,vis,2018-09-17 12:05:00,-120:-115:-110:-105:-100:-95:-90:-85:-80:-75:-70:-65:-60:-55:-50:-45:-40:-35:-30:-25:-20:-15:-10:-5:0:5:10:15:20:25:30:35:40:45:50:55:60:65:70:75:80:85:90:95:100:105:110:115:120,,,,42.38094855676786,-105.12735861186772,46.02012430466032,-100.5972926728292,+proj=laea +lat_0=38 +lon_0=-98 +units=m +a=6370997.0 +ellps=sphere ,768.0,768.0,384000.0,384000.0,-0.0032271377276629,0.8808607459068298,0.0
R18092114077683,ir069/2018/SEVIR_IR069_RANDOMEVENTS_2018_0901_1231.h5,6,ir069,2018-09-21 14:05:00,-120:-115:-110:-105:-100:-95:-90:-85:-80:-75:-70:-65:-60:-55:-50:-45:-40:-35:-30:-25:-20:-15:-10:-5:0:5:10:15:20:25:30:35:40:45:50:55:60:65:70:75:80:85:90:95:100:105:110:115:120,,,,34.06772027608972,-103.77722161951316,37.655249604961135,-99.681306912392,+proj=laea +lat_0=38 +lon_0=-98 +units=m +a=6370997.0 +ellps=sphere ,192.0,192.0,384000.0,384000.0,-70.71002197265625,-11.99640655517578,0.0
R18091605098185,ir069/2018/SEVIR_IR069_RANDOMEVENTS_2018_0901_1231.h5,43,ir069,2018-09-16 05:05:00,-120:-115:-110:-105:-100:-95:-90:-85:-80:-75:-70:-65:-60:-55:-50:-45:-40:-35:-30:-25:-20:-15:-10:-5:0:5:10:15:20:25:30:35:40:45:50:55:60:65:70:75:80:85:90:95:100:105:110:115:120,,,,40.22864696385078,-90.9120263342576,43.29185151459133,-85.79015989397472,+proj=laea +lat_0=38 +lon_0=-98 +units=m +a=6370997.0 +ellps=sphere ,192.0,192.0,384000.0,384000.0,-21.72376823425293,-11.713350296020508,0.0
R18091712068169,ir069/2018/SEVIR_IR069_RANDOMEVENTS_2018_0901_1231.h5,48,ir069,2018-09-17 12:05:00,-120:-115:-110:-105:-100:-95:-90:-85:-80:-75:-70:-65:-60:-55:-50:-45:-40:-35:-30:-25:-20:-15:-10:-5:0:5:10:15:20:25:30:35:40:45:50:55:60:65:70:75:80:85:90:95:100:105:110:115:120,,,,42.38094855676786,-105.12735861186772,46.02012430466032,-100.5972926728292,+proj=laea +lat_0=38 +lon_0=-98 +units=m +a=6370997.0 +ellps=sphere ,192.0,192.0,384000.0,384000.0,-60.64797592163086,-21.66415786743164,0.0
R18112817007381,ir069/2018/SEVIR_IR069_RANDOMEVENTS_2018_0901_1231.h5,74,ir069,2018-11-28 17:00:00,-120:-115:-110:-105:-100:-95:-90:-85:-80:-75:-70:-65:-60:-55:-50:-45:-40:-35:-30:-25:-20:-15:-10:-5:0:5:10:15:20:25:30:35:40:45:50:55:60:65:70:75:80:85:90:95:100:105:110:115:120,,,,35.06585207844421,-121.794086835479,39.1997414699182,-118.54689734458567,+proj=laea +lat_0=38 +lon_0=-98 +units=m +a=6370997.0 +ellps=sphere ,192.0,192.0,384000.0,384000.0,-56.765602111816406,-28.76941299438477,0.0
R18091211587781,ir069/2018/SEVIR_IR069_RANDOMEVENTS_2018_0901_1231.h5,84,ir069,2018-09-12 11:55:00,-120:-115:-110:-105:-100:-95:-90:-85:-80:-75:-70:-65:-60:-55:-50:-45:-40:-35:-30:-25:-20:-15:-10:-5:0:5:10:15:20:25:30:35:40:45:50:55:60:65:70:75:80:85:90:95:100:105:110:115:120,,,,35.69776167532103,-80.00943441589337,38.274718273330826,-74.8052666002915,+proj=laea +lat_0=38 +lon_0=-98 +units=m +a=6370997.0 +ellps=sphere ,192.0,192.0,384000.0,384000.0,-60.20869064331055,-19.09475517272949,0.0
R18091211587342,ir069/2018/SEVIR_IR069_RANDOMEVENTS_2018_0901_1231.h5,88,ir069,2018-09-12 11:55:00,-120:-115:-110:-105:-100:-95:-90:-85:-80:-75:-70:-65:-60:-55:-50:-45:-40:-35:-30:-25:-20:-15:-10:-5:0:5:10:15:20:25:30:35:40:45:50:55:60:65:70:75:80:85:90:95:100:105:110:115:120,,,,25.71634995473401,-98.72450468362295,29.1411961084537,-94.80654810441234,+proj=laea +lat_0=38 +lon_0=-98 +units=m +a=6370997.0 +ellps=sphere ,192.0,192.0,384000.0,384000.0,-73.74195861816406,-11.173822402954102,0.0
R18120711557635,ir069/2018/SEVIR_IR069_RANDOMEVENTS_2018_0901_1231.h5,93,ir069,2018-12-07 11:55:00,-120:-115:-110:-105:-100:-95:-90:-85:-80:-75:-70:-65:-60:-55:-50:-45:-40:-35:-30:-25:-20:-15:-10:-5:0:5:10:15:20:25:30:35:40:45:50:55:60:65:70:75:80:85:90:95:100:105:110:115:120,,,,32.39740975027352,-91.1834466770348,35.501839107911124,-86.65218254380292,+proj=laea +lat_0=38 +lon_0=-98 +units=m +a=6370997.0 +ellps=sphere ,192.0,192.0,384000.0,384000.0,-49.41835784912109,-31.116498947143555,0.0
R18091517258073,ir069/2018/SEVIR_IR069_RANDOMEVENTS_2018_0901_1231.h5,116,ir069,2018-09-15 17:25:00,-120:-115:-110:-105:-100:-95:-90:-85:-80:-75:-70:-65:-60:-55:-50:-45:-40:-35:-30:-25:-20:-15:-10:-5:0:5:10:15:20:25:30:35:40:45:50:55:60:65:70:75:80:85:90:95:100:105:110:115:120,,,,38.82672480379899,-87.85922537398899,41.75740683659398,-82.71655573842143,+proj=laea +lat_0=38 +lon_0=-98 +units=m +a=6370997.0 +ellps=sphere ,192.0,192.0,384000.0,384000.0,-29.85244560241699,-10.7955904006958,0.0
R18091517258335,ir069/2018/SEVIR_IR069_RANDOMEVENTS_2018_0901_1231.h5,117,ir069,2018-09-15 17:25:00,-120:-115:-110:-105:-100:-95:-90:-85:-80:-75:-70:-65:-60:-55:-50:-45:-40:-35:-30:-25:-20:-15:-10:-5:0:5:10:15:20:25:30:35:40:45:50:55:60:65:70:75:80:85:90:95:100:105:110:115:120,,,,41.98448055144403,-80.43407134722979,44.53648091824069,-74.65026195282124,+proj=laea +lat_0=38 +lon_0=-98 +units=m +a=6370997.0 +ellps=sphere ,192.0,192.0,384000.0,384000.0,-24.703060150146484,-11.756943702697756,0.0
R18091517257625,ir069/2018/SEVIR_IR069_RANDOMEVENTS_2018_0901_1231.h5,119,ir069,2018-09-15 17:25:00,-120:-115:-110:-105:-100:-95:-90:-85:-80:-75:-70:-65:-60:-55:-50:-45:-40:-35:-30:-25:-20:-15:-10:-5:0:5:10:15:20:25:30:35:40:45:50:55:60:65:70:75:80:85:90:95:100:105:110:115:120,,,,32.44997408869473,-100.82142682770578,35.93292919933544,-96.67844558051084,+proj=laea +lat_0=38 +lon_0=-98 +units=m +a=6370997.0 +ellps=sphere ,192.0,192.0,384000.0,384000.0,-54.63481903076172,-12.553133010864258,0.0
R18120914328144,ir069/2018/SEVIR_IR069_RANDOMEVENTS_2018_0901_1231.h5,124,ir069,2018-12-09 14:30:00,-120:-115:-110:-105:-100:-95:-90:-85:-80:-75:-70:-65:-60:-55:-50:-45:-40:-35:-30:-25:-20:-15:-10:-5:0:5:10:15:20:25:30:35:40:45:50:55:60:65:70:75:80:85:90:95:100:105:110:115:120,,,,40.02705526898729,-80.25392283117344,42.58398929340325,-74.66595490705046,+proj=laea +lat_0=38 +lon_0=-98 +units=m +a=6370997.0 +ellps=sphere ,192.0,192.0,384000.0,384000.0,-52.16236114501953,-21.95838928222656,0.0
R18091115127453,ir069/2018/SEVIR_IR069_RANDOMEVENTS_2018_0901_1231.h5,215,ir069,2018-09-11 15:10:00,-120:-115:-110:-105:-100:-95:-90:-85:-80:-75:-70:-65:-60:-55:-50:-45:-40:-35:-30:-25:-20:-15:-10:-5:0:5:10:15:20:25:30:35:40:45:50:55:60:65:70:75:80:85:90:95:100:105:110:115:120,,,,28.67094779489716,-94.77091875996597,31.93583597688932,-90.58203861956508,+proj=laea +lat_0=38 +lon_0=-98 +units=m +a=6370997.0 +ellps=sphere ,192.0,192.0,384000.0,384000.0,-77.7629623413086,-25.260726928710927,0.0
R18091517257409,ir069/2018/SEVIR_IR069_RANDOMEVENTS_2018_0901_1231.h5,222,ir069,2018-09-15 17:25:00,-120:-115:-110:-105:-100:-95:-90:-85:-80:-75:-70:-65:-60:-55:-50:-45:-40:-35:-30:-25:-20:-15:-10:-5:0:5:10:15:20:25:30:35:40:45:50:55:60:65:70:75:80:85:90:95:100:105:110:115:120,,,,27.448881685543707,-99.06969261840996,30.880241230913487,-95.09194229501551,+proj=laea +lat_0=38 +lon_0=-98 +units=m +a=6370997.0 +ellps=sphere ,192.0,192.0,384000.0,384000.0,-74.30034637451172,-25.737070083618164,0.0
R18112406217673,ir069/2018/SEVIR_IR069_RANDOMEVENTS_2018_0901_1231.h5,229,ir069,2018-11-24 06:20:00,-120:-115:-110:-105:-100:-95:-90:-85:-80:-75:-70:-65:-60:-55:-50:-45:-40:-35:-30:-25:-20:-15:-10:-5:0:5:10:15:20:25:30:35:40:45:50:55:60:65:70:75:80:85:90:95:100:105:110:115:120,,,,33.63539726920824,-84.07106060094344,36.42018521475109,-79.18223228140458,+proj=laea +lat_0=38 +lon_0=-98 +units=m +a=6370997.0 +ellps=sphere ,192.0,192.0,384000.0,384000.0,-55.24403762817383,-23.83867645263672,0.0
R18090307568136,ir069/2018/SEVIR_IR069_RANDOMEVENTS_2018_0901_1231.h5,254,ir069,2018-09-03 07:55:00,-120:-115:-110:-105:-100:-95:-90:-85:-80:-75:-70:-65:-60:-55:-50:-45:-40:-35:-30:-25:-20:-15:-10:-5:0:5:10:15:20:25:30:35:40:45:50:55:60:65:70:75:80:85:90:95:100:105:110:115:120,,,,40.34722773277514,-98.2005587692868,43.719442136653655,-93.43621540182512,+proj=laea +lat_0=38 +lon_0=-98 +units=m +a=6370997.0 +ellps=sphere ,192.0,192.0,384000.0,384000.0,-65.10480499267578,-22.87651062011719,0.0
R18090307567458,ir069/2018/SEVIR_IR069_RANDOMEVENTS_2018_0901_1231.h5,255,ir069,2018-09-03 07:55:00,-120:-115:-110:-105:-100:-95:-90:-85:-80:-75:-70:-65:-60:-55:-50:-45:-40:-35:-30:-25:-20:-15:-10:-5:0:5:10:15:20:25:30:35:40:45:50:55:60:65:70:75:80:85:90:95:100:105:110:115:120,,,,28.76431915453761,-94.88038496787291,32.03309645140228,-90.69082107954692,+proj=laea +lat_0=38 +lon_0=-98 +units=m +a=6370997.0 +ellps=sphere ,192.0,192.0,384000.0,384000.0,-74.06378936767578,-26.54930686950684,0.0
R18101704427720,ir069/2018/SEVIR_IR069_RANDOMEVENTS_2018_0901_1231.h5,272,ir069,2018-10-17 04:40:00,-120:-115:-110:-105:-100:-95:-90:-85:-80:-75:-70:-65:-60:-55:-50:-45:-40:-35:-30:-25:-20:-15:-10:-5:0:5:10:15:20:25:30:35:40:45:50:55:60:65:70:75:80:85:90:95:100:105:110:115:120,,,,34.60444491373016,-81.9357174146762,37.28259078476646,-76.89289532748789,+proj=laea +lat_0=38 +lon_0=-98 +units=m +a=6370997.0 +ellps=sphere ,192.0,192.0,384000.0,384000.0,-60.01766204833984,-27.32507705688477,0.0
R18092406477688,ir069/2018/SEVIR_IR069_RANDOMEVENTS_2018_0901_1231.h5,385,ir069,2018-09-24 06:45:00,-120:-115:-110:-105:-100:-95:-90:-85:-80:-75:-70:-65:-60:-55:-50:-45:-40:-35:-30:-25:-20:-15:-10:-5:0:5:10:15:20:25:30:35:40:45:50:55:60:65:70:75:80:85:90:95:100:105:110:115:120,,,,33.25723997847784,-92.98939916248656,36.43324605591194,-88.47661089912431,+proj=laea +lat_0=38 +lon_0=-98 +units=m +a=6370997.0 +ellps=sphere ,192.0,192.0,384000.0,384000.0,-63.53815078735352,-12.127704620361328,0.0
R18092406477423,ir069/2018/SEVIR_IR069_RANDOMEVENTS_2018_0901_1231.h5,389,ir069,2018-09-24 06:45:00,-120:-115:-110:-105:-100:-95:-90:-85:-80:-75:-70:-65:-60:-55:-50:-45:-40:-35:-30:-25:-20:-15:-10:-5:0:5:10:15:20:25:30:35:40:45:50:55:60:65:70:75:80:85:90:95:100:105:110:115:120,,,,27.991222198878468,-94.99619108646904,31.26762038215541,-90.84860917191278,+proj=laea +lat_0=38 +lon_0=-98 +units=m +a=6370997.0 +ellps=sphere ,192.0,192.0,384000.0,384000.0,-74.93302917480469,-15.52135181427002,0.0
R18093015187460,ir069/2018/SEVIR_IR069_RANDOMEVENTS_2018_0901_1231.h5,406,ir069,2018-09-30 15:15:00,-120:-115:-110:-105:-100:-95:-90:-85:-80:-75:-70:-65:-60:-55:-50:-45:-40:-35:-30:-25:-20:-15:-10:-5:0:5:10:15:20:25:30:35:40:45:50:55:60:65:70:75:80:85:90:95:100:105:110:115:120,,,,28.76684961919537,-95.72952283497337,32.06848481348591,-91.57069221856707,+proj=laea +lat_0=38 +lon_0=-98 +units=m +a=6370997.0 +ellps=sphere ,192.0,192.0,384000.0,384000.0,-80.54795837402344,-27.72036361694336,0.0
R18120508127432,ir069/2018/SEVIR_IR069_RANDOMEVENTS_2018_0901_1231.h5,436,ir069,2018-12-05 08:10:00,-120:-115:-110:-105:-100:-95:-90:-85:-80:-75:-70:-65:-60:-55:-50:-45:-40:-35:-30:-25:-20:-15:-10:-5:0:5:10:15:20:25:30:35:40:45:50:55:60:65:70:75:80:85:90:95:100:105:110:115:120,,,,29.116836513451982,-108.8692738278414,32.878649502135445,-105.1984366412515,+proj=laea +lat_0=38 +lon_0=-98 +units=m +a=6370997.0 +ellps=sphere ,192.0,192.0,384000.0,384000.0,-48.4444351196289,-22.69759178161621,0.0
R18090616228170,ir069/2018/SEVIR_IR069_RANDOMEVENTS_2018_0901_1231.h5,451,ir069,2018-09-06 16:20:00,-120:-115:-110:-105:-100:-95:-90:-85:-80:-75:-70:-65:-60:-55:-50:-45:-40:-35:-30:-25:-20:-15:-10:-5:0:5:10:15:20:25:30:35:40:45:50:55:60:65:70:75:80:85:90:95:100:105:110:115:120,,,,40.281839148248665,-80.56143124525026,42.85248844026264,-74.9611237553228,+proj=laea +lat_0=38 +lon_0=-98 +units=m +a=6370997.0 +ellps=sphere ,192.0,192.0,384000.0,384000.0,-72.88899230957031,-21.77277374267578,0.0
R18113009348053,ir069/2018/SEVIR_IR069_RANDOMEVENTS_2018_0901_1231.h5,462,ir069,2018-11-30 09:30:00,-120:-115:-110:-105:-100:-95:-90:-85:-80:-75:-70:-65:-60:-55:-50:-45:-40:-35:-30:-25:-20:-15:-10:-5:0:5:10:15:20:25:30:35:40:45:50:55:60:65:70:75:80:85:90:95:100:105:110:115:120,,,,40.18632607599945,-103.07645127993064,43.74770778511128,-98.58438378242865,+proj=laea +lat_0=38 +lon_0=-98 +units=m +a=6370997.0 +ellps=sphere ,192.0,192.0,384000.0,384000.0,-59.36370849609375,-27.280519485473643,0.0
R18090501327631,ir069/2018/SEVIR_IR069_RANDOMEVENTS_2018_0901_1231.h5,467,ir069,2018-09-05 01:30:00,-120:-115:-110:-105:-100:-95:-90:-85:-80:-75:-70:-65:-60:-55:-50:-45:-40:-35:-30:-25:-20:-15:-10:-5:0:5:10:15:20:25:30:35:40:45:50:55:60:65:70:75:80:85:90:95:100:105:110:115:120,,,,33.24171679300633,-105.01358958804371,36.87301757106418,-101.01343857367678,+proj=laea +lat_0=38 +lon_0=-98 +units=m +a=6370997.0 +ellps=sphere ,192.0,192.0,384000.0,384000.0,-66.27793121337889,-18.479881286621094,0.0
R18090501327593,ir069/2018/SEVIR_IR069_RANDOMEVENTS_2018_0901_1231.h5,468,ir069,2018-09-05 01:30:00,-120:-115:-110:-105:-100:-95:-90:-85:-80:-75:-70:-65:-60:-55:-50:-45:-40:-35:-30:-25:-20:-15:-10:-5:0:5:10:15:20:25:30:35:40:45:50:55:60:65:70:75:80:85:90:95:100:105:110:115:120,,,,31.90624098053336,-87.97760277176539,34.876211935689604,-83.35450338398984,+proj=laea +lat_0=38 +lon_0=-98 +units=m +a=6370997.0 +ellps=sphere ,192.0,192.0,384000.0,384000.0,-65.41040802001953,-22.440168380737305,0.0
R18090501328051,ir069/2018/SEVIR_IR069_RANDOMEVENTS_2018_0901_1231.h5,470,ir069,2018-09-05 01:30:00,-120:-115:-110:-105:-100:-95:-90:-85:-80:-75:-70:-65:-60:-55:-50:-45:-40:-35:-30:-25:-20:-15:-10:-5:0:5:10:15:20:25:30:35:40:45:50:55:60:65:70:75:80:85:90:95:100:105:110:115:120,,,,39.608764755500005,-100.59167733741378,43.07577973075047,-96.00720494178871,+proj=laea +lat_0=38 +lon_0=-98 +units=m +a=6370997.0 +ellps=sphere ,192.0,192.0,384000.0,384000.0,-71.60391998291016,-28.603818893432607,0.0
R18092920477507,ir069/2018/SEVIR_IR069_RANDOMEVENTS_2018_0901_1231.h5,481,ir069,2018-09-29 20:45:00,-120:-115:-110:-105:-100:-95:-90:-85:-80:-75:-70:-65:-60:-55:-50:-45:-40:-35:-30:-25:-20:-15:-10:-5:0:5:10:15:20:25:30:35:40:45:50:55:60:65:70:75:80:85:90:95:100:105:110:115:120,,,,29.775167425846032,-96.10863742088718,33.08776189122035,-91.91371406580365,+proj=laea +lat_0=38 +lon_0=-98 +units=m +a=6370997.0 +ellps=sphere ,192.0,192.0,384000.0,384000.0,-69.57705688476561,-17.841751098632812,0.0
R18122218458403,ir069/2018/SEVIR_IR069_RANDOMEVENTS_2018_0901_1231.h5,552,ir069,2018-12-22 18:45:00,-120:-115:-110:-105:-100:-95:-90:-85:-80:-75:-70:-65:-60:-55:-50:-45:-40:-35:-30:-25:-20:-15:-10:-5:0:5:10:15:20:25:30:35:40:45:50:55:60:65:70:75:80:85:90:95:100:105:110:115:120,,,,43.26856483437784,-73.64618014372047,45.4463028503588,-67.42081365188139,+proj=laea +lat_0=38 +lon_0=-98 +units=m +a=6370997.0 +ellps=sphere ,192.0,192.0,384000.0,384000.0,-47.82168579101562,-23.857866287231445,0.0
R18103009388404,ir069/2018/SEVIR_IR069_RANDOMEVENTS_2018_0901_1231.h5,556,ir069,2018-10-30 09:35:00,-120:-115:-110:-105:-100:-95:-90:-85:-80:-75:-70:-65:-60:-55:-50:-45:-40:-35:-30:-25:-20:-15:-10:-5:0:5:10:15:20:25:30:35:40:45:50:55:60:65:70:75:80:85:90:95:100:105:110:115:120,,,,42.810913865402505,-78.15330543945241,45.23772767943578,-72.17554790663905,+proj=laea +lat_0=38 +lon_0=-98 +units=m +a=6370997.0 +ellps=sphere ,192.0,192.0,384000.0,384000.0,-43.6876220703125,-22.98760986328125,0.0
R18091608077890,ir069/2018/SEVIR_IR069_RANDOMEVENTS_2018_0901_1231.h5,572,ir069,2018-09-16 08:05:00,-120:-115:-110:-105:-100:-95:-90:-85:-80:-75:-70:-65:-60:-55:-50:-45:-40:-35:-30:-25:-20:-15:-10:-5:0:5:10:15:20:25:30:35:40:45:50:55:60:65:70:75:80:85:90:95:100:105:110:115:120,,,,36.74411130787468,-83.30347903409904,39.47311822010131,-78.14229901844031,+proj=laea +lat_0=38 +lon_0=-98 +units=m +a=6370997.0 +ellps=sphere ,192.0,192.0,384000.0,384000.0,-56.86651611328125,-21.76876640319824,0.0
R18092206157943,ir069/2018/SEVIR_IR069_RANDOMEVENTS_2018_0901_1231.h5,597,ir069,2018-09-22 06:15:00,-120:-115:-110:-105:-100:-95:-90:-85:-80:-75:-70:-65:-60:-55:-50:-45:-40:-35:-30:-25:-20:-15:-10:-5:0:5:10:15:20:25:30:35:40:45:50:55:60:65:70:75:80:85:90:95:100:105:110:115:120,,,,37.42556315937944,-83.24843816770165,40.14763241705574,-78.02725638008302,+proj=laea +lat_0=38 +lon_0=-98 +units=m +a=6370997.0 +ellps=sphere ,192.0,192.0,384000.0,384000.0,-49.5683822631836,-18.049854278564453,0.0
R18092206157671,ir069/2018/SEVIR_IR069_RANDOMEVENTS_2018_0901_1231.h5,599,ir069,2018-09-22 06:15:00,-120:-115:-110:-105:-100:-95:-90:-85:-80:-75:-70:-65:-60:-55:-50:-45:-40:-35:-30:-25:-20:-15:-10:-5:0:5:10:15:20:25:30:35:40:45:50:55:60:65:70:75:80:85:90:95:100:105:110:115:120,,,,32.949657227816594,-94.37993436484128,36.18338840891471,-89.94244969312517,+proj=laea +lat_0=38 +lon_0=-98 +units=m +a=6370997.0 +ellps=sphere ,192.0,192.0,384000.0,384000.0,-68.27881622314453,-25.664628982543945,0.0
R18100708028145,ir069/2018/SEVIR_IR069_RANDOMEVENTS_2018_0901_1231.h5,635,ir069,2018-10-07 08:00:00,-120:-115:-110:-105:-100:-95:-90:-85:-80:-75:-70:-65:-60:-55:-50:-45:-40:-35:-30:-25:-20:-15:-10:-5:0:5:10:15:20:25:30:35:40:45:50:55:60:65:70:75:80:85:90:95:100:105:110:115:120,,,,39.82172966059488,-83.27662481391296,42.53030498080199,-77.83943700236166,+proj=laea +lat_0=38 +lon_0=-98 +units=m +a=6370997.0 +ellps=sphere ,192.0,192.0,384000.0,384000.0,-46.00099563598633,-17.93397331237793,0.0
R18100708027639,ir069/2018/SEVIR_IR069_RANDOMEVENTS_2018_0901_1231.h5,637,ir069,2018-10-07 08:00:00,-120:-115:-110:-105:-100:-95:-90:-85:-80:-75:-70:-65:-60:-55:-50:-45:-40:-35:-30:-25:-20:-15:-10:-5:0:5:10:15:20:25:30:35:40:45:50:55:60:65:70:75:80:85:90:95:100:105:110:115:120,,,,32.615124677298475,-99.78120964231822,36.059310740743534,-95.58593413251192,+proj=laea +lat_0=38 +lon_0=-98 +units=m +a=6370997.0 +ellps=sphere ,192.0,192.0,384000.0,384000.0,-74.4072494506836,-23.45978355407715,0.0
R18120608158717,ir069/2018/SEVIR_IR069_RANDOMEVENTS_2018_0901_1231.h5,643,ir069,2018-12-06 08:15:00,-120:-115:-110:-105:-100:-95:-90:-85:-80:-75:-70:-65:-60:-55:-50:-45:-40:-35:-30:-25:-20:-15:-10:-5:0:5:10:15:20:25:30:35:40:45:50:55:60:65:70:75:80:85:90:95:100:105:110:115:120,,,,45.57455662298957,-89.39182648817307,48.550253018516855,-83.65041950157584,+proj=laea +lat_0=38 +lon_0=-98 +units=m +a=6370997.0 +ellps=sphere ,192.0,192.0,384000.0,384000.0,-46.27042770385742,-33.26409149169922,0.0
R18112514418139,ir069/2018/SEVIR_IR069_RANDOMEVENTS_2018_0901_1231.h5,652,ir069,2018-11-25 14:40:00,-120:-115:-110:-105:-100:-95:-90:-85:-80:-75:-70:-65:-60:-55:-50:-45:-40:-35:-30:-25:-20:-15:-10:-5:0:5:10:15:20:25:30:35:40:45:50:55:60:65:70:75:80:85:90:95:100:105:110:115:120,,,,39.67612140530904,-84.98207344998835,42.46790923648665,-79.63417800909359,+proj=laea +lat_0=38 +lon_0=-98 +units=m +a=6370997.0 +ellps=sphere ,192.0,192.0,384000.0,384000.0,-53.24979019165039,-27.26052665710449,0.0
R18091716108167,ir069/2018/SEVIR_IR069_RANDOMEVENTS_2018_0901_1231.h5,676,ir069,2018-09-17 16:10:00,-120:-115:-110:-105:-100:-95:-90:-85:-80:-75:-70:-65:-60:-55:-50:-45:-40:-35:-30:-25:-20:-15:-10:-5:0:5:10:15:20:25:30:35:40:45:50:55:60:65:70:75:80:85:90:95:100:105:110:115:120,,,,40.12876689663918,-82.2023011749565,42.78257261203287,-76.68831206039646,+proj=laea +lat_0=38 +lon_0=-98 +units=m +a=6370997.0 +ellps=sphere ,192.0,192.0,384000.0,384000.0,-58.67308044433594,-22.97306251525879,0.0
R18091714088614,ir069/2018/SEVIR_IR069_RANDOMEVENTS_2018_0901_1231.h5,701,ir069,2018-09-17 14:05:00,-120:-115:-110:-105:-100:-95:-90:-85:-80:-75:-70:-65:-60:-55:-50:-45:-40:-35:-30:-25:-20:-15:-10:-5:0:5:10:15:20:25:30:35:40:45:50:55:60:65:70:75:80:85:90:95:100:105:110:115:120,,,,45.14975547355567,-94.46061414355684,48.35872316362168,-89.05476219109836,+proj=laea +lat_0=38 +lon_0=-98 +units=m +a=6370997.0 +ellps=sphere ,192.0,192.0,384000.0,384000.0,-40.01032257080078,-18.555980682373047,0.0
R18091714087794,ir069/2018/SEVIR_IR069_RANDOMEVENTS_2018_0901_1231.h5,759,ir069,2018-09-17 14:05:00,-120:-115:-110:-105:-100:-95:-90:-85:-80:-75:-70:-65:-60:-55:-50:-45:-40:-35:-30:-25:-20:-15:-10:-5:0:5:10:15:20:25:30:35:40:45:50:55:60:65:70:75:80:85:90:95:100:105:110:115:120,,,,35.80523415418961,-80.53000030104737,38.40687614119001,-75.33694959744024,+proj=laea +lat_0=38 +lon_0=-98 +units=m +a=6370997.0 +ellps=sphere ,192.0,192.0,384000.0,384000.0,-71.59809875488281,-15.766870498657228,0.0
R18090208187498,ir069/2018/SEVIR_IR069_RANDOMEVENTS_2018_0901_1231.h5,761,ir069,2018-09-02 08:15:00,-120:-115:-110:-105:-100:-95:-90:-85:-80:-75:-70:-65:-60:-55:-50:-45:-40:-35:-30:-25:-20:-15:-10:-5:0:5:10:15:20:25:30:35:40:45:50:55:60:65:70:75:80:85:90:95:100:105:110:115:120,,,,29.91745483089077,-103.49997977084844,33.50025666866297,-99.5842378077465,+proj=laea +lat_0=38 +lon_0=-98 +units=m +a=6370997.0 +ellps=sphere ,192.0,192.0,384000.0,384000.0,-75.18075561523438,-21.72734832763672,0.0
R18090208188283,ir069/2018/SEVIR_IR069_RANDOMEVENTS_2018_0901_1231.h5,766,ir069,2018-09-02 08:15:00,-120:-115:-110:-105:-100:-95:-90:-85:-80:-75:-70:-65:-60:-55:-50:-45:-40:-35:-30:-25:-20:-15:-10:-5:0:5:10:15:20:25:30:35:40:45:50:55:60:65:70:75:80:85:90:95:100:105:110:115:120,,,,41.28318307440916,-89.00738990552686,44.2563580053957,-83.69663577892275,+proj=laea +lat_0=38 +lon_0=-98 +units=m +a=6370997.0 +ellps=sphere ,192.0,192.0,384000.0,384000.0,-73.72220611572266,-26.99516677856445,0.0
R18120221257635,ir069/2018/SEVIR_IR069_RANDOMEVENTS_2018_0901_1231.h5,792,ir069,2018-12-02 21:25:00,-120:-115:-110:-105:-100:-95:-90:-85:-80:-75:-70:-65:-60:-55:-50:-45:-40:-35:-30:-25:-20:-15:-10:-5:0:5:10:15:20:25:30:35:40:45:50:55:60:65:70:75:80:85:90:95:100:105:110:115:120,,,,34.326130011104304,-108.70929167221684,38.08146480561296,-104.8295325074178,+proj=laea +lat_0=38 +lon_0=-98 +units=m +a=6370997.0 +ellps=sphere ,192.0,192.0,384000.0,384000.0,-46.70060348510742,-21.55182838439941,0.0
R18110720417477,ir069/2018/SEVIR_IR069_RANDOMEVENTS_2018_0901_1231.h5,842,ir069,2018-11-07 20:40:00,-120:-115:-110:-105:-100:-95:-90:-85:-80:-75:-70:-65:-60:-55:-50:-45:-40:-35:-30:-25:-20:-15:-10:-5:0:5:10:15:20:25:30:35:40:45:50:55:60:65:70:75:80:85:90:95:100:105:110:115:120,,,,29.1997630381009,-94.36252134371344,32.44653774502472,-90.1321201785418,+proj=laea +lat_0=38 +lon_0=-98 +units=m +a=6370997.0 +ellps=sphere ,192.0,192.0,384000.0,384000.0,-77.54764556884766,-20.305946350097656,0.0
R18093001567472,ir069/2018/SEVIR_IR069_RANDOMEVENTS_2018_0901_1231.h5,854,ir069,2018-09-30 01:55:00,-120:-115:-110:-105:-100:-95:-90:-85:-80:-75:-70:-65:-60:-55:-50:-45:-40:-35:-30:-25:-20:-15:-10:-5:0:5:10:15:20:25:30:35:40:45:50:55:60:65:70:75:80:85:90:95:100:105:110:115:120,,,,29.207993404622982,-92.95285327331104,32.398795655530485,-88.67071968683308,+proj=laea +lat_0=38 +lon_0=-98 +units=m +a=6370997.0 +ellps=sphere ,192.0,192.0,384000.0,384000.0,-79.27335357666016,-30.98491096496582,0.0
R18091617438488,ir069/2018/SEVIR_IR069_RANDOMEVENTS_2018_0901_1231.h5,858,ir069,2018-09-16 17:40:00,-120:-115:-110:-105:-100:-95:-90:-85:-80:-75:-70:-65:-60:-55:-50:-45:-40:-35:-30:-25:-20:-15:-10:-5:0:5:10:15:20:25:30:35:40:45:50:55:60:65:70:75:80:85:90:95:100:105:110:115:120,,,,43.475814281825,-90.03811200914879,46.4887605315414,-84.56217173726961,+proj=laea +lat_0=38 +lon_0=-98 +units=m +a=6370997.0 +ellps=sphere ,192.0,192.0,384000.0,384000.0,-24.64943885803223,-11.841424942016602,0.0
R18091617437765,ir069/2018/SEVIR_IR069_RANDOMEVENTS_2018_0901_1231.h5,863,ir069,2018-09-16 17:40:00,-120:-115:-110:-105:-100:-95:-90:-85:-80:-75:-70:-65:-60:-55:-50:-45:-40:-35:-30:-25:-20:-15:-10:-5:0:5:10:15:20:25:30:35:40:45:50:55:60:65:70:75:80:85:90:95:100:105:110:115:120,,,,34.91145899084464,-84.76190842077871,37.72021628054846,-79.80508584292672,+proj=laea +lat_0=38 +lon_0=-98 +units=m +a=6370997.0 +ellps=sphere ,192.0,192.0,384000.0,384000.0,-57.52362060546875,-24.2421932220459,0.0
R18091406527848,ir069/2018/SEVIR_IR069_RANDOMEVENTS_2018_0901_1231.h5,876,ir069,2018-09-14 06:50:00,-120:-115:-110:-105:-100:-95:-90:-85:-80:-75:-70:-65:-60:-55:-50:-45:-40:-35:-30:-25:-20:-15:-10:-5:0:5:10:15:20:25:30:35:40:45:50:55:60:65:70:75:80:85:90:95:100:105:110:115:120,,,,37.62239936109175,-105.69917855780024,41.277379035478894,-101.50600524484469,+proj=laea +lat_0=38 +lon_0=-98 +units=m +a=6370997.0 +ellps=sphere ,192.0,192.0,384000.0,384000.0,-24.38064384460449,-12.744185447692873,0.0
R18091406527424,ir069/2018/SEVIR_IR069_RANDOMEVENTS_2018_0901_1231.h5,880,ir069,2018-09-14 06:50:00,-120:-115:-110:-105:-100:-95:-90:-85:-80:-75:-70:-65:-60:-55:-50:-45:-40:-35:-30:-25:-20:-15:-10:-5:0:5:10:15:20:25:30:35:40:45:50:55:60:65:70:75:80:85:90:95:100:105:110:115:120,,,,27.86880151667253,-97.6250644461941,31.245498383545478,-93.5770391682482,+proj=laea +lat_0=38 +lon_0=-98 +units=m +a=6370997.0 +ellps=sphere ,192.0,192.0,384000.0,384000.0,-74.36915588378906,-22.90334701538086,0.0
R18100607358310,ir069/2018/SEVIR_IR069_RANDOMEVENTS_2018_0901_1231.h5,904,ir069,2018-10-06 07:35:00,-120:-115:-110:-105:-100:-95:-90:-85:-80:-75:-70:-65:-60:-55:-50:-45:-40:-35:-30:-25:-20:-15:-10:-5:0:5:10:15:20:25:30:35:40:45:50:55:60:65:70:75:80:85:90:95:100:105:110:115:120,,,,41.58206059170973,-89.26878823630864,44.56613618479656,-83.94239499890784,+proj=laea +lat_0=38 +lon_0=-98 +units=m +a=6370997.0 +ellps=sphere ,192.0,192.0,384000.0,384000.0,-65.85645294189453,-20.87015914916992,0.0
R18101307177374,ir069/2018/SEVIR_IR069_RANDOMEVENTS_2018_0901_1231.h5,929,ir069,2018-10-13 07:15:00,-120:-115:-110:-105:-100:-95:-90:-85:-80:-75:-70:-65:-60:-55:-50:-45:-40:-35:-30:-25:-20:-15:-10:-5:0:5:10:15:20:25:30:35:40:45:50:55:60:65:70:75:80:85:90:95:100:105:110:115:120,,,,31.49034521427521,-118.19209451693888,35.52522216321228,-114.852244463608,+proj=laea +lat_0=38 +lon_0=-98 +units=m +a=6370997.0 +ellps=sphere ,192.0,192.0,384000.0,384000.0,-54.17083358764648,-14.099369049072266,0.0
R18100909577852,ir069/2018/SEVIR_IR069_RANDOMEVENTS_2018_0901_1231.h5,986,ir069,2018-10-09 09:55:00,-120:-115:-110:-105:-100:-95:-90:-85:-80:-75:-70:-65:-60:-55:-50:-45:-40:-35:-30:-25:-20:-15:-10:-5:0:5:10:15:20:25:30:35:40:45:50:55:60:65:70:75:80:85:90:95:100:105:110:115:120,,,,36.28948999548838,-98.63590386537368,39.68376118754689,-94.177586559482,+proj=laea +lat_0=38 +lon_0=-98 +units=m +a=6370997.0 +ellps=sphere ,192.0,192.0,384000.0,384000.0,-65.30589294433594,-31.01100730895996,0.0
R18090606587610,ir069/2018/SEVIR_IR069_RANDOMEVENTS_2018_0901_1231.h5,996,ir069,2018-09-06 06:55:00,-120:-115:-110:-105:-100:-95:-90:-85:-80:-75:-70:-65:-60:-55:-50:-45:-40:-35:-30:-25:-20:-15:-10:-5:0:5:10:15:20:25:30:35:40:45:50:55:60:65:70:75:80:85:90:95:100:105:110:115:120,,,,32.433932636868484,-103.0905959174381,35.99871104506391,-99.04477955122128,+proj=laea +lat_0=38 +lon_0=-98 +units=m +a=6370997.0 +ellps=sphere ,192.0,192.0,384000.0,384000.0,-58.6171875,-29.684194564819336,0.0
R18092308287400,ir069/2018/SEVIR_IR069_RANDOMEVENTS_2018_0901_1231.h5,1003,ir069,2018-09-23 08:25:00,-120:-115:-110:-105:-100:-95:-90:-85:-80:-75:-70:-65:-60:-55:-50:-45:-40:-35:-30:-25:-20:-15:-10:-5:0:5:10:15:20:25:30:35:40:45:50:55:60:65:70:75:80:85:90:95:100:105:110:115:120,,,,27.31173587541485,-96.77049570627396,30.65847546090751,-92.71719408994628,+proj=laea +lat_0=38 +lon_0=-98 +units=m +a=6370997.0 +ellps=sphere ,192.0,192.0,384000.0,384000.0,-79.92877197265625,-16.322540283203125,0.0
R18101404137620,ir069/2018/SEVIR_IR069_RANDOMEVENTS_2018_0901_1231.h5,1030,ir069,2018-10-14 04:10:00,-120:-115:-110:-105:-100:-95:-90:-85:-80:-75:-70:-65:-60:-55:-50:-45:-40:-35:-30:-25:-20:-15:-10:-5:0:5:10:15:20:25:30:35:40:45:50:55:60:65:70:75:80:85:90:95:100:105:110:115:120,,,,32.54224018965516,-86.32305074407431,35.43582855052565,-81.59591232582822,+proj=laea +lat_0=38 +lon_0=-98 +units=m +a=6370997.0 +ellps=sphere ,192.0,192.0,384000.0,384000.0,-44.39160537719727,-21.613279342651367,0.0
R18090223037871,ir069/2018/SEVIR_IR069_RANDOMEVENTS_2018_0901_1231.h5,1037,ir069,2018-09-02 23:00:00,-120:-115:-110:-105:-100:-95:-90:-85:-80:-75:-70:-65:-60:-55:-50:-45:-40:-35:-30:-25:-20:-15:-10:-5:0:5:10:15:20:25:30:35:40:45:50:55:60:65:70:75:80:85:90:95:100:105:110:115:120,,,,36.253969883234966,-86.58648019955946,39.13896656460809,-81.60003808410998,+proj=laea +lat_0=38 +lon_0=-98 +units=m +a=6370997.0 +ellps=sphere ,192.0,192.0,384000.0,384000.0,-69.58986663818361,-20.77419662475586,0.0
R18090223037563,ir069/2018/SEVIR_IR069_RANDOMEVENTS_2018_0901_1231.h5,1042,ir069,2018-09-02 23:00:00,-120:-115:-110:-105:-100:-95:-90:-85:-80:-75:-70:-65:-60:-55:-50:-45:-40:-35:-30:-25:-20:-15:-10:-5:0:5:10:15:20:25:30:35:40:45:50:55:60:65:70:75:80:85:90:95:100:105:110:115:120,,,,31.95579921896879,-106.17464802239252,35.6274967367585,-102.28300119779529,+proj=laea +lat_0=38 +lon_0=-98 +units=m +a=6370997.0 +ellps=sphere ,192.0,192.0,384000.0,384000.0,-66.80009460449219,-21.218358993530277,0.0
R18111600267840,ir069/2018/SEVIR_IR069_RANDOMEVENTS_2018_0901_1231.h5,1064,ir069,2018-11-16 00:25:00,-120:-115:-110:-105:-100:-95:-90:-85:-80:-75:-70:-65:-60:-55:-50:-45:-40:-35:-30:-25:-20:-15:-10:-5:0:5:10:15:20:25:30:35:40:45:50:55:60:65:70:75:80:85:90:95:100:105:110:115:120,,,,36.78339316505637,-77.82739490200491,39.24277226623342,-72.44641986226114,+proj=laea +lat_0=38 +lon_0=-98 +units=m +a=6370997.0 +ellps=sphere ,192.0,192.0,384000.0,384000.0,-61.71832275390625,-7.443787097930907,0.0
R18101316407925,ir069/2018/SEVIR_IR069_RANDOMEVENTS_2018_0901_1231.h5,1099,ir069,2018-10-13 16:40:00,-120:-115:-110:-105:-100:-95:-90:-85:-80:-75:-70:-65:-60:-55:-50:-45:-40:-35:-30:-25:-20:-15:-10:-5:0:5:10:15:20:25:30:35:40:45:50:55:60:65:70:75:80:85:90:95:100:105:110:115:120,,,,39.16016978734531,-106.41320609703725,42.84137478212554,-102.16848013354635,+proj=laea +lat_0=38 +lon_0=-98 +units=m +a=6370997.0 +ellps=sphere ,192.0,192.0,384000.0,384000.0,-43.21155166625977,-21.977840423583984,0.0
R18120200107400,ir069/2018/SEVIR_IR069_RANDOMEVENTS_2018_0901_1231.h5,1119,ir069,2018-12-02 00:10:00,-120:-115:-110:-105:-100:-95:-90:-85:-80:-75:-70:-65:-60:-55:-50:-45:-40:-35:-30:-25:-20:-15:-10:-5:0:5:10:15:20:25:30:35:40:45:50:55:60:65:70:75:80:85:90:95:100:105:110:115:120,,,,39.65824483791217,-124.82929779685396,43.878748089311216,-121.64909360863804,+proj=laea +lat_0=38 +lon_0=-98 +units=m +a=6370997.0 +ellps=sphere ,192.0,192.0,384000.0,384000.0,-52.19421005249024,-28.7415828704834,0.0
R18092206307773,ir069/2018/SEVIR_IR069_RANDOMEVENTS_2018_0901_1231.h5,1131,ir069,2018-09-22 06:30:00,-120:-115:-110:-105:-100:-95:-90:-85:-80:-75:-70:-65:-60:-55:-50:-45:-40:-35:-30:-25:-20:-15:-10:-5:0:5:10:15:20:25:30:35:40:45:50:55:60:65:70:75:80:85:90:95:100:105:110:115:120,,,,34.83022655817582,-97.06907420500856,38.16591806064815,-92.63114815691222,+proj=laea +lat_0=38 +lon_0=-98 +units=m +a=6370997.0 +ellps=sphere ,192.0,192.0,384000.0,384000.0,-61.05180358886719,-11.102673530578612,0.0
R18092206307772,ir069/2018/SEVIR_IR069_RANDOMEVENTS_2018_0901_1231.h5,1133,ir069,2018-09-22 06:30:00,-120:-115:-110:-105:-100:-95:-90:-85:-80:-75:-70:-65:-60:-55:-50:-45:-40:-35:-30:-25:-20:-15:-10:-5:0:5:10:15:20:25:30:35:40:45:50:55:60:65:70:75:80:85:90:95:100:105:110:115:120,,,,34.65799203675052,-90.5797932521638,37.72725791064703,-85.8764394783023,+proj=laea +lat_0=38 +lon_0=-98 +units=m +a=6370997.0 +ellps=sphere ,192.0,192.0,384000.0,384000.0,-62.0284194946289,-22.32389259338379,0.0
R18090806507935,ir069/2018/SEVIR_IR069_RANDOMEVENTS_2018_0901_1231.h5,1149,ir069,2018-09-08 06:50:00,-120:-115:-110:-105:-100:-95:-90:-85:-80:-75:-70:-65:-60:-55:-50:-45:-40:-35:-30:-25:-20:-15:-10:-5:0:5:10:15:20:25:30:35:40:45:50:55:60:65:70:75:80:85:90:95:100:105:110:115:120,,,,37.07811315232961,-87.57684979393284,40.00405039202485,-82.56696521191313,+proj=laea +lat_0=38 +lon_0=-98 +units=m +a=6370997.0 +ellps=sphere ,192.0,192.0,384000.0,384000.0,-70.515625,-29.87612342834473,0.0
R18101609507635,ir069/2018/SEVIR_IR069_RANDOMEVENTS_2018_0901_1231.h5,1152,ir069,2018-10-16 09:50:00,-120:-115:-110:-105:-100:-95:-90:-85:-80:-75:-70:-65:-60:-55:-50:-45:-40:-35:-30:-25:-20:-15:-10:-5:0:5:10:15:20:25:30:35:40:45:50:55:60:65:70:75:80:85:90:95:100:105:110:115:120,,,,32.310982578940035,-93.8746545923614,35.526511112383986,-89.45474074547148,+proj=laea +lat_0=38 +lon_0=-98 +units=m +a=6370997.0 +ellps=sphere ,192.0,192.0,384000.0,384000.0,-48.527565002441406,-27.889352798461918,0.0
R18091302028286,ir069/2018/SEVIR_IR069_RANDOMEVENTS_2018_0901_1231.h5,1218,ir069,2018-09-13 02:00:00,-120:-115:-110:-105:-100:-95:-90:-85:-80:-75:-70:-65:-60:-55:-50:-45:-40:-35:-30:-25:-20:-15:-10:-5:0:5:10:15:20:25:30:35:40:45:50:55:60:65:70:75:80:85:90:95:100:105:110:115:120,,,,41.5846466912186,-93.44267835617433,44.75557922981677,-88.3272208009606,+proj=laea +lat_0=38 +lon_0=-98 +units=m +a=6370997.0 +ellps=sphere ,192.0,192.0,384000.0,384000.0,-28.03045654296875,-14.401327133178713,0.0
R18090216437446,ir069/2018/SEVIR_IR069_RANDOMEVENTS_2018_0901_1231.h5,1234,ir069,2018-09-02 16:40:00,-120:-115:-110:-105:-100:-95:-90:-85:-80:-75:-70:-65:-60:-55:-50:-45:-40:-35:-30:-25:-20:-15:-10:-5:0:5:10:15:20:25:30:35:40:45:50:55:60:65:70:75:80:85:90:95:100:105:110:115:120,,,,28.40032592964441,-97.38872471657596,31.766343154680943,-93.30782688863664,+proj=laea +lat_0=38 +lon_0=-98 +units=m +a=6370997.0 +ellps=sphere ,192.0,192.0,384000.0,384000.0,-79.95513916015625,-18.61227035522461,0.0
R18100213517876,ir069/2018/SEVIR_IR069_RANDOMEVENTS_2018_0901_1231.h5,1243,ir069,2018-10-02 13:50:00,-120:-115:-110:-105:-100:-95:-90:-85:-80:-80:-70:-65:-60:-55:-50:-45:-40:-35:-30:-25:-20:-15:-10:-5:0:5:10:15:20:25:30:35:40:45:50:55:60:65:70:75:80:85:90:95:100:105:110:115:120,,,,36.605925706668586,-98.14562744661252,39.980561482691776,-93.644122696358,+proj=laea +lat_0=38 +lon_0=-98 +units=m +a=6370997.0 +ellps=sphere ,192.0,192.0,384000.0,384000.0,-44.28480911254883,-23.72346305847168,0.0
R18111717137366,ir069/2018/SEVIR_IR069_RANDOMEVENTS_2018_0901_1231.h5,1301,ir069,2018-11-17 17:10:00,-120:-115:-110:-105:-100:-95:-90:-85:-80:-75:-70:-65:-60:-55:-50:-45:-40:-35:-30:-25:-20:-15:-10:-5:0:5:10:15:20:25:30:35:40:45:50:55:60:65:70:75:80:85:90:95:100:105:110:115:120,,,,32.11329952590664,-119.3483584816456,36.17950313729954,-116.04763251471417,+proj=laea +lat_0=38 +lon_0=-98 +units=m +a=6370997.0 +ellps=sphere ,192.0,192.0,384000.0,384000.0,-53.06858825683594,-30.82748413085937,0.0
R18111717137358,ir069/2018/SEVIR_IR069_RANDOMEVENTS_2018_0901_1231.h5,1307,ir069,2018-11-17 17:10:00,-120:-115:-110:-105:-100:-95:-90:-85:-80:-75:-70:-65:-60:-55:-50:-45:-40:-35:-30:-25:-20:-15:-10:-5:0:5:10:15:20:25:30:35:40:45:50:55:60:65:70:75:80:85:90:95:100:105:110:115:120,,,,33.85225788645202,-121.517721097595,37.97675109336207,-118.28388705094434,+proj=laea +lat_0=38 +lon_0=-98 +units=m +a=6370997.0 +ellps=sphere ,192.0,192.0,384000.0,384000.0,-53.06858825683594,-28.922407150268555,0.0
R18092810347495,ir069/2018/SEVIR_IR069_RANDOMEVENTS_2018_0901_1231.h5,1314,ir069,2018-09-28 10:30:00,-120:-115:-110:-105:-100:-95:-90:-85:-80:-75:-70:-65:-60:-55:-50:-45:-40:-35:-30:-25:-20:-15:-10:-5:0:5:10:15:20:20:20:35:40:45:50:55:60:65:70:75:80:85:90:95:100:105:110:115:120,,,,45.68544551418355,-126.77613230694072,49.97705324114915,-123.57260629442337,+proj=laea +lat_0=38 +lon_0=-98 +units=m +a=6370997.0 +ellps=sphere ,192.0,192.0,384000.0,384000.0,-41.2862434387207,-19.34752655029297,0.0
R18090223258321,ir069/2018/SEVIR_IR069_RANDOMEVENTS_2018_0901_1231.h5,1349,ir069,2018-09-02 23:25:00,-120:-115:-110:-105:-100:-95:-90:-85:-80:-75:-70:-65:-60:-55:-50:-45:-40:-35:-30:-25:-20:-15:-10:-5:0:5:10:15:20:25:30:35:40:45:50:55:60:65:70:75:80:85:90:95:100:105:110:115:120,,,,41.79766721078416,-91.23949696673162,44.870611594254,-85.99143609802653,+proj=laea +lat_0=38 +lon_0=-98 +units=m +a=6370997.0 +ellps=sphere ,192.0,192.0,384000.0,384000.0,-74.7691421508789,-24.742773056030277,0.0
R18092820257412,ir069/2018/SEVIR_IR069_RANDOMEVENTS_2018_0901_1231.h5,1389,ir069,2018-09-28 20:25:00,-120:-115:-110:-105:-100:-95:-90:-85:-80:-75:-70:-65:-60:-55:-50:-45:-40:-35:-30:-25:-20:-15:-10:-5:0:5:10:15:20:25:30:35:40:45:50:55:60:65:70:75:80:85:90:95:100:105:110:115:120,,,,27.61710030778205,-96.62525256044404,30.957209523324853,-92.55297864375233,+proj=laea +lat_0=38 +lon_0=-98 +units=m +a=6370997.0 +ellps=sphere ,192.0,192.0,384000.0,384000.0,-74.92027282714844,-23.37594795227051,0.0
R18090223257411,ir069/2018/SEVIR_IR069_RANDOMEVENTS_2018_0901_1231.h5,1403,ir069,2018-09-02 23:25:00,-120:-115:-110:-105:-100:-95:-90:-85:-80:-75:-70:-65:-60:-55:-50:-45:-40:-35:-30:-25:-20:-15:-10:-5:0:5:10:15:20:25:30:35:40:45:50:55:60:65:70:75:80:85:90:95:100:105:110:115:120,,,,33.17193967541477,-118.55451304059264,37.21856029146695,-115.18922903679544,+proj=laea +lat_0=38 +lon_0=-98 +units=m +a=6370997.0 +ellps=sphere ,192.0,192.0,384000.0,384000.0,-25.735700607299805,-14.32565975189209,0.0
R18091909438267,ir069/2018/SEVIR_IR069_RANDOMEVENTS_2018_0901_1231.h5,1434,ir069,2018-09-19 09:40:00,-120:-115:-110:-105:-100:-95:-90:-85:-80:-75:-70:-65:-60:-55:-50:-45:-40:-35:-30:-25:-20:-15:-10:-5:0:5:10:15:20:25:30:35:40:45:50:55:60:65:70:75:80:85:90:95:100:105:110:115:120,,,,41.98468250124085,-98.16927897963969,45.35437879856845,-93.27145767232344,+proj=laea +lat_0=38 +lon_0=-98 +units=m +a=6370997.0 +ellps=sphere ,192.0,192.0,384000.0,384000.0,-74.2144775390625,-23.31424140930176,0.0
R18102003378333,ir069/2018/SEVIR_IR069_RANDOMEVENTS_2018_0901_1231.h5,1486,ir069,2018-10-20 03:35:00,-120:-115:-110:-105:-100:-95:-90:-85:-80:-75:-70:-65:-60:-55:-50:-45:-40:-35:-30:-25:-20:-15:-10:-5:0:5:10:15:20:25:30:35:40:45:50:55:60:65:70:75:80:85:90:95:100:105:110:115:120,,,,42.17058380672776,-93.97226630929036,45.3633011516497,-88.83146698632744,+proj=laea +lat_0=38 +lon_0=-98 +units=m +a=6370997.0 +ellps=sphere ,192.0,192.0,384000.0,384000.0,-33.84811782836914,-19.72013282775879,0.0
R18111815287570,ir069/2018/SEVIR_IR069_RANDOMEVENTS_2018_0901_1231.h5,1499,ir069,2018-11-18 15:25:00,-120:-115:-110:-105:-100:-95:-90:-85:-80:-75:-70:-65:-60:-55:-50:-45:-40:-35:-30:-25:-20:-15:-10:-5:0:5:10:15:20:25:30:35:40:45:50:55:60:65:70:75:80:85:90:95:100:105:110:115:120,,,,31.068790003201023,-95.06492021176209,34.33620874428344,-90.76217060343444,+proj=laea +lat_0=38 +lon_0=-98 +units=m +a=6370997.0 +ellps=sphere ,192.0,192.0,384000.0,384000.0,-41.58892822265625,-24.371517181396484,0.0
R18111815337447,ir069/2018/SEVIR_IR069_RANDOMEVENTS_2018_0901_1231.h5,1537,ir069,2018-11-18 15:30:00,-120:-115:-110:-105:-100:-95:-90:-85:-80:-75:-70:-65:-60:-55:-50:-45:-40:-35:-30:-25:-20:-15:-10:-5:0:5:10:15:20:25:30:35:40:45:50:55:60:65:70:75:80:85:90:95:100:105:110:115:120,,,,28.40173948300409,-97.75548822798484,31.781482516173984,-93.68790823946188,+proj=laea +lat_0=38 +lon_0=-98 +units=m +a=6370997.0 +ellps=sphere ,192.0,192.0,384000.0,384000.0,-53.28194808959961,-20.444623947143555,0.0
R18111904328331,ir069/2018/SEVIR_IR069_RANDOMEVENTS_2018_0901_1231.h5,1542,ir069,2018-11-19 04:30:00,-120:-115:-110:-105:-100:-95:-90:-85:-80:-75:-70:-65:-60:-55:-50:-45:-40:-35:-30:-25:-20:-15:-10:-5:0:5:10:15:20:25:30:35:40:45:50:55:60:65:70:75:80:85:90:95:100:105:110:115:120,,,,41.78443686783371,-88.47675372454835,44.731080747301576,-83.09169828297436,+proj=laea +lat_0=38 +lon_0=-98 +units=m +a=6370997.0 +ellps=sphere ,192.0,192.0,384000.0,384000.0,-50.40547180175781,-21.59146881103516,0.0
R18091605208105,ir069/2018/SEVIR_IR069_RANDOMEVENTS_2018_0901_1231.h5,1561,ir069,2018-09-16 05:20:00,-120:-115:-110:-105:-100:-95:-90:-85:-80:-75:-70:-65:-60:-55:-50:-45:-40:-35:-30:-25:-20:-15:-10:-5:0:5:10:15:20:25:30:35:40:45:50:55:60:65:70:75:80:85:90:95:100:105:110:115:120,,,,39.952865240243725,-76.9548798898135,42.34037998830689,-71.23713597541011,+proj=laea +lat_0=38 +lon_0=-98 +units=m +a=6370997.0 +ellps=sphere ,192.0,192.0,384000.0,384000.0,-21.90292739868164,-10.456600189208984,0.0
R18102203277356,ir069/2018/SEVIR_IR069_RANDOMEVENTS_2018_0901_1231.h5,1580,ir069,2018-10-22 03:25:00,-120:-115:-110:-105:-100:-95:-90:-85:-80:-75:-70:-65:-60:-55:-50:-45:-40:-35:-30:-25:-20:-15:-10:-5:0:5:10:15:20:25:30:35:40:45:50:55:60:65:70:75:80:85:90:95:100:105:110:115:120,,,,36.0315978507346,-123.43362230428892,40.20790224760772,-120.25381348848606,+proj=laea +lat_0=38 +lon_0=-98 +units=m +a=6370997.0 +ellps=sphere ,192.0,192.0,384000.0,384000.0,-28.13671493530273,-19.59734916687012,0.0
R18112104408292,ir069/2018/SEVIR_IR069_RANDOMEVENTS_2018_0901_1231.h5,1698,ir069,2018-11-21 04:40:00,-120:-115:-110:-105:-100:-95:-90:-85:-80:-75:-70:-65:-60:-55:-50:-45:-40:-35:-30:-25:-20:-15:-10:-5:0:5:10:15:20:25:30:35:40:45:50:55:60:65:70:75:80:85:90:95:100:105:110:115:120,,,,41.614067548636825,-93.04311261085242,44.76748963521509,-87.90435730915291,+proj=laea +lat_0=38 +lon_0=-98 +units=m +a=6370997.0 +ellps=sphere ,192.0,192.0,384000.0,384000.0,-42.07737731933594,-22.03537940979004,0.0
R18120710357630,ir069/2018/SEVIR_IR069_RANDOMEVENTS_2018_0901_1231.h5,1793,ir069,2018-12-07 10:35:00,-120:-115:-110:-105:-100:-95:-90:-85:-80:-75:-70:-65:-60:-55:-50:-45:-40:-35:-30:-25:-20:-15:-10:-5:0:5:10:15:20:25:30:35:40:45:50:55:60:65:70:75:80:85:90:95:100:105:110:115:120,,,,32.21082044618167,-94.98448659868087,35.47119806090561,-90.61469482541,+proj=laea +lat_0=38 +lon_0=-98 +units=m +a=6370997.0 +ellps=sphere ,192.0,192.0,384000.0,384000.0,-52.03227615356445,-32.093246459960945,0.0
R18102223427425,ir069/2018/SEVIR_IR069_RANDOMEVENTS_2018_0901_1231.h5,1857,ir069,2018-10-22 23:40:00,-120:-115:-110:-105:-100:-95:-90:-85:-80:-75:-70:-65:-60:-55:-50:-45:-40:-35:-30:-25:-20:-15:-10:-5:0:5:10:15:20:25:30:35:40:45:50:55:60:65:70:75:80:85:90:95:100:105:110:115:120,,,,30.061644284307928,-112.420681610289,33.932236088241794,-108.86549571696372,+proj=laea +lat_0=38 +lon_0=-98 +units=m +a=6370997.0 +ellps=sphere ,192.0,192.0,384000.0,384000.0,-60.76779556274414,-25.76789093017578,0.0
R18121722007404,ir069/2018/SEVIR_IR069_RANDOMEVENTS_2018_0901_1231.h5,1870,ir069,2018-12-17 22:00:00,-120:-115:-110:-105:-100:-95:-90:-85:-80:-75:-70:-65:-60:-55:-50:-45:-40:-35:-30:-25:-20:-15:-10:-5:0:5:10:15:20:25:30:35:40:45:50:55:60:65:70:75:80:85:90:95:100:105:110:115:120,,,,30.93673430279809,-115.66658057624826,34.901752188418705,-112.22673623436395,+proj=laea +lat_0=38 +lon_0=-98 +units=m +a=6370997.0 +ellps=sphere ,192.0,192.0,384000.0,384000.0,-48.0421257019043,-18.732784271240234,0.0
R18092218227700,ir069/2018/SEVIR_IR069_RANDOMEVENTS_2018_0901_1231.h5,1880,ir069,2018-09-22 18:20:00,-120:-115:-110:-105:-100:-95:-90:-85:-80:-75:-70:-65:-60:-55:-50:-45:-40:-35:-30:-25:-20:-15:-10:-5:0:5:10:15:20:25:30:35:40:45:50:55:60:65:70:75:80:85:90:95:100:105:110:115:120,,,,33.45199406032855,-93.56040730189724,36.65074274025461,-89.05880444341305,+proj=laea +lat_0=38 +lon_0=-98 +units=m +a=6370997.0 +ellps=sphere ,192.0,192.0,384000.0,384000.0,-73.67648315429688,-18.0281925201416,0.0
R18092218227862,ir069/2018/SEVIR_IR069_RANDOMEVENTS_2018_0901_1231.h5,1881,ir069,2018-09-22 18:20:00,-120:-115:-110:-105:-100:-95:-90:-85:-80:-75:-70:-65:-60:-55:-50:-45:-40:-35:-30:-25:-20:-15:-10:-5:0:5:10:15:20:25:30:35:40:45:50:55:60:65:70:75:80:85:90:95:100:105:110:115:120,,,,36.21222951585676,-85.39757769087477,39.04279445236581,-80.36532388821128,+proj=laea +lat_0=38 +lon_0=-98 +units=m +a=6370997.0 +ellps=sphere ,192.0,192.0,384000.0,384000.0,-59.55534362792969,-21.69467163085937,0.0
R18092218227111,ir069/2018/SEVIR_IR069_RANDOMEVENTS_2018_0901_1231.h5,1882,ir069,2018-09-22 18:20:00,-120:-115:-110:-105:-100:-95:-90:-85:-80:-75:-70:-65:-60:-55:-50:-45:-40:-35:-30:-25:-20:-15:-10:-5:0:5:10:15:20:25:30:35:40:45:50:55:60:65:70:75:80:85:90:95:100:105:110:115:120,,,,22.963340537030174,-83.74832191424555,25.8108313867108,-79.48390600165544,+proj=laea +lat_0=38 +lon_0=-98 +units=m +a=6370997.0 +ellps=sphere ,192.0,192.0,384000.0,384000.0,-77.35248565673828,-24.80215835571289,0.0
R18112715467101,ir069/2018/SEVIR_IR069_RANDOMEVENTS_2018_0901_1231.h5,1912,ir069,2018-11-27 15:45:00,-120:-115:-110:-105:-100:-95:-90:-85:-80:-75:-70:-65:-60:-55:-50:-45:-40:-35:-30:-25:-20:-15:-10:-5:0:5:10:15:20:25:30:35:40:45:50:55:60:65:70:75:80:85:90:95:100:105:110:115:120,,,,23.18239861519198,-82.37133716811482,25.968350186847037,-78.05611158229544,+proj=laea +lat_0=38 +lon_0=-98 +units=m +a=6370997.0 +ellps=sphere ,192.0,192.0,384000.0,384000.0,-52.731971740722656,-19.718202590942383,0.0
R18090109067905,ir069/2018/SEVIR_IR069_RANDOMEVENTS_2018_0901_1231.h5,1921,ir069,2018-09-01 09:05:00,-120:-115:-110:-105:-100:-95:-90:-85:-80:-75:-70:-65:-60:-55:-50:-45:-40:-35:-30:-25:-20:-15:-10:-5:0:5:10:15:20:25:30:35:40:45:50:55:60:65:70:75:80:85:90:95:100:105:110:115:120,,,,36.653376422747336,-92.62671814873164,39.80262383721183,-87.87010491230816,+proj=laea +lat_0=38 +lon_0=-98 +units=m +a=6370997.0 +ellps=sphere ,192.0,192.0,384000.0,384000.0,-62.62149047851562,-20.511598587036133,0.0
R18090109068170,ir069/2018/SEVIR_IR069_RANDOMEVENTS_2018_0901_1231.h5,1924,ir069,2018-09-01 09:05:00,-120:-115:-110:-105:-100:-95:-90:-85:-80:-75:-70:-65:-60:-55:-50:-45:-40:-35:-30:-25:-20:-15:-10:-5:0:5:10:15:20:25:30:35:40:45:50:55:60:65:70:75:80:85:90:95:100:105:110:115:120,,,,42.76971759122621,-106.26614809628089,46.45080931203835,-101.77669733296756,+proj=laea +lat_0=38 +lon_0=-98 +units=m +a=6370997.0 +ellps=sphere ,192.0,192.0,384000.0,384000.0,-51.74639511108398,-22.59167861938477,0.0
R18090601548240,ir069/2018/SEVIR_IR069_RANDOMEVENTS_2018_0901_1231.h5,1967,ir069,2018-09-06 01:50:00,-120:-115:-110:-105:-100:-95:-90:-85:-80:-75:-70:-65:-60:-55:-50:-45:-40:-35:-30:-25:-20:-15:-10:-5:0:5:10:15:20:25:30:35:40:45:50:55:60:65:70:75:80:85:90:95:100:105:110:115:120,,,,40.774346560539584,-86.33266167886178,43.62473731447536,-80.94268245739512,+proj=laea +lat_0=38 +lon_0=-98 +units=m +a=6370997.0 +ellps=sphere ,192.0,192.0,384000.0,384000.0,-68.18304443359375,-21.89974594116211,0.0
R18093001397443,ir069/2018/SEVIR_IR069_RANDOMEVENTS_2018_0901_1231.h5,1990,ir069,2018-09-30 01:35:00,-120:-115:-110:-105:-100:-95:-90:-85:-80:-75:-70:-65:-60:-55:-50:-45:-40:-35:-30:-25:-20:-15:-10:-5:0:5:10:15:20:25:30:35:40:45:50:55:60:65:70:75:80:85:90:95:100:105:110:115:120,,,,29.579423826617862,-85.58771282861578,32.458638046050105,-81.02317366001313,+proj=laea +lat_0=38 +lon_0=-98 +units=m +a=6370997.0 +ellps=sphere ,192.0,192.0,384000.0,384000.0,-77.4412841796875,-22.61721992492676,0.0
R18121913497666,ir069/2018/SEVIR_IR069_RANDOMEVENTS_2018_0901_1231.h5,2009,ir069,2018-12-19 13:45:00,-120:-115:-110:-105:-100:-95:-90:-85:-80:-75:-70:-65:-60:-55:-50:-45:-40:-35:-30:-25:-20:-15:-10:-5:0:5:10:15:20:25:30:35:40:45:50:55:60:65:70:75:80:85:90:95:100:105:110:115:120,,,,32.8947759661972,-95.74204778420746,36.18308422495335,-91.36348891029822,+proj=laea +lat_0=38 +lon_0=-98 +units=m +a=6370997.0 +ellps=sphere ,192.0,192.0,384000.0,384000.0,-58.88874816894531,-24.315248489379893,0.0
R18091611117566,ir069/2018/SEVIR_IR069_RANDOMEVENTS_2018_0901_1231.h5,2045,ir069,2018-09-16 11:10:00,-120:-115:-110:-105:-100:-95:-90:-85:-80:-75:-70:-65:-60:-55:-50:-45:-40:-35:-30:-25:-20:-15:-10:-5:0:5:10:15:20:25:30:35:40:45:50:55:60:65:70:75:80:85:90:95:100:105:110:115:120,,,,32.70466220116756,-79.63913268495844,35.28703490220165,-74.65546341546799,+proj=laea +lat_0=38 +lon_0=-98 +units=m +a=6370997.0 +ellps=sphere ,192.0,192.0,384000.0,384000.0,-72.47898864746094,-26.51057243347168,0.0
R18091611117633,ir069/2018/SEVIR_IR069_RANDOMEVENTS_2018_0901_1231.h5,2047,ir069,2018-09-16 11:10:00,-120:-115:-110:-105:-100:-95:-90:-85:-80:-75:-70:-65:-60:-55:-50:-45:-40:-35:-30:-25:-20:-15:-10:-5:0:5:10:15:20:25:30:35:40:45:50:55:60:65:70:75:80:85:90:95:100:105:110:115:120,,,,33.629973592771584,-80.08616159523336,36.22660254177853,-75.0492534302168,+proj=laea +lat_0=38 +lon_0=-98 +units=m +a=6370997.0 +ellps=sphere ,192.0,192.0,384000.0,384000.0,-73.33367156982422,-29.79982185363769,0.0
R18113020197664,ir069/2018/SEVIR_IR069_RANDOMEVENTS_2018_0901_1231.h5,2054,ir069,2018-11-30 20:15:00,-120:-115:-110:-105:-100:-95:-90:-85:-80:-75:-70:-65:-60:-55:-50:-45:-40:-35:-30:-25:-20:-15:-10:-5:0:5:10:15:20:25:30:35:40:45:50:55:60:65:70:75:80:85:90:95:100:105:110:115:120,,,,32.86900566871797,-92.03658953365463,36.00707777088129,-87.5096642335788,+proj=laea +lat_0=38 +lon_0=-98 +units=m +a=6370997.0 +ellps=sphere ,192.0,192.0,384000.0,384000.0,-59.63520050048828,-22.198863983154297,0.0
R18092920477097,ir069/2018/SEVIR_IR069_RANDOMEVENTS_2018_0901_1231.h5,2073,ir069,2018-09-29 20:45:00,-120:-115:-110:-105:-100:-95:-90:-85:-80:-75:-70:-65:-60:-55:-50:-45:-40:-35:-30:-25:-20:-15:-10:-5:0:5:10:15:20:25:30:35:40:45:50:55:60:65:70:75:80:85:90:95:100:105:110:115:120,,,,22.66424039892023,-83.5500168992569,25.505656090651,-79.294311380548,+proj=laea +lat_0=38 +lon_0=-98 +units=m +a=6370997.0 +ellps=sphere ,192.0,192.0,384000.0,384000.0,-80.65938568115234,-15.689634323120115,0.0
R18110703307625,ir069/2018/SEVIR_IR069_RANDOMEVENTS_2018_0901_1231.h5,2089,ir069,2018-11-07 03:30:00,-120:-115:-110:-105:-100:-95:-90:-85:-80:-75:-70:-65:-60:-55:-50:-45:-40:-35:-30:-25:-20:-15:-10:-5:0:5:10:15:20:25:30:35:40:45:50:55:60:65:70:75:80:85:90:95:100:105:110:115:120,,,,32.51487986990845,-101.4098753988526,36.019216976482404,-97.28848449527304,+proj=laea +lat_0=38 +lon_0=-98 +units=m +a=6370997.0 +ellps=sphere ,192.0,192.0,384000.0,384000.0,-36.24917984008789,-20.87499237060547,0.0
R18112509228522,ir069/2018/SEVIR_IR069_RANDOMEVENTS_2018_0901_1231.h5,2093,ir069,2018-11-25 09:20:00,-120:-115:-110:-105:-100:-95:-90:-85:-80:-75:-70:-65:-60:-55:-50:-45:-40:-35:-30:-25:-20:-15:-10:-5:0:5:10:15:20:25:30:35:40:45:50:55:60:65:70:75:80:85:90:95:100:105:110:115:120,,,,43.97551305410664,-76.94859904920463,46.32806249682547,-70.77855146841662,+proj=laea +lat_0=38 +lon_0=-98 +units=m +a=6370997.0 +ellps=sphere ,192.0,192.0,384000.0,384000.0,-56.69562530517578,-22.87003898620605,0.0
R18092910038218,ir069/2018/SEVIR_IR069_RANDOMEVENTS_2018_0901_1231.h5,2165,ir069,2018-09-29 10:00:00,-120:-115:-110:-105:-100:-95:-90:-85:-80:-75:-70:-65:-60:-55:-50:-45:-40:-35:-30:-25:-20:-15:-10:-5:0:5:10:15:20:25:30:35:40:45:50:55:60:65:70:75:80:85:90:95:100:105:110:115:120,,,,40.8984165279882,-79.16207810712015,43.39304176672044,-73.43848312704397,+proj=laea +lat_0=38 +lon_0=-98 +units=m +a=6370997.0 +ellps=sphere ,192.0,192.0,384000.0,384000.0,-32.109920501708984,-21.98772430419922,0.0
R19021922157789,vis/2019/SEVIR_VIS_RANDOMEVENTS_2019_0211_0220.h5,29,vis,2019-02-19 22:14:00,-120:-115:-110:-105:-100:-95:-90:-85:-80:-75:-70:-65:-60:-55:-50:-45:-40:-35:-30:-25:-20:-15:-10:-5:0:5:10:15:20:25:30:35:40:45:50:55:60:65:70:75:80:85:90:95:100:105:110:115:120,,,,34.97838173446194,-95.13569819199056,38.23652784578341,-90.6040237882608,+proj=laea +lat_0=38 +lon_0=-98 +units=m +a=6370997.0 +ellps=sphere ,768.0,768.0,384000.0,384000.0,-0.0031933016143739,0.7841124534606934,0.0
R19021906157524,vis/2019/SEVIR_VIS_RANDOMEVENTS_2019_0211_0220.h5,55,vis,2019-02-19 06:15:00,-120:-115:-110:-105:-100:-95:-90:-85:-80:-75:-70:-65:-60:-55:-50:-45:-40:-35:-30:-25:-20:-15:-10:-5:0:5:10:15:20:25:30:35:40:45:50:55:60:65:70:75:80:85:90:95:100:105:110:115:120,,,,30.17828400267095,-94.5012216451299,33.4266941779224,-90.22490120831992,+proj=laea +lat_0=38 +lon_0=-98 +units=m +a=6370997.0 +ellps=sphere ,768.0,768.0,384000.0,384000.0,-0.0032389191910624,0.0038974774070084,0.0
R19021706427665,vis/2019/SEVIR_VIS_RANDOMEVENTS_2019_0211_0220.h5,65,vis,2019-02-17 06:40:00,-120:-115:-110:-105:-100:-95:-90:-85:-80:-75:-70:-65:-60:-55:-50:-45:-40:-35:-30:-25:-20:-15:-10:-5:0:5:10:15:20:25:30:35:40:45:50:55:60:65:70:75:80:85:90:95:100:105:110:115:120,,,,33.00921638295757,-89.19696134003347,36.02637249497715,-84.54899725395805,+proj=laea +lat_0=38 +lon_0=-98 +units=m +a=6370997.0 +ellps=sphere ,768.0,768.0,384000.0,384000.0,-0.0037081195041537,0.0040805907920002,0.0
R19021507058415,vis/2019/SEVIR_VIS_RANDOMEVENTS_2019_0211_0220.h5,85,vis,2019-02-15 07:05:00,-120:-115:-110:-105:-100:-95:-90:-85:-80:-75:-70:-65:-60:-55:-50:-45:-40:-35:-30:-25:-20:-15:-10:-5:0:5:10:15:20:25:30:35:40:45:50:55:60:65:70:75:80:85:90:95:100:105:110:115:120,,,,47.0337264121796,-109.27677358196276,50.83271889809002,-104.65978186500222,+proj=laea +lat_0=38 +lon_0=-98 +units=m +a=6370997.0 +ellps=sphere ,768.0,768.0,384000.0,384000.0,-0.003534666262567,0.0050921090878546,0.0
R19021903197650,vis/2019/SEVIR_VIS_RANDOMEVENTS_2019_0211_0220.h5,115,vis,2019-02-19 03:15:00,-120:-115:-110:-105:-100:-95:-90:-85:-80:-75:-70:-65:-60:-55:-50:-45:-40:-35:-30:-25:-20:-15:-10:-5:0:5:10:15:20:25:30:35:40:45:50:55:60:65:70:75:80:85:90:95:100:105:110:115:120,,,,33.62915427895249,-81.64363075745999,36.30037248198007,-76.66414790276119,+proj=laea +lat_0=38 +lon_0=-98 +units=m +a=6370997.0 +ellps=sphere ,768.0,768.0,384000.0,384000.0,-0.0033509992063045,0.0036735399626195,0.0
R19021820208362,vis/2019/SEVIR_VIS_RANDOMEVENTS_2019_0211_0220.h5,153,vis,2019-02-18 20:20:00,-120:-115:-110:-105:-100:-95:-90:-85:-80:-75:-70:-65:-60:-55:-50:-45:-40:-35:-30:-25:-20:-15:-10:-5:0:5:10:15:20:25:30:35:40:45:50:55:60:65:70:75:80:85:90:95:100:105:110:115:120,,,,43.40368294804609,-99.74355491155023,46.83680277886299,-94.8139277511259,+proj=laea +lat_0=38 +lon_0=-98 +units=m +a=6370997.0 +ellps=sphere ,768.0,768.0,384000.0,384000.0,0.0413554608821868,0.6451976299285889,0.0
R19021417277480,vis/2019/SEVIR_VIS_RANDOMEVENTS_2019_0211_0220.h5,244,vis,2019-02-14 17:25:00,-120:-115:-110:-105:-100:-95:-90:-85:-80:-75:-70:-65:-60:-55:-50:-45:-40:-35:-30:-25:-20:-15:-10:-5:0:5:10:15:20:25:30:35:40:45:50:55:60:65:70:75:80:85:90:95:100:105:110:115:120,,,,33.77500052320477,-116.20090350790409,37.757809263511405,-112.70306537260412,+proj=laea +lat_0=38 +lon_0=-98 +units=m +a=6370997.0 +ellps=sphere ,768.0,768.0,384000.0,384000.0,0.0601477958261966,0.8121405243873596,0.0
R19011717427809,vis/2019/SEVIR_VIS_RANDOMEVENTS_2019_0111_0120.h5,19,vis,2019-01-17 17:40:00,-120:-115:-110:-105:-100:-95:-90:-85:-80:-75:-70:-65:-60:-55:-50:-45:-40:-35:-30:-25:-20:-15:-10:-5:0:5:10:15:20:25:30:35:40:45:50:55:60:65:70:75:80:85:90:95:100:105:110:115:120,,,,45.34118132302086,-120.59798749543684,49.48124329063212,-116.92829005351078,+proj=laea +lat_0=38 +lon_0=-98 +units=m +a=6370997.0 +ellps=sphere ,768.0,768.0,384000.0,384000.0,1.645135853323154e-05,0.6110385656356812,0.0
R19011815117077,vis/2019/SEVIR_VIS_RANDOMEVENTS_2019_0111_0120.h5,26,vis,2019-01-18 15:10:00,-120:-115:-110:-105:-100:-95:-90:-85:-80:-75:-70:-65:-60:-55:-50:-45:-40:-35:-30:-25:-25:-15:-10:-5:0:5:10:15:20:25:30:35:40:45:50:55:60:65:70:75:80:85:90:95:100:105:110:115:120,,,,22.27749515429766,-83.24606382075518,25.109055415387463,-79.00016939660776,+proj=laea +lat_0=38 +lon_0=-98 +units=m +a=6370997.0 +ellps=sphere ,768.0,768.0,384000.0,384000.0,0.0072889700531959,1.1163489818572998,0.0
R19011917457834,vis/2019/SEVIR_VIS_RANDOMEVENTS_2019_0111_0120.h5,29,vis,2019-01-19 17:45:00,-120:-115:-110:-105:-100:-95:-90:-85:-80:-75:-70:-65:-60:-55:-50:-45:-40:-35:-30:-25:-20:-15:-10:-5:0:5:10:15:20:25:30:35:40:45:50:55:60:65:70:75:80:85:90:95:100:105:110:115:120,,,,35.59022580806685,-92.23445579102274,38.72642022242676,-87.53629838388143,+proj=laea +lat_0=38 +lon_0=-98 +units=m +a=6370997.0 +ellps=sphere ,768.0,768.0,384000.0,384000.0,0.0443787239491939,1.1605547666549685,0.0
R19011316597881,vis/2019/SEVIR_VIS_RANDOMEVENTS_2019_0111_0120.h5,54,vis,2019-01-13 16:55:00,-120:-115:-110:-105:-100:-95:-90:-85:-80:-75:-70:-65:-60:-55:-50:-45:-40:-35:-30:-25:-20:-15:-10:-5:0:5:10:15:20:25:30:35:40:45:50:55:60:65:70:75:80:85:90:95:100:105:110:115:120,,,,37.328985161932906,-77.5591269158425,39.77012220439337,-72.11879487172956,+proj=laea +lat_0=38 +lon_0=-98 +units=m +a=6370997.0 +ellps=sphere ,768.0,768.0,384000.0,384000.0,0.0557578951120376,0.9438028335571288,0.0
R19011212047357,vis/2019/SEVIR_VIS_RANDOMEVENTS_2019_0111_0120.h5,144,vis,2019-01-12 12:00:00,-120:-115:-110:-105:-100:-95:-90:-85:-80:-75:-70:-65:-60:-55:-50:-45:-40:-35:-30:-25:-20:-15:-10:-5:0:5:10:15:20:25:30:35:40:45:50:55:60:65:70:75:80:85:90:95:100:105:110:115:120,,,,31.186805602763748,-118.70681587686327,35.23510602206423,-115.3978456118002,+proj=laea +lat_0=38 +lon_0=-98 +units=m +a=6370997.0 +ellps=sphere ,768.0,768.0,384000.0,384000.0,-0.0029701318126171,0.0033419514074921,0.0
R19011212047357,vis/2019/SEVIR_VIS_RANDOMEVENTS_2019_0111_0120.h5,145,vis,2019-01-12 12:00:00,-120:-115:-110:-105:-100:-95:-90:-85:-80:-75:-70:-65:-60:-55:-50:-45:-40:-35:-30:-25:-20:-15:-10:-5:0:5:10:15:20:25:30:35:40:45:50:55:60:65:70:75:80:85:90:95:100:105:110:115:120,,,,32.25515310989739,-119.93506648943932,36.3368074108672,-116.6590068721608,+proj=laea +lat_0=38 +lon_0=-98 +units=m +a=6370997.0 +ellps=sphere ,768.0,768.0,384000.0,384000.0,-0.0032307917717844,0.0038031172007322,0.0
R18042502277784,vis/2018/SEVIR_VIS_RANDOMEVENTS_2018_0421_0430.h5,4,vis,2018-04-25 02:25:00,-120:-115:-110:-105:-100:-95:-90:-85:-80:-75:-70:-65:-60:-55:-50:-45:-40:-35:-30:-25:-20:-15:-10:-5:0:5:10:15:20:25:30:35:40:45:50:55:60:65:70:75:80:85:90:95:100:105:110:115:120,,,,35.40009384847278,-82.65013411995163,38.1067721471905,-77.57238787323764,+proj=laea +lat_0=38 +lon_0=-98 +units=m +a=6370997.0 +ellps=sphere ,768.0,768.0,384000.0,384000.0,-0.0038813245482742,0.0043542804196476,0.0
R18042306127478,vis/2018/SEVIR_VIS_RANDOMEVENTS_2018_0421_0430.h5,9,vis,2018-04-23 06:10:00,-120:-115:-110:-105:-100:-95:-90:-85:-80:-75:-70:-65:-60:-55:-50:-45:-40:-35:-30:-25:-20:-15:-10:-5:0:5:10:15:20:25:30:35:40:45:50:55:60:65:70:75:80:85:90:95:100:105:110:115:120,,,,29.44089169052105,-103.6477148332508,33.02963510770913,-99.75767785828953,+proj=laea +lat_0=38 +lon_0=-98 +units=m +a=6370997.0 +ellps=sphere ,768.0,768.0,384000.0,384000.0,-0.0031858715228736,0.0651874616742134,0.0
R18042420578192,vis/2018/SEVIR_VIS_RANDOMEVENTS_2018_0421_0430.h5,24,vis,2018-04-24 20:55:00,-120:-115:-110:-105:-100:-95:-90:-85:-80:-75:-70:-65:-60:-55:-50:-45:-40:-35:-30:-25:-20:-15:-10:-5:0:5:10:15:20:25:30:35:40:45:50:55:60:65:70:75:80:85:90:95:100:105:110:115:120,,,,41.39207301485826,-100.02527221449174,44.83651403547141,-95.27758477007912,+proj=laea +lat_0=38 +lon_0=-98 +units=m +a=6370997.0 +ellps=sphere ,768.0,768.0,384000.0,384000.0,0.0406355448067188,1.0235378742218018,0.0
R18042519107609,vis/2018/SEVIR_VIS_RANDOMEVENTS_2018_0421_0430.h5,48,vis,2018-04-25 19:10:00,-120:-115:-110:-105:-100:-95:-90:-85:-80:-75:-70:-65:-60:-55:-50:-45:-40:-35:-30:-25:-20:-15:-10:-5:0:5:10:15:20:25:30:35:40:45:50:55:60:65:70:75:80:85:90:95:100:105:110:115:120,,,,33.317476391305085,-79.83440257671515,35.904391543775866,-74.81202581098545,+proj=laea +lat_0=38 +lon_0=-98 +units=m +a=6370997.0 +ellps=sphere ,768.0,768.0,384000.0,384000.0,0.0094715459272265,1.225966215133667,0.0
R18042519108543,vis/2018/SEVIR_VIS_RANDOMEVENTS_2018_0421_0430.h5,50,vis,2018-04-25 19:10:00,-120:-115:-110:-105:-100:-95:-90:-85:-80:-75:-70:-65:-60:-55:-50:-45:-40:-35:-30:-25:-20:-15:-10:-5:0:5:10:15:20:25:30:35:40:45:50:55:60:65:70:75:80:85:90:95:100:105:110:115:120,,,,44.1861575084612,-76.62510211009611,46.51930633229976,-70.41454233534904,+proj=laea +lat_0=38 +lon_0=-98 +units=m +a=6370997.0 +ellps=sphere ,768.0,768.0,384000.0,384000.0,0.0992289409041404,0.9313318133354188,0.0
R18042519107729,vis/2018/SEVIR_VIS_RANDOMEVENTS_2018_0421_0430.h5,54,vis,2018-04-25 19:10:00,-120:-115:-110:-105:-100:-95:-90:-85:-80:-75:-70:-65:-60:-55:-50:-45:-40:-35:-30:-25:-20:-15:-10:-5:0:5:10:15:20:25:30:35:40:45:50:55:60:65:70:75:80:85:90:95:100:105:110:115:120,,,,35.18482196760681,-78.86214435686699,37.709225485180994,-73.65689879279874,+proj=laea +lat_0=38 +lon_0=-98 +units=m +a=6370997.0 +ellps=sphere ,768.0,768.0,384000.0,384000.0,0.0147146405652165,1.225966215133667,0.0
R18042220007935,vis/2018/SEVIR_VIS_RANDOMEVENTS_2018_0421_0430.h5,59,vis,2018-04-22 20:00:00,-120:-115:-110:-105:-100:-95:-90:-85:-80:-75:-70:-65:-60:-55:-50:-45:-40:-35:-30:-25:-20:-15:-10:-5:0:5:10:15:20:25:30:35:40:45:50:55:60:65:70:75:80:85:90:95:100:105:110:115:120,,,,37.0352822581516,-90.70074855340616,40.10039018819041,-85.83027284876489,+proj=laea +lat_0=38 +lon_0=-98 +units=m +a=6370997.0 +ellps=sphere ,768.0,768.0,384000.0,384000.0,0.0439371950924396,1.0684653520584106,0.0
R18042320307827,vis/2018/SEVIR_VIS_RANDOMEVENTS_2018_0421_0430.h5,75,vis,2018-04-23 20:30:00,-120:-115:-110:-105:-100:-95:-90:-85:-80:-75:-70:-65:-60:-55:-50:-45:-40:-35:-30:-25:-20:-15:-10:-5:0:5:10:15:20:25:30:35:40:45:50:55:60:65:70:75:80:85:90:95:100:105:110:115:120,,,,36.06026525415911,-81.97346403869147,38.730087351194896,-76.8156983132114,+proj=laea +lat_0=38 +lon_0=-98 +units=m +a=6370997.0 +ellps=sphere ,768.0,768.0,384000.0,384000.0,0.0229916926473379,1.0909358263015747,0.0
R18042621228714,vis/2018/SEVIR_VIS_RANDOMEVENTS_2018_0421_0430.h5,83,vis,2018-04-26 21:20:00,-120:-115:-110:-105:-100:-95:-90:-85:-80:-75:-70:-65:-60:-55:-50:-45:-40:-35:-30:-25:-20:-15:-10:-5:0:5:10:15:20:25:30:35:40:45:50:55:60:65:70:75:80:85:90:95:100:105:110:115:120,,,,45.622459948268784,-90.27526900453564,48.63970314880248,-84.57765478585361,+proj=laea +lat_0=38 +lon_0=-98 +units=m +a=6370997.0 +ellps=sphere ,768.0,768.0,384000.0,384000.0,0.023064374923706,0.8953523635864258,0.0
R18042606357453,vis/2018/SEVIR_VIS_RANDOMEVENTS_2018_0421_0430.h5,89,vis,2018-04-26 06:35:00,-120:-115:-110:-105:-100:-95:-90:-85:-80:-75:-70:-65:-60:-55:-50:-45:-40:-35:-30:-25:-20:-15:-10:-5:0:5:10:15:20:25:30:35:40:45:50:55:60:65:70:75:80:85:90:95:100:105:110:115:120,,,,40.36230125468842,-124.04229568886144,44.566963808584944,-120.79346480443294,+proj=laea +lat_0=38 +lon_0=-98 +units=m +a=6370997.0 +ellps=sphere ,768.0,768.0,384000.0,384000.0,-0.0036882860586047,0.0623971670866012,0.0
R18042606358487,vis/2018/SEVIR_VIS_RANDOMEVENTS_2018_0421_0430.h5,90,vis,2018-04-26 06:35:00,-120:-115:-110:-105:-100:-95:-90:-85:-80:-75:-70:-65:-60:-55:-50:-45:-40:-35:-30:-25:-20:-15:-10:-5:0:5:10:15:20:25:30:35:40:45:50:55:60:65:70:75:80:85:90:95:100:105:110:115:120,,,,44.33662233362929,-71.10195138758002,46.35876595370444,-64.63707713574854,+proj=laea +lat_0=38 +lon_0=-98 +units=m +a=6370997.0 +ellps=sphere ,768.0,768.0,384000.0,384000.0,-0.003169163595885,0.0904731974005699,0.0
S762846,ir069/2018/SEVIR_IR069_STORMEVENTS_2018_0701_1231.h5,1,ir069,2018-08-01 02:41:00,-121:-116:-111:-106:-101:-96:-91:-86:-81:-76:-71:-66:-61:-56:-51:-46:-41:-36:-31:-26:-21:-16:-11:-6:-1:4:9:14:19:24:29:34:39:44:49:54:59:64:69:74:79:84:89:94:99:104:109:114:119,127107.0,762846.0,Hail,33.376661227651326,-108.5323953035964,37.12599943312291,-104.68526390219748,+proj=laea +lat_0=38 +lon_0=-98 +units=m +a=6370997.0 +ellps=sphere ,192.0,192.0,384000.0,384000.0,-78.6915283203125,-22.09385299682617,0.0
S769502,ir069/2018/SEVIR_IR069_STORMEVENTS_2018_0701_1231.h5,3,ir069,2018-07-17 18:02:00,-122:-117:-112:-107:-102:-97:-92:-87:-82:-77:-77:-67:-62:-57:-52:-47:-42:-37:-32:-27:-22:-17:-12:-7:-2:3:8:13:18:23:28:33:38:43:48:53:58:63:68:73:78:83:88:93:98:103:108:113:118,128298.0,769502.0,Thunderstorm Wind,30.97101565293141,-84.70868476766039,33.8020783419911,-80.02607668892287,+proj=laea +lat_0=38 +lon_0=-98 +units=m +a=6370997.0 +ellps=sphere ,192.0,192.0,384000.0,384000.0,-81.3569107055664,-23.69963836669922,0.0
S773841,ir069/2018/SEVIR_IR069_STORMEVENTS_2018_0701_1231.h5,22,ir069,2018-08-07 23:00:00,-120:-115:-110:-105:-100:-95:-90:-85:-80:-75:-70:-65:-60:-55:-50:-45:-40:-35:-30:-25:-20:-15:-10:-5:0:5:10:15:20:25:30:35:40:45:50:55:60:65:70:75:80:85:90:95:100:105:110:115:120,129109.0,773841.0,Hail,39.29163039076104,-106.59261516097222,42.97924811576432,-102.34981546091517,+proj=laea +lat_0=38 +lon_0=-98 +units=m +a=6370997.0 +ellps=sphere ,192.0,192.0,384000.0,384000.0,-70.17518615722656,-22.57533264160156,0.0
S777840,ir069/2018/SEVIR_IR069_STORMEVENTS_2018_0701_1231.h5,23,ir069,2018-08-31 21:57:00,-122:-117:-112:-107:-102:-97:-92:-87:-82:-77:-72:-67:-62:-57:-52:-47:-42:-37:-32:-27:-22:-17:-12:-7:-2:3:8:13:18:23:28:33:38:43:48:53:58:63:68:73:78:83:88:93:98:103:108:113:118,129841.0,777840.0,Thunderstorm Wind,29.638096162549303,-86.38308746303684,32.55179100053444,-81.84273670294104,+proj=laea +lat_0=38 +lon_0=-98 +units=m +a=6370997.0 +ellps=sphere ,192.0,192.0,384000.0,384000.0,-77.55268859863281,-22.30393981933593,0.0
S773812,ir069/2018/SEVIR_IR069_STORMEVENTS_2018_0701_1231.h5,25,ir069,2018-07-15 18:02:00,-122:-117:-112:-107:-102:-97:-92:-87:-82:-77:-72:-67:-62:-57:-52:-47:-42:-37:-32:-27:-22:-17:-12:-7:-2:3:8:13:18:23:28:33:38:43:48:53:58:63:68:73:78:83:88:93:98:103:108:113:118,129100.0,773812.0,Thunderstorm Wind,38.363461738897655,-82.8571674927948,41.06072573014505,-77.53712667713226,+proj=laea +lat_0=38 +lon_0=-98 +units=m +a=6370997.0 +ellps=sphere ,192.0,192.0,384000.0,384000.0,-71.5748291015625,-13.67530632019043,0.0
S788921,ir069/2018/SEVIR_IR069_STORMEVENTS_2018_0701_1231.h5,30,ir069,2018-10-09 17:10:00,-120:-115:-110:-105:-100:-95:-90:-85:-80:-75:-70:-65:-60:-55:-50:-45:-40:-35:-30:-25:-20:-15:-10:-5:0:5:10:15:20:25:30:35:40:45:50:55:60:65:70:75:80:80:90:95:100:105:110:115:120,131601.0,788921.0,Thunderstorm Wind,34.47327457456589,-97.56384707664404,37.82912436657684,-93.1692549903219,+proj=laea +lat_0=38 +lon_0=-98 +units=m +a=6370997.0 +ellps=sphere ,192.0,192.0,384000.0,384000.0,-64.22006988525389,-24.507556915283203,0.0
S770190,ir069/2018/SEVIR_IR069_STORMEVENTS_2018_0701_1231.h5,31,ir069,2018-07-29 21:40:00,-120:-115:-110:-105:-100:-95:-90:-85:-80:-75:-70:-65:-60:-55:-50:-45:-40:-35:-30:-25:-20:-15:-10:-5:0:5:10:15:20:25:30:35:40:45:50:55:60:65:70:75:80:85:90:95:100:105:110:115:120,128386.0,770190.0,Hail,42.22109226181513,-105.68264687425771,45.88023357991612,-101.1971430107635,+proj=laea +lat_0=38 +lon_0=-98 +units=m +a=6370997.0 +ellps=sphere ,192.0,192.0,384000.0,384000.0,-66.41434478759766,-22.47152709960937,0.0
S774267,ir069/2018/SEVIR_IR069_STORMEVENTS_2018_0701_1231.h5,34,ir069,2018-09-17 20:58:00,-118:-113:-108:-103:-98:-93:-88:-83:-78:-73:-68:-63:-58:-53:-48:-43:-38:-33:-28:-23:-18:-13:-8:-3:2:7:12:17:22:27:32:37:42:47:52:57:62:67:72:77:82:87:92:97:102:107:112:117:122,129199.0,774267.0,Hail,27.839370442158927,-92.64747512096784,31.024238540729595,-88.42485268315625,+proj=laea +lat_0=38 +lon_0=-98 +units=m +a=6370997.0 +ellps=sphere ,192.0,192.0,384000.0,384000.0,-69.87741851806639,-15.209938049316404,0.0
S785304,ir069/2018/SEVIR_IR069_STORMEVENTS_2018_0701_1231.h5,36,ir069,2018-09-01 23:05:00,-120:-115:-110:-105:-100:-95:-90:-85:-80:-75:-70:-65:-60:-55:-50:-45:-40:-35:-30:-25:-20:-15:-10:-5:0:5:10:15:20:25:30:35:40:45:50:55:60:65:70:75:80:85:90:95:100:105:110:115:120,131250.0,785304.0,Thunderstorm Wind,33.13436773024465,-103.88519975336072,36.72644343670497,-99.8402133103246,+proj=laea +lat_0=38 +lon_0=-98 +units=m +a=6370997.0 +ellps=sphere ,192.0,192.0,384000.0,384000.0,-77.63015747070312,-20.918127059936523,0.0
S773138,ir069/2018/SEVIR_IR069_STORMEVENTS_2018_0701_1231.h5,47,ir069,2018-07-10 16:13:00,-118:-113:-108:-103:-98:-93:-88:-83:-78:-73:-68:-63:-58:-53:-48:-43:-38:-33:-28:-23:-18:-13:-8:-3:2:7:12:17:22:27:32:37:42:47:52:57:62:67:72:77:82:87:92:97:102:107:112:117:122,128937.0,773138.0,Hail,41.4344481546619,-97.40048600424048,44.77310086845215,-92.506700393352,+proj=laea +lat_0=38 +lon_0=-98 +units=m +a=6370997.0 +ellps=sphere ,192.0,192.0,384000.0,384000.0,-73.60384368896484,-26.40087127685547,0.0
S774130,ir069/2018/SEVIR_IR069_STORMEVENTS_2018_0701_1231.h5,49,ir069,2018-07-30 01:20:00,-120:-115:-110:-105:-100:-95:-90:-85:-80:-75:-70:-65:-60:-55:-50:-45:-40:-35:-30:-25:-20:-15:-10:-5:0:5:10:15:20:25:30:35:40:45:50:55:60:65:70:75:80:85:90:95:100:105:110:115:120,129169.0,774130.0,Thunderstorm Wind,33.14232614020903,-102.96080000141488,36.70167513549979,-98.87487789327842,+proj=laea +lat_0=38 +lon_0=-98 +units=m +a=6370997.0 +ellps=sphere ,192.0,192.0,384000.0,384000.0,-74.1759033203125,-21.986961364746094,0.0
S798658,ir069/2018/SEVIR_IR069_STORMEVENTS_2018_0701_1231.h5,53,ir069,2018-12-18 21:50:00,-120:-115:-110:-105:-100:-95:-90:-85:-80:-75:-70:-65:-60:-55:-50:-45:-40:-35:-30:-25:-20:-15:-10:-5:0:5:10:15:20:25:30:35:40:45:50:55:60:65:70:75:80:85:90:95:100:105:110:115:120,133456.0,798658.0,Tornado,45.37943397085625,-124.29876191015016,49.612842944702,-120.91036761288254,+proj=laea +lat_0=38 +lon_0=-98 +units=m +a=6370997.0 +ellps=sphere ,192.0,192.0,384000.0,384000.0,-46.1544418334961,-24.030370712280277,0.0
S772930,ir069/2018/SEVIR_IR069_STORMEVENTS_2018_0701_1231.h5,67,ir069,2018-08-15 22:34:00,-119:-114:-109:-104:-99:-94:-89:-84:-79:-74:-69:-64:-59:-54:-49:-44:-39:-34:-29:-24:-19:-14:-9:-4:1:6:11:16:21:26:31:36:41:46:51:56:61:66:71:76:81:86:91:96:101:106:111:116:121,128898.0,772930.0,Hail,39.73345230352981,-103.73477099714889,43.31899275219804,-99.30892417822405,+proj=laea +lat_0=38 +lon_0=-98 +units=m +a=6370997.0 +ellps=sphere ,192.0,192.0,384000.0,384000.0,-64.76142120361328,-17.662254333496094,0.0
S782580,ir069/2018/SEVIR_IR069_STORMEVENTS_2018_0701_1231.h5,69,ir069,2018-08-08 18:06:00,-121:-116:-111:-106:-101:-96:-91:-86:-81:-76:-71:-66:-61:-56:-51:-46:-41:-36:-31:-26:-21:-16:-11:-6:-1:4:9:14:19:24:29:34:39:44:49:54:59:64:69:74:79:84:89:94:99:104:109:114:119,128098.0,782580.0,Thunderstorm Wind,34.97116000908429,-82.9684929251319,37.695780064027375,-77.93689032278797,+proj=laea +lat_0=38 +lon_0=-98 +units=m +a=6370997.0 +ellps=sphere ,192.0,192.0,384000.0,384000.0,-72.98062133789062,-23.33392333984375,0.0
S786069,ir069/2018/SEVIR_IR069_STORMEVENTS_2018_0701_1231.h5,74,ir069,2018-08-04 21:38:00,-118:-113:-108:-103:-98:-93:-88:-83:-78:-73:-68:-63:-58:-53:-48:-43:-38:-33:-28:-23:-18:-13:-8:-3:2:7:12:17:22:27:32:37:42:47:52:57:62:67:72:77:82:87:92:97:102:107:112:117:122,131366.0,786069.0,Hail,39.31917179623249,-105.07713838746508,42.95318861080536,-100.75038735310412,+proj=laea +lat_0=38 +lon_0=-98 +units=m +a=6370997.0 +ellps=sphere ,192.0,192.0,384000.0,384000.0,-69.07651519775389,-16.803340911865234,0.0
S776786,ir069/2018/SEVIR_IR069_STORMEVENTS_2018_0701_1231.h5,77,ir069,2018-07-13 04:25:00,-120:-115:-110:-105:-100:-95:-90:-85:-80:-75:-70:-65:-60:-55:-50:-45:-40:-35:-30:-25:-20:-15:-10:-5:0:5:10:15:20:25:30:35:40:45:50:55:60:65:70:75:80:85:90:95:100:105:110:115:120,129692.0,776786.0,Thunderstorm Wind,30.184037048696137,-112.52428920735188,34.05771185873241,-108.96972644870026,+proj=laea +lat_0=38 +lon_0=-98 +units=m +a=6370997.0 +ellps=sphere ,192.0,192.0,384000.0,384000.0,-71.74817657470703,-24.551441192626957,0.0
S772806,ir069/2018/SEVIR_IR069_STORMEVENTS_2018_0701_1231.h5,79,ir069,2018-07-17 16:37:00,-122:-117:-112:-107:-102:-97:-92:-87:-82:-77:-72:-67:-62:-57:-52:-47:-42:-37:-32:-27:-22:-17:-12:-7:-2:3:8:8:18:23:28:33:38:43:48:53:58:63:68:73:78:83:88:93:98:103:108:113:118,128839.0,772806.0,Flash Flood,41.17324658571052,-101.3690064459967,44.67015196519095,-96.71225601466809,+proj=laea +lat_0=38 +lon_0=-98 +units=m +a=6370997.0 +ellps=sphere ,192.0,192.0,384000.0,384000.0,-58.29138946533203,-18.373476028442383,0.0
S793422,ir069/2018/SEVIR_IR069_STORMEVENTS_2018_0701_1231.h5,90,ir069,2018-12-01 05:17:00,-122:-117:-112:-107:-102:-97:-92:-87:-82:-77:-72:-67:-62:-57:-52:-47:-42:-37:-32:-27:-22:-17:-12:-7:-2:3:8:13:18:23:28:33:38:43:48:53:58:63:68:73:78:83:88:93:98:103:108:113:118,132590.0,793422.0,Thunderstorm Wind,31.34119978721981,-97.87385736668806,34.71654098287048,-93.66704864234109,+proj=laea +lat_0=38 +lon_0=-98 +units=m +a=6370997.0 +ellps=sphere ,192.0,192.0,384000.0,384000.0,-63.61298370361328,-14.60666847229004,0.0
S774573,ir069/2018/SEVIR_IR069_STORMEVENTS_2018_0701_1231.h5,94,ir069,2018-08-16 23:26:00,-121:-116:-111:-106:-101:-96:-91:-86:-81:-76:-71:-66:-61:-56:-51:-46:-41:-36:-31:-26:-21:-16:-11:-6:-1:4:9:14:19:24:29:34:39:44:49:54:59:64:69:74:79:84:89:94:99:104:109:114:119,129260.0,774573.0,Thunderstorm Wind,36.21759844832335,-97.37583315064694,39.56256935624436,-92.863945620163,+proj=laea +lat_0=38 +lon_0=-98 +units=m +a=6370997.0 +ellps=sphere ,192.0,192.0,384000.0,384000.0,-81.52434539794922,-16.895938873291016,0.0
S786131,ir069/2018/SEVIR_IR069_STORMEVENTS_2018_0701_1231.h5,104,ir069,2018-09-07 22:20:00,-120:-115:-110:-105:-100:-95:-90:-85:-80:-75:-70:-65:-60:-55:-50:-45:-40:-35:-30:-25:-20:-15:-10:-5:0:5:10:15:20:25:30:35:40:45:50:55:60:65:70:75:80:85:90:95:100:105:110:115:120,131375.0,786131.0,Flash Flood,30.16565561793068,-101.61256373369714,33.681572204683235,-97.6112069791722,+proj=laea +lat_0=38 +lon_0=-98 +units=m +a=6370997.0 +ellps=sphere ,192.0,192.0,384000.0,384000.0,-76.40185546875,-23.55133438110352,0.0
S766248,ir069/2018/SEVIR_IR069_STORMEVENTS_2018_0701_1231.h5,105,ir069,2018-08-19 09:35:00,-120:-115:-110:-105:-100:-95:-90:-85:-80:-75:-70:-65:-60:-55:-50:-45:-40:-35:-30:-25:-20:-15:-10:-5:0:5:10:15:20:25:30:35:40:45:50:55:60:65:70:75:80:85:90:95:100:105:110:115:120,127792.0,766248.0,Thunderstorm Wind,45.59426007046303,-100.23172525579275,49.04785116214448,-95.13121358990672,+proj=laea +lat_0=38 +lon_0=-98 +units=m +a=6370997.0 +ellps=sphere ,192.0,192.0,384000.0,384000.0,-73.93103790283203,-29.433223724365234,0.0
S772953,ir069/2018/SEVIR_IR069_STORMEVENTS_2018_0701_1231.h5,114,ir069,2018-09-01 03:15:00,-120:-115:-110:-105:-100:-95:-90:-85:-80:-75:-70:-65:-60:-55:-50:-45:-40:-35:-30:-25:-20:-15:-10:-5:0:5:10:15:20:25:30:35:40:45:50:55:60:65:70:75:80:85:90:95:100:105:110:115:120,128900.0,772953.0,Thunderstorm Wind,38.94219770630479,-103.32278684287265,42.51227440056154,-98.92652490296145,+proj=laea +lat_0=38 +lon_0=-98 +units=m +a=6370997.0 +ellps=sphere ,192.0,192.0,384000.0,384000.0,-75.234375,-27.2436637878418,0.0816326530612244
S757965,ir069/2018/SEVIR_IR069_STORMEVENTS_2018_0701_1231.h5,116,ir069,2018-07-04 17:38:00,-118:-113:-108:-103:-98:-93:-88:-83:-78:-73:-68:-63:-58:-53:-48:-43:-38:-33:-28:-23:-18:-13:-8:-3:2:7:12:17:22:27:32:37:42:47:52:57:62:67:72:77:82:87:92:97:102:107:112:117:122,126438.0,757965.0,Thunderstorm Wind,37.10392240131663,-81.20699081833037,39.7292484250836,-75.93042966924381,+proj=laea +lat_0=38 +lon_0=-98 +units=m +a=6370997.0 +ellps=sphere ,192.0,192.0,384000.0,384000.0,-79.8815689086914,-20.909955978393555,0.0
S762253,ir069/2018/SEVIR_IR069_STORMEVENTS_2018_0701_1231.h5,119,ir069,2018-07-30 02:16:00,-121:-116:-111:-106:-101:-96:-91:-86:-81:-76:-71:-66:-61:-56:-51:-46:-41:-36:-31:-26:-21:-16:-11:-6:-1:4:9:14:19:24:29:34:39:44:49:54:59:64:69:74:79:84:89:94:99:104:109:114:119,127191.0,762253.0,Hail,37.88558216582405,-106.33389025376565,41.56289478588749,-102.15872399047755,+proj=laea +lat_0=38 +lon_0=-98 +units=m +a=6370997.0 +ellps=sphere ,192.0,192.0,384000.0,384000.0,-78.61436462402344,-18.20726776123047,0.0
S775120,ir069/2018/SEVIR_IR069_STORMEVENTS_2018_0701_1231.h5,127,ir069,2018-08-17 19:17:00,-122:-117:-112:-107:-102:-97:-92:-87:-82:-77:-72:-67:-62:-57:-52:-47:-42:-37:-32:-27:-22:-17:-12:-7:-2:3:8:13:18:23:28:33:38:43:48:53:58:63:68:73:78:83:88:93:98:103:108:113:118,129357.0,775120.0,Thunderstorm Wind,37.54325886228846,-81.1058983081945,40.1605133644854,-75.78672375239721,+proj=laea +lat_0=38 +lon_0=-98 +units=m +a=6370997.0 +ellps=sphere ,192.0,192.0,384000.0,384000.0,-74.2361068725586,-28.16207695007324,0.0
S782131,ir069/2018/SEVIR_IR069_STORMEVENTS_2018_0701_1231.h5,144,ir069,2018-08-11 21:11:00,-121:-116:-111:-106:-101:-96:-91:-86:-81:-76:-71:-66:-61:-56:-51:-46:-41:-36:-31:-26:-21:-16:-11:-6:-1:4:9:14:19:24:29:34:39:44:49:54:59:64:69:74:79:84:89:94:99:104:109:114:119,130700.0,782131.0,Thunderstorm Wind,35.597109285641025,-78.77093030092973,38.11364723254743,-73.52806425009497,+proj=laea +lat_0=38 +lon_0=-98 +units=m +a=6370997.0 +ellps=sphere ,192.0,192.0,384000.0,384000.0,-77.4581527709961,-20.309814453125,0.0
S771767,ir069/2018/SEVIR_IR069_STORMEVENTS_2018_0701_1231.h5,168,ir069,2018-07-27 17:28:00,-118:-113:-108:-103:-98:-93:-88:-88:-78:-73:-68:-63:-58:-53:-48:-43:-38:-33:-28:-23:-18:-13:-8:-3:2:7:12:17:22:27:32:37:42:47:52:57:62:67:72:77:82:87:92:97:102:107:112:117:122,128650.0,771767.0,Hail,41.49194664069912,-76.6510068611427,43.85007460285249,-70.75727238786341,+proj=laea +lat_0=38 +lon_0=-98 +units=m +a=6370997.0 +ellps=sphere ,192.0,192.0,384000.0,384000.0,-60.71461868286133,-22.991596221923828,0.0
S780148,ir069/2018/SEVIR_IR069_STORMEVENTS_2018_0701_1231.h5,174,ir069,2018-08-06 21:15:00,-120:-115:-110:-105:-100:-95:-90:-85:-80:-75:-70:-70:-70:-55:-50:-45:-45:-35:-30:-25:-20:-15:-10:-5:0:5:10:15:20:25:30:35:40:45:50:55:60:65:70:75:80:85:90:95:100:105:110:115:120,130310.0,780148.0,Thunderstorm Wind,34.17639942391229,-81.92145269681849,36.85688927615511,-76.91101844404595,+proj=laea +lat_0=38 +lon_0=-98 +units=m +a=6370997.0 +ellps=sphere ,192.0,192.0,384000.0,384000.0,-73.64220428466797,-22.493858337402344,0.0
S764552,ir069/2018/SEVIR_IR069_STORMEVENTS_2018_0701_1231.h5,194,ir069,2018-07-14 00:55:00,-120:-115:-110:-105:-100:-95:-90:-85:-80:-75:-70:-65:-60:-55:-50:-45:-40:-35:-30:-25:-20:-15:-10:-5:0:5:10:15:20:25:30:35:40:45:50:55:60:65:70:75:80:85:90:95:100:105:110:115:120,127423.0,764552.0,Thunderstorm Wind,41.33746775598095,-91.9115546282838,44.441740115682336,-86.74010581926483,+proj=laea +lat_0=38 +lon_0=-98 +units=m +a=6370997.0 +ellps=sphere ,192.0,192.0,384000.0,384000.0,-77.96841430664062,-20.579334259033203,0.0
S767497,ir069/2018/SEVIR_IR069_STORMEVENTS_2018_0701_1231.h5,199,ir069,2018-08-09 21:42:00,-122:-117:-112:-107:-102:-97:-92:-87:-82:-77:-72:-67:-62:-57:-52:-47:-42:-37:-32:-27:-22:-17:-12:-7:-2:3:8:13:18:23:28:33:38:43:48:53:58:63:68:73:78:83:88:93:98:103:108:113:118,127961.0,767497.0,Thunderstorm Wind,32.03208857346073,-84.2038149594904,34.83335938588288,-79.43259153918571,+proj=laea +lat_0=38 +lon_0=-98 +units=m +a=6370997.0 +ellps=sphere ,192.0,192.0,384000.0,384000.0,-78.10514068603516,-20.177942276000977,0.0
S780225,ir069/2018/SEVIR_IR069_STORMEVENTS_2018_0701_1231.h5,211,ir069,2018-08-04 22:17:00,-122:-117:-112:-107:-102:-97:-92:-87:-82:-77:-72:-67:-62:-57:-52:-47:-42:-37:-32:-27:-22:-17:-12:-7:-2:3:8:13:18:23:28:33:38:43:48:53:58:63:68:73:78:83:88:93:98:103:108:113:118,130322.0,780225.0,Thunderstorm Wind,41.69136374868008,-76.43330208801244,44.03612656278332,-70.50837405388376,+proj=laea +lat_0=38 +lon_0=-98 +units=m +a=6370997.0 +ellps=sphere ,192.0,192.0,384000.0,384000.0,-58.48215103149414,-15.644330978393556,0.0
S777403,ir069/2018/SEVIR_IR069_STORMEVENTS_2018_0701_1231.h5,214,ir069,2018-07-29 17:45:00,-120:-115:-110:-105:-100:-95:-90:-85:-80:-75:-70:-65:-60:-55:-50:-45:-40:-35:-30:-25:-20:-15:-10:-5:0:5:10:15:20:25:30:35:40:45:50:55:60:65:70:75:80:85:90:95:100:105:110:115:120,129779.0,777403.0,Hail,44.844028539618414,-87.40552189730782,47.7273181426449,-81.64096378321615,+proj=laea +lat_0=38 +lon_0=-98 +units=m +a=6370997.0 +ellps=sphere ,192.0,192.0,384000.0,384000.0,-60.92293930053711,-27.991926193237305,0.0
S779520,ir069/2018/SEVIR_IR069_STORMEVENTS_2018_0701_1231.h5,217,ir069,2018-10-01 00:24:00,-119:-114:-109:-104:-99:-94:-89:-84:-79:-74:-69:-64:-59:-54:-49:-44:-39:-34:-29:-24:-19:-14:-9:-4:1:6:11:16:21:26:31:36:41:46:51:56:61:66:71:76:81:86:91:96:101:106:111:116:121,130174.0,779520.0,Thunderstorm Wind,30.798506734797822,-117.32280869458988,34.809322048261464,-113.96050677834457,+proj=laea +lat_0=38 +lon_0=-98 +units=m +a=6370997.0 +ellps=sphere ,192.0,192.0,384000.0,384000.0,-75.45003509521484,-21.786285400390625,0.0
S779212,ir069/2018/SEVIR_IR069_STORMEVENTS_2018_0701_1231.h5,227,ir069,2018-08-07 01:05:00,-120:-115:-110:-105:-100:-95:-90:-85:-80:-75:-70:-65:-60:-55:-50:-45:-40:-35:-30:-25:-20:-15:-10:-5:0:5:10:15:20:25:30:35:40:45:50:55:60:65:70:75:80:85:90:95:100:105:110:115:120,130124.0,779212.0,Thunderstorm Wind,38.08657159988667,-97.10874821362204,41.41764239846478,-92.4571447373174,+proj=laea +lat_0=38 +lon_0=-98 +units=m +a=6370997.0 +ellps=sphere ,192.0,192.0,384000.0,384000.0,-73.3160629272461,-23.776790618896484,0.0
S758593,ir069/2018/SEVIR_IR069_STORMEVENTS_2018_0701_1231.h5,228,ir069,2018-07-03 03:22:00,-122:-117:-112:-107:-102:-97:-92:-87:-82:-77:-72:-67:-62:-57:-52:-47:-42:-37:-32:-27:-22:-17:-12:-7:-2:3:8:13:18:23:28:33:38:43:48:53:58:63:68:73:78:83:88:93:98:103:108:113:118,126563.0,758593.0,Hail,45.15874525460535,-99.0692586378083,48.56457515490892,-93.9383936147692,+proj=laea +lat_0=38 +lon_0=-98 +units=m +a=6370997.0 +ellps=sphere ,192.0,192.0,384000.0,384000.0,-70.5558090209961,-17.959325790405273,0.0
S786552,ir069/2018/SEVIR_IR069_STORMEVENTS_2018_0701_1231.h5,234,ir069,2018-09-21 22:20:00,-120:-115:-110:-105:-100:-95:-90:-85:-80:-75:-70:-65:-60:-55:-50:-45:-40:-35:-30:-25:-20:-15:-10:-5:0:5:10:15:20:25:30:35:40:45:50:55:60:65:70:75:80:85:90:95:100:105:110:115:120,131456.0,786552.0,Thunderstorm Wind,41.29926733099684,-81.18548402694118,43.89434665065517,-75.50819443847091,+proj=laea +lat_0=38 +lon_0=-98 +units=m +a=6370997.0 +ellps=sphere ,192.0,192.0,384000.0,384000.0,-65.849609375,-15.704047203063965,0.0
S775287,ir069/2018/SEVIR_IR069_STORMEVENTS_2018_0701_1231.h5,238,ir069,2018-09-04 19:57:00,-122:-117:-112:-107:-102:-97:-92:-87:-82:-77:-72:-67:-62:-57:-52:-47:-42:-37:-32:-27:-22:-17:-12:-7:-2:3:8:13:18:23:28:33:38:43:48:53:58:63:68:73:78:83:88:93:98:103:108:113:118,129392.0,775287.0,Thunderstorm Wind,37.26324129750592,-79.61739109962669,39.80882323382571,-74.26348619323697,+proj=laea +lat_0=38 +lon_0=-98 +units=m +a=6370997.0 +ellps=sphere ,192.0,192.0,384000.0,384000.0,-75.87905883789062,-19.420753479003903,0.0
S782061,ir069/2018/SEVIR_IR069_STORMEVENTS_2018_0701_1231.h5,239,ir069,2018-09-28 23:03:00,-118:-113:-108:-103:-98:-93:-88:-83:-78:-73:-68:-63:-58:-53:-48:-43:-38:-33:-28:-23:-18:-13:-8:-3:2:7:12:17:22:27:32:37:42:47:52:57:62:67:72:77:82:87:92:97:102:107:112:117:122,130671.0,782061.0,Thunderstorm Wind,28.358296124106413,-85.11705345819317,31.22493868139153,-80.60886804389969,+proj=laea +lat_0=38 +lon_0=-98 +units=m +a=6370997.0 +ellps=sphere ,192.0,192.0,384000.0,384000.0,-84.72429656982422,-19.438018798828125,0.0
S761974,ir069/2018/SEVIR_IR069_STORMEVENTS_2018_0701_1231.h5,247,ir069,2018-07-16 02:57:00,-122:-117:-112:-107:-102:-97:-92:-87:-82:-77:-72:-67:-62:-57:-52:-47:-42:-37:-32:-27:-22:-17:-12:-7:-2:3:8:13:18:23:28:33:38:43:48:53:58:63:68:73:78:83:88:93:98:103:108:113:118,127135.0,761974.0,Hail,42.74792318975013,-107.44595236742327,46.47092843661082,-103.03037430317072,+proj=laea +lat_0=38 +lon_0=-98 +units=m +a=6370997.0 +ellps=sphere ,192.0,192.0,384000.0,384000.0,-66.28722381591797,-18.8828067779541,0.0
S769249,ir069/2018/SEVIR_IR069_STORMEVENTS_2018_0701_1231.h5,250,ir069,2018-08-22 20:25:00,-120:-115:-110:-105:-100:-95:-90:-85:-80:-75:-70:-65:-60:-55:-50:-45:-40:-35:-30:-25:-20:-15:-10:-5:0:5:10:15:20:25:30:35:40:45:50:55:60:65:70:75:80:85:90:95:100:105:110:115:120,128250.0,769249.0,Funnel Cloud,25.64950637177566,-82.66085720369334,28.42785856394981,-78.22582642129939,+proj=laea +lat_0=38 +lon_0=-98 +units=m +a=6370997.0 +ellps=sphere ,192.0,192.0,384000.0,384000.0,-77.99779510498047,-24.15661430358887,0.0
S760400,ir069/2018/SEVIR_IR069_STORMEVENTS_2018_0701_1231.h5,253,ir069,2018-07-26 03:19:00,-119:-114:-109:-104:-99:-94:-89:-84:-79:-74:-69:-64:-59:-54:-49:-44:-39:-34:-29:-24:-19:-14:-9:-4:1:6:11:16:21:26:31:36:41:46:51:56:61:66:71:76:81:86:91:96:101:106:111:116:121,126855.0,760400.0,Thunderstorm Wind,45.80817317114253,-114.216652855013,49.76596891998985,-110.048658843296,+proj=laea +lat_0=38 +lon_0=-98 +units=m +a=6370997.0 +ellps=sphere ,192.0,192.0,384000.0,384000.0,-60.7703857421875,-25.445980072021484,0.0
S772444,ir069/2018/SEVIR_IR069_STORMEVENTS_2018_0701_1231.h5,258,ir069,2018-07-02 19:52:00,-122:-117:-112:-107:-102:-97:-92:-87:-82:-77:-72:-67:-62:-57:-52:-47:-42:-37:-32:-27:-22:-17:-12:-7:-2:3:8:13:18:23:28:33:38:43:48:53:58:63:68:73:78:83:88:93:98:103:108:113:118,128625.0,772444.0,Hail,39.12456242968295,-81.62715409971253,41.75656447454667,-76.18499711471004,+proj=laea +lat_0=38 +lon_0=-98 +units=m +a=6370997.0 +ellps=sphere ,192.0,192.0,384000.0,384000.0,-77.75763702392578,-20.424036026000977,0.0
S773562,ir069/2018/SEVIR_IR069_STORMEVENTS_2018_0701_1231.h5,260,ir069,2018-07-10 05:30:00,-120:-115:-110:-105:-100:-95:-90:-85:-80:-75:-70:-65:-60:-55:-50:-45:-40:-35:-30:-25:-20:-15:-10:-5:0:5:10:15:20:25:30:35:40:45:50:55:60:65:70:75:80:85:90:95:100:105:110:115:120,129037.0,773562.0,Heavy Rain,34.17124813151407,-116.72578682978016,38.16936631895455,-113.24164976555528,+proj=laea +lat_0=38 +lon_0=-98 +units=m +a=6370997.0 +ellps=sphere ,192.0,192.0,384000.0,384000.0,-77.62936401367188,-21.67469024658203,0.0
S787257,ir069/2018/SEVIR_IR069_STORMEVENTS_2018_0701_1231.h5,264,ir069,2018-09-26 16:15:00,-120:-115:-110:-105:-100:-95:-90:-85:-80:-75:-70:-65:-60:-55:-50:-45:-40:-35:-30:-25:-20:-15:-10:-5:0:5:10:15:20:25:30:35:40:45:50:55:60:65:70:75:80:85:90:95:100:105:110:115:120,131617.0,787257.0,Flash Flood,34.10495006725677,-86.95818930354557,37.01814842268076,-82.1473148863278,+proj=laea +lat_0=38 +lon_0=-98 +units=m +a=6370997.0 +ellps=sphere ,192.0,192.0,384000.0,384000.0,-73.9284439086914,-25.171525955200195,0.0
S771106,ir069/2018/SEVIR_IR069_STORMEVENTS_2018_0701_1231.h5,267,ir069,2018-08-13 01:13:00,-118:-113:-108:-103:-98:-93:-88:-83:-78:-73:-68:-63:-58:-53:-48:-43:-38:-33:-28:-23:-18:-13:-8:-3:2:7:12:17:22:27:32:37:42:47:52:57:62:67:72:77:82:87:92:97:102:107:112:117:122,128526.0,771106.0,Thunderstorm Wind,31.38029476660371,-113.59654839889777,35.285936282853434,-110.05154157211794,+proj=laea +lat_0=38 +lon_0=-98 +units=m +a=6370997.0 +ellps=sphere ,192.0,192.0,384000.0,384000.0,-73.0760498046875,-17.8341121673584,0.0
S760516,ir069/2018/SEVIR_IR069_STORMEVENTS_2018_0701_1231.h5,268,ir069,2018-07-27 18:26:00,-121:-116:-111:-106:-101:-96:-91:-86:-81:-76:-71:-66:-61:-56:-51:-46:-41:-36:-31:-26:-21:-16:-11:-6:-1:4:9:14:19:24:29:34:39:44:49:54:59:64:69:74:79:84:89:94:99:104:109:114:119,126873.0,760516.0,Thunderstorm Wind,36.74172494334191,-83.94299840083367,39.50110748633944,-78.80813173081066,+proj=laea +lat_0=38 +lon_0=-98 +units=m +a=6370997.0 +ellps=sphere ,192.0,192.0,384000.0,384000.0,-61.34766006469727,-16.78934669494629,0.0
S774361,ir069/2018/SEVIR_IR069_STORMEVENTS_2018_0701_1231.h5,278,ir069,2018-09-02 00:35:00,-120:-115:-110:-105:-100:-95:-90:-85:-80:-75:-70:-65:-60:-55:-50:-45:-40:-35:-30:-25:-20:-15:-10:-5:0:5:10:15:20:25:30:35:40:45:50:55:60:65:70:75:80:85:90:95:100:105:110:115:120,129225.0,774361.0,Thunderstorm Wind,38.969517197406006,-98.64774357938272,42.36089995168,-94.00903881953406,+proj=laea +lat_0=38 +lon_0=-98 +units=m +a=6370997.0 +ellps=sphere ,192.0,192.0,384000.0,384000.0,-77.98400115966797,-23.81551170349121,0.0
S774103,ir069/2018/SEVIR_IR069_STORMEVENTS_2018_0701_1231.h5,280,ir069,2018-07-20 02:16:00,-121:-116:-111:-106:-101:-96:-91:-86:-81:-76:-71:-66:-61:-56:-51:-46:-41:-36:-31:-26:-21:-16:-11:-6:-1:4:9:14:19:24:29:34:39:44:49:54:59:64:69:74:79:84:89:94:99:104:109:114:119,129151.0,774103.0,Thunderstorm Wind,35.23615105481346,-116.4371346256424,39.2279306258439,-112.90426665808268,+proj=laea +lat_0=38 +lon_0=-98 +units=m +a=6370997.0 +ellps=sphere ,192.0,192.0,384000.0,384000.0,-81.38113403320312,-24.846445083618164,0.0
S768594,ir069/2018/SEVIR_IR069_STORMEVENTS_2018_0701_1231.h5,283,ir069,2018-08-13 21:42:00,-122:-117:-112:-107:-102:-97:-92:-87:-82:-77:-72:-67:-62:-57:-52:-47:-42:-37:-32:-27:-22:-17:-12:-7:-2:3:8:13:18:23:28:33:38:43:48:53:58:63:68:73:78:83:88:93:98:103:108:113:118,128152.0,768594.0,Hail,35.956396054763275,-82.0746218739806,38.631797345871135,-76.92937924208834,+proj=laea +lat_0=38 +lon_0=-98 +units=m +a=6370997.0 +ellps=sphere ,192.0,192.0,384000.0,384000.0,-55.20649337768555,-14.059657096862791,0.0
S762664,ir069/2018/SEVIR_IR069_STORMEVENTS_2018_0701_1231.h5,287,ir069,2018-07-30 02:25:00,-120:-115:-110:-105:-100:-95:-90:-85:-80:-75:-70:-65:-60:-55:-50:-45:-40:-35:-30:-25:-20:-15:-10:-5:0:5:10:15:20:25:30:35:40:45:50:55:60:65:70:75:80:85:90:95:100:105:110:115:120,126989.0,762664.0,Thunderstorm Wind,38.90325873177961,-102.02326292429056,42.424982814131305,-97.5617267183302,+proj=laea +lat_0=38 +lon_0=-98 +units=m +a=6370997.0 +ellps=sphere ,192.0,192.0,384000.0,384000.0,-68.34326934814453,-24.8599853515625,0.0
S771784,ir069/2018/SEVIR_IR069_STORMEVENTS_2018_0701_1231.h5,288,ir069,2018-07-24 22:30:00,-120:-115:-110:-105:-100:-95:-90:-85:-80:-75:-70:-65:-60:-55:-50:-45:-40:-35:-30:-25:-20:-15:-10:-5:0:5:10:15:20:25:30:35:40:45:50:55:60:65:70:75:80:85:90:95:100:105:110:115:120,128671.0,771784.0,Flash Flood,35.78400019484754,-113.32448265863218,39.68577474043096,-109.61146250710917,+proj=laea +lat_0=38 +lon_0=-98 +units=m +a=6370997.0 +ellps=sphere ,192.0,192.0,384000.0,384000.0,-66.46710968017578,-23.38019943237305,0.0
S782192,ir069/2018/SEVIR_IR069_STORMEVENTS_2018_0701_1231.h5,293,ir069,2018-09-26 17:16:00,-121:-116:-111:-106:-101:-96:-91:-86:-81:-76:-71:-66:-61:-56:-51:-46:-41:-36:-31:-26:-21:-16:-11:-6:-1:4:9:14:19:24:29:34:39:44:49:54:59:64:69:74:79:84:89:94:99:104:109:114:119,130714.0,782192.0,Flash Flood,30.674039597710014,-92.29795886182258,33.83198422257158,-87.91156936668007,+proj=laea +lat_0=38 +lon_0=-98 +units=m +a=6370997.0 +ellps=sphere ,192.0,192.0,384000.0,384000.0,-77.73633575439453,-22.363229751586918,0.0
S782038,ir069/2018/SEVIR_IR069_STORMEVENTS_2018_0701_1231.h5,295,ir069,2018-08-10 01:15:00,-120:-115:-110:-105:-100:-95:-90:-85:-80:-75:-70:-65:-60:-55:-50:-45:-40:-35:-30:-25:-20:-15:-10:-5:0:5:10:15:20:25:30:35:40:45:50:55:60:65:70:75:80:85:90:95:100:105:110:115:120,130660.0,782038.0,Thunderstorm Wind,31.329654344011328,-99.6187279830349,34.770509661217126,-95.48252553230172,+proj=laea +lat_0=38 +lon_0=-98 +units=m +a=6370997.0 +ellps=sphere ,192.0,192.0,384000.0,384000.0,-75.32878112792969,-21.94499015808105,0.0
S780084,ir069/2018/SEVIR_IR069_STORMEVENTS_2018_0701_1231.h5,302,ir069,2018-08-14 18:35:00,-120:-115:-110:-105:-100:-95:-90:-85:-80:-75:-70:-65:-60:-55:-50:-45:-40:-35:-30:-25:-20:-15:-10:-5:0:5:10:15:20:25:30:35:40:45:50:55:60:65:70:75:80:85:90:95:100:105:110:115:120,130302.0,780084.0,Thunderstorm Wind,34.7144911491529,-80.40343523310645,37.31815310510815,-75.29398538964176,+proj=laea +lat_0=38 +lon_0=-98 +units=m +a=6370997.0 +ellps=sphere ,192.0,192.0,384000.0,384000.0,-65.75417327880861,-14.34175968170166,0.0
S779146,ir069/2018/SEVIR_IR069_STORMEVENTS_2018_0701_1231.h5,306,ir069,2018-08-17 23:35:00,-120:-115:-110:-105:-100:-95:-90:-85:-80:-75:-70:-65:-60:-55:-50:-45:-40:-35:-30:-25:-20:-15:-10:-5:0:5:10:15:20:25:30:35:40:45:50:55:60:65:70:75:80:85:90:95:100:105:110:115:120,130101.0,779146.0,Flash Flood,32.48014594977145,-115.25344553167524,36.434566853844586,-111.75008889110964,+proj=laea +lat_0=38 +lon_0=-98 +units=m +a=6370997.0 +ellps=sphere ,192.0,192.0,384000.0,384000.0,-74.64840698242188,-21.26260757446289,0.0
S763388,ir069/2018/SEVIR_IR069_STORMEVENTS_2018_0701_1231.h5,310,ir069,2018-08-04 21:30:00,-120:-115:-110:-105:-100:-95:-90:-85:-80:-75:-70:-65:-60:-55:-50:-45:-40:-35:-30:-25:-20:-15:-10:-5:0:5:10:15:20:25:30:35:40:45:50:55:60:65:70:75:80:85:90:95:100:105:110:115:120,127344.0,763388.0,Thunderstorm Wind,37.62117976544665,-86.90418997034645,40.51374931838957,-81.82112892857329,+proj=laea +lat_0=38 +lon_0=-98 +units=m +a=6370997.0 +ellps=sphere ,192.0,192.0,384000.0,384000.0,-64.75201416015625,-16.645265579223633,0.0
S782133,ir069/2018/SEVIR_IR069_STORMEVENTS_2018_0701_1231.h5,313,ir069,2018-08-15 23:01:00,-121:-116:-111:-106:-101:-96:-91:-86:-81:-76:-71:-66:-61:-56:-51:-46:-41:-36:-31:-26:-21:-16:-11:-6:-1:4:9:14:19:24:29:34:39:44:49:54:59:64:69:74:79:84:89:94:99:104:109:114:119,130703.0,782133.0,Flash Flood,35.7917830098031,-107.08734780599964,39.4937535477074,-103.06092933465212,+proj=laea +lat_0=38 +lon_0=-98 +units=m +a=6370997.0 +ellps=sphere ,192.0,192.0,384000.0,384000.0,-71.73172760009766,-27.599590301513672,0.0
S762886,ir069/2018/SEVIR_IR069_STORMEVENTS_2018_0701_1231.h5,316,ir069,2018-08-02 01:14:00,-119:-114:-109:-104:-99:-94:-89:-84:-79:-74:-69:-64:-59:-54:-49:-44:-39:-34:-29:-24:-19:-14:-9:-4:1:6:11:16:21:26:31:36:41:46:51:56:61:66:71:76:81:86:91:96:101:106:111:116:121,127272.0,762886.0,Hail,33.03458125222226,-105.2977205697044,36.675791060287104,-101.31983273337907,+proj=laea +lat_0=38 +lon_0=-98 +units=m +a=6370997.0 +ellps=sphere ,192.0,192.0,384000.0,384000.0,-74.5541000366211,-24.202056884765625,0.0
S776188,ir069/2018/SEVIR_IR069_STORMEVENTS_2018_0701_1231.h5,318,ir069,2018-07-20 11:55:00,-120:-115:-110:-105:-100:-95:-90:-85:-80:-75:-70:-65:-60:-55:-50:-45:-40:-35:-30:-25:-20:-15:-10:-5:0:5:10:15:20:25:30:35:40:45:50:55:60:65:70:75:80:85:90:95:100:105:110:115:120,128627.0,776188.0,Hail,35.722606308733674,-95.40794125718134,38.98983123581478,-90.83964956289698,+proj=laea +lat_0=38 +lon_0=-98 +units=m +a=6370997.0 +ellps=sphere ,192.0,192.0,384000.0,384000.0,-71.7866439819336,-16.863407135009766,0.0
S768497,ir069/2018/SEVIR_IR069_STORMEVENTS_2018_0701_1231.h5,324,ir069,2018-08-12 18:20:00,-120:-115:-110:-105:-100:-95:-90:-85:-80:-75:-70:-65:-60:-55:-50:-45:-40:-35:-30:-25:-20:-15:-10:-5:0:5:10:15:20:25:30:35:40:45:50:55:60:65:70:75:80:85:90:95:100:105:110:115:120,128145.0,768497.0,Thunderstorm Wind,35.822274967717206,-82.55487283174733,38.52158656040653,-77.43949888181741,+proj=laea +lat_0=38 +lon_0=-98 +units=m +a=6370997.0 +ellps=sphere ,192.0,192.0,384000.0,384000.0,-69.52213287353516,-16.774635314941403,0.0
S771722,ir069/2018/SEVIR_IR069_STORMEVENTS_2018_0701_1231.h5,332,ir069,2018-07-08 22:24:00,-119:-114:-109:-104:-99:-94:-89:-84:-79:-74:-69:-64:-59:-54:-49:-44:-39:-34:-29:-24:-19:-14:-9:-4:1:6:11:16:21:26:31:36:41:46:51:56:61:66:71:76:81:86:91:96:101:106:111:116:121,128658.0,771722.0,Thunderstorm Wind,33.61591912828933,-95.3664537039495,36.88718347968479,-90.92959211237414,+proj=laea +lat_0=38 +lon_0=-98 +units=m +a=6370997.0 +ellps=sphere ,192.0,192.0,384000.0,384000.0,-70.73397064208984,-16.354791641235348,0.0
S773052,ir069/2018/SEVIR_IR069_STORMEVENTS_2018_0701_1231.h5,342,ir069,2018-07-05 01:30:00,-120:-115:-110:-105:-100:-95:-90:-85:-80:-75:-70:-65:-60:-55:-50:-45:-40:-35:-30:-25:-20:-15:-10:-5:0:5:10:15:20:25:30:35:40:45:50:55:60:65:70:75:80:85:90:95:100:105:110:115:120,128920.0,773052.0,Thunderstorm Wind,33.48950091532161,-90.48966779959362,36.55988035561581,-85.86125735076233,+proj=laea +lat_0=38 +lon_0=-98 +units=m +a=6370997.0 +ellps=sphere ,192.0,192.0,384000.0,384000.0,-82.25882720947266,-18.345867156982425,0.0
S766450,ir069/2018/SEVIR_IR069_STORMEVENTS_2018_0701_1231.h5,345,ir069,2018-07-03 23:40:00,-120:-115:-110:-105:-100:-95:-90:-85:-80:-75:-70:-65:-60:-55:-50:-45:-40:-35:-30:-25:-20:-15:-10:-5:0:5:10:15:20:25:30:35:40:45:50:55:60:65:70:75:80:85:90:95:100:105:110:115:120,127347.0,766450.0,Hail,32.31356774321267,-84.74077898046292,35.1374197466659,-79.97011235427149,+proj=laea +lat_0=38 +lon_0=-98 +units=m +a=6370997.0 +ellps=sphere ,192.0,192.0,384000.0,384000.0,-78.6854248046875,-18.465429306030277,0.0
S774189,ir069/2018/SEVIR_IR069_STORMEVENTS_2018_0701_1231.h5,351,ir069,2018-07-04 21:05:00,-120:-115:-110:-105:-100:-95:-90:-85:-80:-75:-70:-65:-60:-55:-50:-45:-40:-35:-30:-25:-20:-15:-10:-5:0:5:10:15:20:25:30:35:40:45:50:55:60:65:70:75:80:85:90:95:100:105:110:115:120,129172.0,774189.0,Thunderstorm Wind,43.90828532015453,-90.45794153897528,46.93925901646792,-84.95908741746557,+proj=laea +lat_0=38 +lon_0=-98 +units=m +a=6370997.0 +ellps=sphere ,192.0,192.0,384000.0,384000.0,-74.26996612548828,-21.07528114318848,0.0
S779960,ir069/2018/SEVIR_IR069_STORMEVENTS_2018_0701_1231.h5,352,ir069,2018-08-12 22:45:00,-120:-115:-110:-105:-100:-95:-90:-85:-80:-75:-70:-65:-60:-55:-50:-45:-40:-35:-30:-25:-20:-15:-10:-5:0:5:10:15:20:25:30:35:40:45:50:55:60:65:70:75:80:85:90:95:100:105:110:115:120,130272.0,779960.0,Hail,38.5499927624208,-84.3849489192552,41.3196121012385,-79.11333268845502,+proj=laea +lat_0=38 +lon_0=-98 +units=m +a=6370997.0 +ellps=sphere ,192.0,192.0,384000.0,384000.0,-51.03271865844727,-18.74518585205078,0.0
S778888,ir069/2018/SEVIR_IR069_STORMEVENTS_2018_0701_1231.h5,355,ir069,2018-08-15 01:15:00,-120:-115:-110:-105:-100:-95:-90:-85:-80:-75:-70:-65:-60:-55:-50:-45:-40:-35:-30:-25:-20:-15:-10:-5:0:5:10:15:20:25:30:35:40:45:50:55:60:65:70:75:80:85:90:95:100:105:110:115:120,130043.0,778888.0,Hail,35.555243099729225,-106.88194053734355,39.25016360299482,-102.85721899933108,+proj=laea +lat_0=38 +lon_0=-98 +units=m +a=6370997.0 +ellps=sphere ,192.0,192.0,384000.0,384000.0,-73.22614288330078,-23.14800262451172,0.0
S766932,ir069/2018/SEVIR_IR069_STORMEVENTS_2018_0701_1231.h5,357,ir069,2018-08-07 00:43:00,-118:-113:-108:-103:-98:-93:-88:-83:-78:-73:-68:-63:-58:-53:-48:-43:-38:-33:-28:-23:-18:-13:-8:-3:2:7:12:17:22:27:32:37:42:47:52:57:62:67:72:77:82:87:92:97:102:107:112:117:122,127863.0,766932.0,Tornado,39.24196799807647,-100.02058364310628,42.68701483513878,-95.43241054247628,+proj=laea +lat_0=38 +lon_0=-98 +units=m +a=6370997.0 +ellps=sphere ,192.0,192.0,384000.0,384000.0,-73.3160629272461,-21.75858497619629,0.0
S763697,ir069/2018/SEVIR_IR069_STORMEVENTS_2018_0701_1231.h5,361,ir069,2018-07-11 03:55:00,-120:-115:-110:-105:-100:-95:-90:-85:-80:-75:-70:-65:-60:-55:-50:-45:-40:-35:-30:-25:-20:-15:-10:-5:0:5:10:15:20:25:30:35:40:45:50:55:60:65:70:75:80:85:90:95:100:105:110:115:120,127413.0,763697.0,Flash Flood,36.01597941282754,-118.89759259095324,40.07706850225033,-115.46974567419473,+proj=laea +lat_0=38 +lon_0=-98 +units=m +a=6370997.0 +ellps=sphere ,192.0,192.0,384000.0,384000.0,-66.93856811523439,-22.946474075317383,0.0
S796027,ir069/2018/SEVIR_IR069_STORMEVENTS_2018_0701_1231.h5,363,ir069,2018-12-27 02:31:00,-121:-116:-111:-106:-101:-96:-91:-86:-81:-76:-71:-66:-61:-56:-51:-46:-41:-36:-31:-26:-21:-16:-11:-6:-1:4:9:14:19:24:29:34:39:44:49:54:59:64:69:74:79:84:89:94:99:104:109:114:119,133064.0,796027.0,Hail,27.880826223724647,-101.9336797819698,31.4133285609991,-98.04208135607227,+proj=laea +lat_0=38 +lon_0=-98 +units=m +a=6370997.0 +ellps=sphere ,192.0,192.0,384000.0,384000.0,-69.27450561523439,-14.327730178833008,0.0
S779950,ir069/2018/SEVIR_IR069_STORMEVENTS_2018_0701_1231.h5,364,ir069,2018-08-12 04:53:00,-118:-113:-108:-103:-98:-93:-88:-83:-78:-73:-68:-63:-58:-53:-48:-43:-38:-33:-28:-23:-18:-13:-8:-3:2:7:12:17:22:27:32:37:42:47:52:57:62:67:72:77:82:87:92:97:102:107:112:117:122,130269.0,779950.0,Hail,40.98500902453975,-86.74121962128538,43.853730082800304,-81.35014647769789,+proj=laea +lat_0=38 +lon_0=-98 +units=m +a=6370997.0 +ellps=sphere ,192.0,192.0,384000.0,384000.0,-56.741661071777344,-17.94775390625,0.0
S777446,ir069/2018/SEVIR_IR069_STORMEVENTS_2018_0701_1231.h5,366,ir069,2018-08-06 05:05:00,-120:-115:-110:-105:-100:-95:-90:-85:-80:-75:-70:-65:-60:-55:-50:-45:-40:-35:-30:-25:-20:-15:-10:-5:0:5:10:15:20:25:30:35:40:45:50:55:60:65:70:75:80:85:90:95:100:105:110:115:120,129785.0,777446.0,Thunderstorm Wind,40.37186258281253,-97.2210666410182,43.70430293735578,-92.40375054213244,+proj=laea +lat_0=38 +lon_0=-98 +units=m +a=6370997.0 +ellps=sphere ,192.0,192.0,384000.0,384000.0,-72.30976867675781,-23.165868759155277,0.0
S758414,ir069/2018/SEVIR_IR069_STORMEVENTS_2018_0701_1231.h5,371,ir069,2018-07-11 20:04:00,-119:-114:-109:-104:-99:-94:-89:-84:-79:-74:-69:-64:-59:-54:-49:-44:-39:-34:-29:-24:-19:-14:-9:-4:1:6:11:16:21:26:31:36:41:46:51:56:61:66:71:76:81:86:91:96:101:106:111:116:121,126527.0,758414.0,Hail,40.79929110261196,-111.58584394191143,44.65703363213184,-107.54216914024435,+proj=laea +lat_0=38 +lon_0=-98 +units=m +a=6370997.0 +ellps=sphere ,192.0,192.0,384000.0,384000.0,-70.48677062988281,-18.46412467956543,0.0
S762358,ir069/2018/SEVIR_IR069_STORMEVENTS_2018_0701_1231.h5,376,ir069,2018-08-01 03:15:00,-120:-115:-110:-105:-100:-95:-90:-85:-80:-75:-70:-65:-60:-55:-50:-45:-40:-35:-30:-25:-20:-15:-10:-5:0:5:10:15:20:25:30:35:40:45:50:55:60:65:70:75:80:85:90:95:100:105:110:115:120,127207.0,762358.0,Thunderstorm Wind,30.427435771085968,-94.6896992982962,33.682352956634766,-90.40721145801274,+proj=laea +lat_0=38 +lon_0=-98 +units=m +a=6370997.0 +ellps=sphere ,192.0,192.0,384000.0,384000.0,-63.95289611816406,-8.218681335449219,0.0
S776924,ir069/2018/SEVIR_IR069_STORMEVENTS_2018_0701_1231.h5,383,ir069,2018-07-26 20:15:00,-120:-115:-110:-105:-100:-95:-90:-85:-80:-75:-70:-65:-60:-55:-50:-45:-40:-35:-30:-25:-20:-15:-10:-5:0:5:10:15:20:25:30:35:40:45:50:55:60:65:70:75:80:85:90:95:100:105:110:115:120,129724.0,776924.0,Hail,31.44530325405491,-82.2203382500536,34.15945496773706,-77.41771897475843,+proj=laea +lat_0=38 +lon_0=-98 +units=m +a=6370997.0 +ellps=sphere ,192.0,192.0,384000.0,384000.0,-76.18949890136719,-13.902347564697266,0.0
S780101,ir069/2018/SEVIR_IR069_STORMEVENTS_2018_0701_1231.h5,390,ir069,2018-08-19 03:00:00,-120:-115:-110:-105:-100:-95:-90:-85:-80:-75:-70:-65:-60:-55:-50:-45:-40:-35:-30:-25:-20:-15:-10:-5:0:5:10:15:20:25:30:35:40:45:50:55:60:65:70:75:80:85:90:95:100:105:110:115:120,130303.0,780101.0,Thunderstorm Wind,33.97082573723801,-82.0064570296758,36.65680437469608,-77.0148248227283,+proj=laea +lat_0=38 +lon_0=-98 +units=m +a=6370997.0 +ellps=sphere ,192.0,192.0,384000.0,384000.0,-73.77135467529297,-17.47161865234375,0.0
S774560,ir069/2018/SEVIR_IR069_STORMEVENTS_2018_0701_1231.h5,391,ir069,2018-08-15 12:00:00,-120:-115:-110:-105:-100:-95:-90:-85:-80:-75:-70:-65:-60:-55:-50:-45:-40:-35:-30:-25:-20:-15:-10:-5:0:5:10:15:20:25:30:35:40:45:50:55:60:65:70:75:80:85:90:95:100:105:110:115:120,129256.0,774560.0,Heavy Rain,35.51762441594098,-97.88953549563324,38.88409950109122,-93.44558039193184,+proj=laea +lat_0=38 +lon_0=-98 +units=m +a=6370997.0 +ellps=sphere ,192.0,192.0,384000.0,384000.0,-68.90977478027344,-15.905961990356444,0.0
S780339,ir069/2018/SEVIR_IR069_STORMEVENTS_2018_0701_1231.h5,394,ir069,2018-08-22 01:50:00,-120:-115:-110:-105:-100:-95:-90:-85:-80:-75:-70:-65:-60:-55:-50:-45:-40:-35:-30:-25:-20:-15:-10:-5:0:5:10:15:20:25:30:35:40:45:50:55:60:65:70:75:80:85:90:95:100:105:110:115:120,130340.0,780339.0,Thunderstorm Wind,34.84797861961717,-104.51403592845656,38.46109222276456,-100.4122435337762,+proj=laea +lat_0=38 +lon_0=-98 +units=m +a=6370997.0 +ellps=sphere ,192.0,192.0,384000.0,384000.0,-83.78483581542969,-20.39140892028809,0.0
S781731,ir069/2018/SEVIR_IR069_STORMEVENTS_2018_0701_1231.h5,414,ir069,2018-08-13 18:59:00,-119:-114:-109:-104:-99:-94:-89:-84:-79:-74:-69:-64:-59:-54:-49:-44:-39:-34:-29:-24:-19:-14:-9:-4:1:6:11:16:21:26:31:36:41:46:51:56:61:66:71:76:81:86:91:96:101:106:111:116:121,130273.0,781731.0,Lightning,39.0602889809344,-82.63580750867231,41.74232466560365,-77.2426071634211,+proj=laea +lat_0=38 +lon_0=-98 +units=m +a=6370997.0 +ellps=sphere ,192.0,192.0,384000.0,384000.0,-55.64344024658203,-20.534481048583984,0.0
S772068,ir069/2018/SEVIR_IR069_STORMEVENTS_2018_0701_1231.h5,418,ir069,2018-08-05 00:47:00,-122:-117:-112:-107:-102:-97:-92:-87:-82:-77:-72:-67:-62:-57:-52:-47:-42:-37:-32:-27:-22:-17:-12:-7:-2:3:8:13:18:23:28:33:38:43:48:53:58:63:68:73:78:83:88:93:98:103:108:113:113,128731.0,772068.0,Hail,46.00077453554303,-100.66102880022122,49.472058997215605,-95.54843124324528,+proj=laea +lat_0=38 +lon_0=-98 +units=m +a=6370997.0 +ellps=sphere ,192.0,192.0,384000.0,384000.0,-56.40307235717773,-21.244029998779297,0.0
S780744,ir069/2018/SEVIR_IR069_STORMEVENTS_2018_0701_1231.h5,429,ir069,2018-08-19 21:47:00,-122:-117:-112:-107:-102:-97:-92:-87:-82:-77:-72:-67:-62:-57:-52:-47:-42:-37:-32:-27:-22:-17:-12:-7:-2:3:8:13:18:23:28:33:38:43:48:53:58:63:68:73:78:83:88:93:98:103:108:113:118,129421.0,780744.0,Thunderstorm Wind,35.45310033176925,-96.43258140931252,38.76217668052662,-91.92741109903076,+proj=laea +lat_0=38 +lon_0=-98 +units=m +a=6370997.0 +ellps=sphere ,192.0,192.0,384000.0,384000.0,-78.89656066894531,-14.547845840454102,0.0
S767595,ir069/2018/SEVIR_IR069_STORMEVENTS_2018_0701_1231.h5,438,ir069,2018-08-11 20:05:00,-120:-115:-110:-105:-100:-95:-90:-85:-80:-75:-70:-65:-60:-55:-50:-45:-40:-35:-30:-25:-20:-15:-10:-5:0:5:10:15:20:25:30:35:40:45:50:55:60:65:70:75:80:85:90:95:100:105:110:115:120,127607.0,767595.0,Flash Flood,39.6149106484059,-77.42392895308164,42.02980925294864,-71.75955197981848,+proj=laea +lat_0=38 +lon_0=-98 +units=m +a=6370997.0 +ellps=sphere ,192.0,192.0,384000.0,384000.0,-68.8333740234375,-23.199838638305664,0.0
S771220,ir069/2018/SEVIR_IR069_STORMEVENTS_2018_0701_1231.h5,441,ir069,2018-08-30 23:35:00,-120:-115:-110:-105:-100:-95:-90:-85:-80:-75:-70:-65:-60:-55:-50:-45:-40:-35:-30:-25:-20:-15:-10:-5:0:5:10:15:20:25:30:35:40:45:50:55:60:65:70:75:80:85:90:95:100:105:110:115:120,128558.0,771220.0,Lightning,35.563263100823114,-82.38125230277514,38.25603210709604,-77.2799452259417,+proj=laea +lat_0=38 +lon_0=-98 +units=m +a=6370997.0 +ellps=sphere ,192.0,192.0,384000.0,384000.0,-79.31431579589844,-22.89297103881836,0.0
S772429,ir069/2018/SEVIR_IR069_STORMEVENTS_2018_0701_1231.h5,448,ir069,2018-08-27 23:50:00,-120:-115:-110:-105:-100:-95:-90:-85:-80:-75:-70:-65:-60:-55:-50:-45:-40:-35:-30:-25:-20:-15:-10:-5:0:5:10:15:20:25:30:35:40:45:50:55:60:65:70:75:80:85:90:95:100:105:110:115:120,128372.0,772429.0,Thunderstorm Wind,43.76613166095376,-94.6159279933416,46.98401224897937,-89.35928640606139,+proj=laea +lat_0=38 +lon_0=-98 +units=m +a=6370997.0 +ellps=sphere ,192.0,192.0,384000.0,384000.0,-80.14625549316406,-16.918352127075195,0.0
S770056,ir069/2018/SEVIR_IR069_STORMEVENTS_2018_0701_1231.h5,459,ir069,2018-08-26 11:40:00,-120:-115:-110:-105:-100:-95:-90:-85:-80:-75:-70:-65:-60:-55:-50:-45:-40:-35:-30:-25:-20:-15:-10:-5:0:5:10:15:20:25:30:35:40:45:50:55:60:65:70:75:80:85:90:95:100:105:110:115:120,128363.0,770056.0,Lightning,43.64613930925695,-95.66597237831768,46.90958046832079,-90.47993892443527,+proj=laea +lat_0=38 +lon_0=-98 +units=m +a=6370997.0 +ellps=sphere ,192.0,192.0,384000.0,384000.0,-71.41567993164062,-24.68587684631348,0.0
S772462,ir069/2018/SEVIR_IR069_STORMEVENTS_2018_0701_1231.h5,477,ir069,2018-07-05 01:00:00,-120:-115:-110:-105:-100:-95:-90:-85:-80:-75:-70:-65:-60:-55:-50:-45:-40:-35:-30:-25:-20:-15:-10:-5:0:5:10:15:20:25:30:35:40:45:50:55:60:65:70:75:80:85:90:95:100:105:110:115:120,128788.0,772462.0,Flash Flood,39.10421507902733,-82.55519001572513,41.782025268182046,-77.15444797010416,+proj=laea +lat_0=38 +lon_0=-98 +units=m +a=6370997.0 +ellps=sphere ,192.0,192.0,384000.0,384000.0,-74.52289581298828,-20.7497673034668,0.0
S774490,ir069/2018/SEVIR_IR069_STORMEVENTS_2018_0701_1231.h5,482,ir069,2018-07-17 15:30:00,-120:-115:-110:-105:-100:-95:-90:-85:-80:-75:-70:-65:-60:-55:-50:-45:-40:-35:-30:-25:-20:-15:-10:-5:0:5:10:15:20:25:30:35:40:45:50:55:60:65:70:75:75:85:90:95:100:105:110:115:120,129244.0,774490.0,Thunderstorm Wind,41.848440758978775,-74.43624653289795,44.08378519775339,-68.41094622895459,+proj=laea +lat_0=38 +lon_0=-98 +units=m +a=6370997.0 +ellps=sphere ,192.0,192.0,384000.0,384000.0,-71.21348571777344,-20.497737884521484,0.0
S757185,ir069/2018/SEVIR_IR069_STORMEVENTS_2018_0701_1231.h5,483,ir069,2018-07-15 21:50:00,-120:-115:-110:-105:-100:-95:-90:-85:-80:-75:-70:-65:-60:-55:-50:-45:-40:-35:-30:-25:-20:-15:-10:-5:0:5:10:15:20:25:30:35:40:45:50:55:60:65:70:75:80:85:90:95:100:105:110:115:120,126316.0,757185.0,Hail,39.47417061241606,-123.50680186486156,43.662766609834925,-120.24781829838722,+proj=laea +lat_0=38 +lon_0=-98 +units=m +a=6370997.0 +ellps=sphere ,192.0,192.0,384000.0,384000.0,-59.566139221191406,-19.276126861572266,0.0
S779151,ir069/2018/SEVIR_IR069_STORMEVENTS_2018_0701_1231.h5,491,ir069,2018-08-16 20:30:00,-120:-115:-110:-105:-100:-95:-90:-85:-80:-75:-70:-65:-60:-55:-50:-45:-40:-35:-30:-25:-20:-15:-10:-5:0:5:10:15:20:25:30:35:40:45:50:55:60:65:70:75:80:85:90:95:100:105:110:115:120,130102.0,779151.0,Flash Flood,33.009398030174424,-117.36447533223642,37.02355352031879,-113.94582863996511,+proj=laea +lat_0=38 +lon_0=-98 +units=m +a=6370997.0 +ellps=sphere ,192.0,192.0,384000.0,384000.0,-69.09379577636719,-16.55927848815918,0.0
S782195,ir069/2018/SEVIR_IR069_STORMEVENTS_2018_0701_1231.h5,497,ir069,2018-08-07 10:40:00,-120:-115:-110:-105:-100:-95:-90:-85:-80:-75:-70:-65:-60:-55:-50:-45:-40:-35:-30:-25:-20:-15:-10:-5:0:5:10:15:20:25:30:35:40:45:50:55:60:65:70:75:80:85:90:95:100:105:110:115:120,130715.0,782195.0,Thunderstorm Wind,45.99208150750693,-72.31248413284483,48.06568123117933,-65.67396256948054,+proj=laea +lat_0=38 +lon_0=-98 +units=m +a=6370997.0 +ellps=sphere ,192.0,192.0,384000.0,384000.0,-67.99613952636719,-26.06948661804199,0.0
S777884,ir069/2018/SEVIR_IR069_STORMEVENTS_2018_0701_1231.h5,498,ir069,2018-09-01 23:54:00,-119:-114:-109:-104:-99:-94:-89:-84:-79:-74:-69:-64:-59:-54:-49:-44:-39:-34:-29:-24:-19:-14:-9:-4:1:6:11:16:21:26:31:36:41:46:51:56:61:66:71:76:81:86:91:96:101:106:111:116:121,129852.0,777884.0,Thunderstorm Wind,28.930024200629905,-87.25526632078171,31.885824398457107,-82.78683531259115,+proj=laea +lat_0=38 +lon_0=-98 +units=m +a=6370997.0 +ellps=sphere ,192.0,192.0,384000.0,384000.0,-78.12730407714844,-20.01220893859864,0.0
S777862,ir069/2018/SEVIR_IR069_STORMEVENTS_2018_0701_1231.h5,499,ir069,2018-09-30 20:10:00,-120:-115:-110:-105:-100:-95:-90:-85:-80:-75:-70:-65:-60:-55:-50:-45:-40:-35:-30:-25:-20:-15:-10:-5:0:5:10:15:20:25:30:35:40:45:50:55:60:65:70:75:80:85:90:95:100:105:110:115:120,129853.0,777862.0,Thunderstorm Wind,28.7078202186094,-87.7745684977334,31.68717346210904,-83.3367447567826,+proj=laea +lat_0=38 +lon_0=-98 +units=m +a=6370997.0 +ellps=sphere ,192.0,192.0,384000.0,384000.0,-82.45305633544922,-19.33598518371582,0.0
S772551,ir069/2018/SEVIR_IR069_STORMEVENTS_2018_0701_1231.h5,500,ir069,2018-08-17 00:52:00,-122:-117:-112:-107:-102:-97:-92:-87:-82:-77:-72:-67:-62:-57:-52:-47:-42:-37:-32:-27:-22:-17:-12:-7:-2:3:8:13:18:23:28:33:38:43:48:53:58:63:68:73:78:83:88:93:98:103:108:113:118,128816.0,772551.0,Hail,42.12169323071706,-123.12361724253842,46.3113013389342,-119.761254345468,+proj=laea +lat_0=38 +lon_0=-98 +units=m +a=6370997.0 +ellps=sphere ,192.0,192.0,384000.0,384000.0,-59.09536743164063,-25.14019775390625,0.0
S779366,ir069/2018/SEVIR_IR069_STORMEVENTS_2018_0701_1231.h5,506,ir069,2018-08-02 02:45:00,-120:-115:-110:-105:-100:-95:-90:-85:-80:-75:-70:-65:-60:-55:-50:-45:-40:-35:-30:-25:-20:-15:-10:-5:0:5:10:15:20:25:30:35:40:45:50:55:60:65:70:75:80:85:90:95:100:105:110:115:120,130144.0,779366.0,Thunderstorm Wind,40.35730823854881,-113.2975182244827,44.26783657187512,-109.3793336885128,+proj=laea +lat_0=38 +lon_0=-98 +units=m +a=6370997.0 +ellps=sphere ,192.0,192.0,384000.0,384000.0,-59.36569213867188,-22.10359764099121,0.0
S786608,ir069/2018/SEVIR_IR069_STORMEVENTS_2018_0701_1231.h5,515,ir069,2018-09-20 23:40:00,-120:-115:-110:-105:-100:-95:-90:-85:-80:-75:-70:-65:-60:-55:-50:-45:-40:-35:-30:-25:-20:-15:-10:-5:0:5:10:15:20:25:30:35:40:45:50:55:60:65:70:75:80:85:90:95:100:105:110:115:120,131130.0,786608.0,Thunderstorm Wind,32.32031767680094,-100.59389031833383,35.79514802438925,-96.44793836031612,+proj=laea +lat_0=38 +lon_0=-98 +units=m +a=6370997.0 +ellps=sphere ,192.0,192.0,384000.0,384000.0,-59.0513801574707,-17.813451766967773,0.0
S776533,ir069/2018/SEVIR_IR069_STORMEVENTS_2018_0701_1231.h5,517,ir069,2018-07-29 06:55:00,-120:-115:-110:-105:-100:-95:-90:-85:-80:-75:-70:-65:-60:-55:-50:-45:-40:-35:-30:-25:-20:-15:-10:-5:0:5:10:15:20:25:30:35:40:45:50:55:60:65:70:75:80:85:90:95:100:105:110:115:120,129631.0,776533.0,Thunderstorm Wind,35.932101944154184,-100.86567889941963,39.41196471892697,-96.5333607413852,+proj=laea +lat_0=38 +lon_0=-98 +units=m +a=6370997.0 +ellps=sphere ,192.0,192.0,384000.0,384000.0,-80.30059051513672,-22.368587493896484,0.0
S780823,ir069/2018/SEVIR_IR069_STORMEVENTS_2018_0701_1231.h5,529,ir069,2018-08-31 13:50:00,-120:-115:-110:-105:-100:-95:-90:-85:-80:-75:-70:-65:-60:-55:-50:-45:-40:-35:-30:-25:-20:-15:-10:-5:0:5:10:15:20:25:30:35:40:45:50:55:60:65:70:75:80:85:90:95:100:105:110:115:120,130309.0,780823.0,Heavy Rain,35.94357334458325,-95.6450762744292,39.219860220294784,-91.07271218433831,+proj=laea +lat_0=38 +lon_0=-98 +units=m +a=6370997.0 +ellps=sphere ,192.0,192.0,384000.0,384000.0,-70.63333892822266,-18.292993545532227,0.0
S766197,ir069/2018/SEVIR_IR069_STORMEVENTS_2018_0701_1231.h5,530,ir069,2018-07-04 00:23:00,-118:-113:-108:-103:-98:-93:-88:-83:-78:-73:-68:-63:-58:-53:-48:-43:-38:-33:-28:-23:-18:-13:-8:-3:2:7:12:17:22:27:32:37:42:47:52:57:62:67:72:77:82:87:92:97:102:107:112:117:122,127758.0,766197.0,Thunderstorm Wind,29.543747509831643,-86.5197056211039,32.46398076869307,-81.98977064510777,+proj=laea +lat_0=38 +lon_0=-98 +units=m +a=6370997.0 +ellps=sphere ,192.0,192.0,384000.0,384000.0,-78.67941284179688,-19.498388290405277,0.0
S776709,ir069/2018/SEVIR_IR069_STORMEVENTS_2018_0701_1231.h5,531,ir069,2018-07-21 07:55:00,-120:-115:-110:-105:-100:-95:-90:-85:-80:-75:-70:-65:-60:-55:-50:-45:-40:-35:-30:-25:-20:-15:-10:-5:0:5:10:15:20:25:30:35:40:45:50:55:60:65:70:75:80:85:90:95:100:105:110:115:120,129430.0,776709.0,Thunderstorm Wind,33.369585685909044,-94.87889821690986,36.62205393377626,-90.43663916883528,+proj=laea +lat_0=38 +lon_0=-98 +units=m +a=6370997.0 +ellps=sphere ,192.0,192.0,384000.0,384000.0,-83.16600799560547,-17.705923080444336,0.0
S767060,ir069/2018/SEVIR_IR069_STORMEVENTS_2018_0701_1231.h5,536,ir069,2018-07-26 00:14:00,-119:-114:-109:-104:-99:-94:-89:-84:-79:-74:-69:-64:-59:-54:-49:-44:-39:-34:-29:-24:-19:-14:-9:-4:1:6:11:16:21:26:31:36:41:46:51:56:61:66:71:76:81:86:91:96:101:106:111:116:121,127827.0,767060.0,Thunderstorm Wind,32.87740062438351,-83.02301612166217,35.618689164342804,-78.14954234917322,+proj=laea +lat_0=38 +lon_0=-98 +units=m +a=6370997.0 +ellps=sphere ,192.0,192.0,384000.0,384000.0,-69.58734130859375,-13.39384937286377,0.0
S775431,ir069/2018/SEVIR_IR069_STORMEVENTS_2018_0701_1231.h5,548,ir069,2018-09-15 02:07:00,-122:-117:-112:-107:-102:-97:-92:-87:-82:-77:-72:-67:-62:-57:-52:-47:-42:-37:-32:-27:-22:-17:-12:-7:-2:3:8:13:18:23:28:33:38:43:48:53:58:63:68:73:78:83:88:93:98:103:108:113:118,129425.0,775431.0,Hail,45.54163524708786,-98.17937505023546,48.91044600287557,-92.95612683817455,+proj=laea +lat_0=38 +lon_0=-98 +units=m +a=6370997.0 +ellps=sphere ,192.0,192.0,384000.0,384000.0,-67.9873046875,-22.44499969482422,0.0
S762082,ir069/2018/SEVIR_IR069_STORMEVENTS_2018_0701_1231.h5,554,ir069,2018-07-18 01:14:00,-119:-114:-109:-104:-99:-94:-89:-84:-79:-74:-69:-64:-59:-54:-49:-44:-39:-34:-29:-24:-19:-14:-9:-4:1:6:11:16:21:26:31:36:41:46:51:56:61:66:71:76:81:86:91:96:101:106:111:116:121,127150.0,762082.0,Thunderstorm Wind,41.73172903862464,-107.030182288643,45.438167261143576,-102.65845796341544,+proj=laea +lat_0=38 +lon_0=-98 +units=m +a=6370997.0 +ellps=sphere ,192.0,192.0,384000.0,384000.0,-70.81005859375,-15.970694541931152,0.0
S765364,ir069/2018/SEVIR_IR069_STORMEVENTS_2018_0701_1231.h5,564,ir069,2018-07-07 21:55:00,-120:-115:-110:-105:-100:-95:-90:-85:-80:-75:-70:-65:-60:-55:-50:-45:-40:-35:-30:-25:-20:-15:-10:-5:0:5:10:15:20:25:30:35:40:45:50:55:60:65:70:75:80:85:90:95:100:105:110:115:120,127590.0,765364.0,Thunderstorm Wind,29.182397890148174,-106.6840349530143,32.873708615143855,-102.9237455334837,+proj=laea +lat_0=38 +lon_0=-98 +units=m +a=6370997.0 +ellps=sphere ,192.0,192.0,384000.0,384000.0,-76.45370483398438,-22.89602470397949,0.0
S779286,ir069/2018/SEVIR_IR069_STORMEVENTS_2018_0701_1231.h5,595,ir069,2018-08-14 23:20:00,-120:-115:-110:-105:-100:-95:-90:-85:-80:-75:-70:-65:-60:-55:-50:-45:-40:-35:-30:-25:-20:-15:-10:-5:0:5:10:15:20:25:30:35:40:45:50:55:60:65:70:75:80:85:90:95:100:105:110:115:120,130134.0,779286.0,Hail,33.40613884913471,-103.10574058719465,36.970378889971606,-99.01305829434791,+proj=laea +lat_0=38 +lon_0=-98 +units=m +a=6370997.0 +ellps=sphere ,192.0,192.0,384000.0,384000.0,-75.39555358886719,-17.593645095825195,0.0
S782481,ir069/2018/SEVIR_IR069_STORMEVENTS_2018_0701_1231.h5,612,ir069,2018-10-21 23:40:00,-120:-115:-110:-105:-100:-95:-90:-85:-80:-75:-70:-65:-60:-55:-50:-45:-40:-35:-30:-25:-20:-15:-10:-5:0:5:10:15:20:25:30:35:40:45:50:55:60:65:70:75:80:85:90:95:100:105:110:115:120,130763.0,782481.0,Hail,31.06302164890373,-113.13530724040702,34.95494791243032,-109.5798199827848,+proj=laea +lat_0=38 +lon_0=-98 +units=m +a=6370997.0 +ellps=sphere ,192.0,192.0,384000.0,384000.0,-69.31760406494139,-21.926589965820312,0.0
S776908,ir069/2018/SEVIR_IR069_STORMEVENTS_2018_0701_1231.h5,622,ir069,2018-07-18 22:36:00,-121:-116:-111:-106:-101:-96:-91:-86:-81:-76:-71:-66:-61:-56:-51:-46:-41:-36:-31:-26:-21:-16:-11:-6:-1:4:9:14:19:24:29:34:39:44:49:54:59:64:69:74:79:84:89:94:99:104:109:114:119,129718.0,776908.0,Thunderstorm Wind,31.312243975089803,-83.37780817375399,34.080673681803844,-78.62527923484645,+proj=laea +lat_0=38 +lon_0=-98 +units=m +a=6370997.0 +ellps=sphere ,192.0,192.0,384000.0,384000.0,-83.05250549316406,-21.539308547973643,0.0
S779032,ir069/2018/SEVIR_IR069_STORMEVENTS_2018_0701_1231.h5,623,ir069,2018-08-12 21:05:00,-120:-115:-110:-105:-100:-95:-90:-85:-80:-75:-70:-65:-60:-55:-50:-45:-40:-35:-30:-25:-20:-15:-10:-5:0:5:10:15:20:25:30:35:40:45:50:55:60:65:70:75:80:85:90:95:100:105:110:115:120,130077.0,779032.0,Thunderstorm Wind,40.874518700100175,-110.73249865562563,44.70481423511124,-106.63370193208053,+proj=laea +lat_0=38 +lon_0=-98 +units=m +a=6370997.0 +ellps=sphere ,192.0,192.0,384000.0,384000.0,-52.88460159301758,-17.81052589416504,0.0
S775068,ir069/2018/SEVIR_IR069_STORMEVENTS_2018_0701_1231.h5,643,ir069,2018-08-12 18:40:00,-120:-115:-110:-105:-100:-95:-90:-85:-80:-75:-70:-65:-60:-55:-50:-45:-40:-35:-30:-25:-20:-15:-10:-5:0:5:10:15:20:25:30:35:40:45:50:55:60:65:70:75:80:85:90:95:100:105:110:115:120,129353.0,775068.0,Thunderstorm Wind,37.177284907089245,-80.4733762453243,39.7660080544028,-75.16106353717,+proj=laea +lat_0=38 +lon_0=-98 +units=m +a=6370997.0 +ellps=sphere ,192.0,192.0,384000.0,384000.0,-68.79648590087889,-19.195579528808597,0.0
S781936,ir069/2018/SEVIR_IR069_STORMEVENTS_2018_0701_1231.h5,651,ir069,2018-08-11 15:30:00,-120:-115:-110:-105:-100:-95:-90:-85:-80:-75:-70:-65:-60:-55:-50:-45:-40:-35:-30:-25:-20:-15:-10:-5:0:5:10:15:20:25:30:35:40:45:50:55:60:65:70:75:80:85:90:95:100:105:110:115:120,130635.0,781936.0,Flash Flood,32.51854038838993,-111.960971911416,36.37571637256217,-108.30421095376845,+proj=laea +lat_0=38 +lon_0=-98 +units=m +a=6370997.0 +ellps=sphere ,192.0,192.0,384000.0,384000.0,-53.5175895690918,-17.30123519897461,0.0
S779250,ir069/2018/SEVIR_IR069_STORMEVENTS_2018_0701_1231.h5,661,ir069,2018-08-28 23:30:00,-120:-115:-110:-105:-100:-95:-90:-85:-80:-75:-70:-65:-60:-55:-50:-45:-40:-35:-30:-25:-20:-15:-10:-5:0:5:10:15:20:25:30:35:40:45:50:55:60:65:70:75:80:85:90:95:100:105:110:115:120,130128.0,779250.0,Thunderstorm Wind,38.3409326516714,-95.88999690922203,41.62201182467418,-91.16110150527358,+proj=laea +lat_0=38 +lon_0=-98 +units=m +a=6370997.0 +ellps=sphere ,192.0,192.0,384000.0,384000.0,-83.01112365722656,-16.508832931518555,0.0
S767847,ir069/2018/SEVIR_IR069_STORMEVENTS_2018_0701_1231.h5,668,ir069,2018-07-04 03:15:00,-120:-115:-110:-105:-100:-95:-90:-85:-80:-75:-70:-65:-60:-55:-50:-45:-40:-35:-30:-25:-20:-15:-10:-5:0:5:10:15:20:25:30:35:40:45:50:55:60:65:70:75:80:85:90:95:100:105:110:115:120,125868.0,767847.0,Thunderstorm Wind,45.39981878470451,-107.99905574379612,49.14876107230052,-103.42381796776937,+proj=laea +lat_0=38 +lon_0=-98 +units=m +a=6370997.0 +ellps=sphere ,192.0,192.0,384000.0,384000.0,-69.64359283447266,-22.19874382019043,0.0
S781652,ir069/2018/SEVIR_IR069_STORMEVENTS_2018_0701_1231.h5,673,ir069,2018-10-13 21:50:00,-120:-115:-110:-105:-100:-95:-90:-85:-80:-75:-70:-65:-60:-55:-50:-45:-40:-35:-30:-25:-20:-15:-10:-5:0:5:10:15:20:25:30:35:40:45:50:55:60:65:70:75:80:85:90:95:100:105:110:115:120,130590.0,781652.0,Flash Flood,30.96317453839913,-114.48386741424612,34.89448374212889,-110.9908287082994,+proj=laea +lat_0=38 +lon_0=-98 +units=m +a=6370997.0 +ellps=sphere ,192.0,192.0,384000.0,384000.0,-46.42942810058594,-13.999452590942385,0.0
S783744,ir069/2018/SEVIR_IR069_STORMEVENTS_2018_0701_1231.h5,678,ir069,2018-09-08 21:54:00,-119:-114:-109:-104:-99:-94:-89:-84:-79:-74:-69:-64:-59:-54:-49:-44:-39:-34:-29:-24:-19:-14:-9:-4:1:6:11:16:21:26:31:36:41:46:51:56:61:66:71:76:81:86:91:96:101:106:111:116:121,131008.0,783744.0,Thunderstorm Wind,36.68345392891168,-88.78403472860454,39.66550379710596,-83.85704014044111,+proj=laea +lat_0=38 +lon_0=-98 +units=m +a=6370997.0 +ellps=sphere ,192.0,192.0,384000.0,384000.0,-75.26190948486328,-27.40213203430176,0.0
S773707,ir069/2018/SEVIR_IR069_STORMEVENTS_2018_0701_1231.h5,686,ir069,2018-07-09 00:35:00,-120:-115:-110:-105:-100:-95:-90:-85:-80:-75:-70:-65:-60:-55:-50:-45:-40:-35:-30:-25:-20:-15:-10:-5:0:5:10:15:20:25:30:35:40:45:50:55:60:65:70:75:80:85:90:95:100:105:110:115:120,129077.0,773707.0,Hail,45.10606684546274,-97.10975752052624,48.42985944807161,-91.86510639702692,+proj=laea +lat_0=38 +lon_0=-98 +units=m +a=6370997.0 +ellps=sphere ,192.0,192.0,384000.0,384000.0,-76.09197998046875,-13.591383934020994,0.0
S774494,ir069/2018/SEVIR_IR069_STORMEVENTS_2018_0701_1231.h5,699,ir069,2018-07-11 23:25:00,-120:-115:-110:-105:-100:-95:-90:-85:-80:-75:-70:-65:-60:-55:-50:-45:-40:-35:-30:-25:-20:-15:-10:-5:0:5:10:15:20:25:30:35:40:45:50:55:60:65:70:75:80:85:90:95:100:105:110:115:120,129237.0,774494.0,Hail,35.57880608553518,-81.20391639907274,38.2148734538801,-76.05552311954743,+proj=laea +lat_0=38 +lon_0=-98 +units=m +a=6370997.0 +ellps=sphere ,192.0,192.0,384000.0,384000.0,-71.98728942871094,-18.75925064086914,0.0
S775739,ir069/2018/SEVIR_IR069_STORMEVENTS_2018_0701_1231.h5,702,ir069,2018-08-26 01:15:00,-120:-115:-110:-105:-100:-95:-90:-85:-80:-75:-70:-65:-60:-55:-50:-45:-40:-35:-30:-25:-20:-15:-10:-5:0:5:10:15:20:25:30:35:40:45:50:55:60:65:70:75:80:85:90:95:100:105:110:115:120,129484.0,775739.0,Thunderstorm Wind,41.49697322168589,-103.38109097206537,45.070541810389,-98.81344238806884,+proj=laea +lat_0=38 +lon_0=-98 +units=m +a=6370997.0 +ellps=sphere ,192.0,192.0,384000.0,384000.0,-69.55760955810547,-22.500621795654297,0.0
S788338,ir069/2018/SEVIR_IR069_STORMEVENTS_2018_0701_1231.h5,706,ir069,2018-09-28 03:45:00,-120:-115:-110:-105:-100:-95:-90:-85:-80:-75:-70:-65:-60:-55:-50:-45:-40:-35:-30:-25:-20:-15:-10:-5:0:5:10:15:20:25:30:35:40:45:50:55:60:65:70:75:80:85:90:95:100:105:110:115:120,131430.0,788338.0,Flood,38.13169755172172,-81.66930103401516,40.77253581885572,-76.32055368078986,+proj=laea +lat_0=38 +lon_0=-98 +units=m +a=6370997.0 +ellps=sphere ,192.0,192.0,384000.0,384000.0,-67.52566528320311,-18.1442928314209,0.0
S781027,ir069/2018/SEVIR_IR069_STORMEVENTS_2018_0701_1231.h5,709,ir069,2018-08-17 22:10:00,-120:-115:-110:-105:-100:-95:-90:-85:-80:-75:-70:-65:-60:-55:-50:-45:-40:-35:-30:-25:-20:-15:-10:-5:0:5:10:15:20:25:30:35:40:45:50:55:60:65:70:75:80:85:90:95:100:105:110:115:120,130255.0,781027.0,Thunderstorm Wind,32.86871955890929,-101.61664069265758,36.38003476900585,-97.48621360206552,+proj=laea +lat_0=38 +lon_0=-98 +units=m +a=6370997.0 +ellps=sphere ,192.0,192.0,384000.0,384000.0,-82.71307373046875,-16.62091064453125,0.0
S758688,ir069/2018/SEVIR_IR069_STORMEVENTS_2018_0701_1231.h5,723,ir069,2018-07-09 00:15:00,-120:-115:-110:-105:-100:-95:-90:-85:-80:-75:-70:-65:-60:-55:-50:-45:-40:-35:-30:-25:-20:-15:-10:-5:0:5:10:15:20:25:30:35:40:45:50:55:60:65:70:75:80:85:90:95:100:105:110:115:120,126578.0,758688.0,Thunderstorm Wind,44.20693766656788,-100.20515082269807,47.65880931582963,-95.2319802055126,+proj=laea +lat_0=38 +lon_0=-98 +units=m +a=6370997.0 +ellps=sphere ,192.0,192.0,384000.0,384000.0,-79.72059631347656,-14.010438919067385,0.0
S779990,ir069/2018/SEVIR_IR069_STORMEVENTS_2018_0701_1231.h5,724,ir069,2018-08-31 00:30:00,-120:-115:-110:-105:-100:-95:-90:-85:-80:-75:-70:-65:-60:-55:-50:-45:-40:-35:-30:-25:-20:-15:-10:-5:0:5:10:15:20:25:30:35:40:45:50:55:60:65:70:75:80:85:90:95:100:105:110:115:120,130282.0,779990.0,Thunderstorm Wind,33.21861890484884,-96.23841061445056,36.52559900083706,-91.86151385367592,+proj=laea +lat_0=38 +lon_0=-98 +units=m +a=6370997.0 +ellps=sphere ,192.0,192.0,384000.0,384000.0,-77.37210083007812,-17.9713191986084,0.0
S785028,ir069/2018/SEVIR_IR069_STORMEVENTS_2018_0701_1231.h5,732,ir069,2018-09-03 19:28:00,-118:-113:-108:-103:-98:-93:-88:-83:-78:-73:-68:-63:-58:-53:-48:-43:-38:-33:-28:-23:-18:-13:-8:-3:2:7:12:17:22:27:32:37:42:47:52:57:62:67:72:77:82:87:92:97:102:107:112:117:122,131206.0,785028.0,Thunderstorm Wind,40.40947186168851,-90.19321457270397,43.43986170498597,-85.02055558457583,+proj=laea +lat_0=38 +lon_0=-98 +units=m +a=6370997.0 +ellps=sphere ,192.0,192.0,384000.0,384000.0,-75.66744232177734,-22.89327621459961,0.0
S786228,ir069/2018/SEVIR_IR069_STORMEVENTS_2018_0701_1231.h5,748,ir069,2018-09-22 00:30:00,-120:-115:-110:-105:-100:-95:-90:-85:-80:-75:-70:-65:-60:-55:-50:-45:-40:-35:-30:-25:-20:-15:-10:-5:0:5:10:15:20:25:30:35:40:45:50:55:60:65:70:75:80:85:90:95:100:105:110:115:120,131308.0,786228.0,Thunderstorm Wind,39.231078145532734,-82.83477848740797,41.92174980539874,-77.43419053453546,+proj=laea +lat_0=38 +lon_0=-98 +units=m +a=6370997.0 +ellps=sphere ,192.0,192.0,384000.0,384000.0,-69.30895233154297,-15.219009399414062,0.0
S778034,ir069/2018/SEVIR_IR069_STORMEVENTS_2018_0701_1231.h5,749,ir069,2018-09-01 06:34:00,-119:-114:-109:-104:-99:-94:-89:-84:-79:-74:-69:-64:-59:-54:-49:-44:-39:-34:-29:-24:-19:-14:-9:-4:1:6:11:16:21:26:31:36:41:46:51:56:61:66:71:76:81:86:91:96:101:106:111:116:121,129486.0,778034.0,Thunderstorm Wind,38.83369979355943,-100.655798812671,42.30349575576928,-96.1285337684284,+proj=laea +lat_0=38 +lon_0=-98 +units=m +a=6370997.0 +ellps=sphere ,192.0,192.0,384000.0,384000.0,-82.55316162109375,-25.1640625,0.075662003082483
S783300,ir069/2018/SEVIR_IR069_STORMEVENTS_2018_0701_1231.h5,769,ir069,2018-09-05 20:33:00,-118:-113:-108:-103:-98:-93:-88:-83:-78:-73:-68:-63:-58:-53:-48:-43:-38:-33:-28:-23:-18:-13:-8:-3:2:7:12:17:22:27:32:37:42:47:52:57:62:67:72:77:82:87:92:97:102:107:112:117:122,130907.0,783300.0,Thunderstorm Wind,41.82989327951415,-77.11355228887862,44.20971162138012,-71.20193781536395,+proj=laea +lat_0=38 +lon_0=-98 +units=m +a=6370997.0 +ellps=sphere ,192.0,192.0,384000.0,384000.0,-68.951416015625,-19.33244514465332,0.0107023278061224
S774794,ir069/2018/SEVIR_IR069_STORMEVENTS_2018_0701_1231.h5,776,ir069,2018-07-10 11:30:00,-120:-115:-110:-105:-100:-95:-90:-85:-80:-75:-70:-65:-60:-55:-50:-45:-40:-35:-30:-25:-20:-15:-10:-5:0:5:10:15:20:25:30:35:40:45:50:55:60:65:70:70:80:85:90:95:100:105:110:115:120,129311.0,774794.0,Hail,43.58555077284174,-99.61223841419456,47.01338726129126,-94.6590038987815,+proj=laea +lat_0=38 +lon_0=-98 +units=m +a=6370997.0 +ellps=sphere ,192.0,192.0,384000.0,384000.0,-77.48774719238281,-24.63981819152832,0.0
S793744,ir069/2018/SEVIR_IR069_STORMEVENTS_2018_0701_1231.h5,784,ir069,2018-12-28 13:17:00,-122:-117:-112:-107:-102:-97:-92:-87:-82:-77:-72:-67:-62:-57:-52:-47:-42:-37:-32:-27:-22:-17:-12:-7:-2:3:8:13:18:23:28:33:38:43:48:53:58:63:68:73:78:83:88:93:98:103:108:113:118,132655.0,793744.0,Thunderstorm Wind,30.013811050673127,-106.67767763567456,33.70394830742687,-102.88580683498289,+proj=laea +lat_0=38 +lon_0=-98 +units=m +a=6370997.0 +ellps=sphere ,192.0,192.0,384000.0,384000.0,-38.04074478149414,-18.747360229492188,0.0
S765044,ir069/2018/SEVIR_IR069_STORMEVENTS_2018_0701_1231.h5,786,ir069,2018-07-03 00:45:00,-120:-115:-110:-105:-100:-95:-90:-85:-80:-75:-70:-65:-60:-55:-50:-45:-40:-35:-30:-25:-20:-15:-10:-5:0:5:10:15:20:25:30:35:40:45:50:55:60:65:70:75:80:85:90:95:100:105:110:115:120,127588.0,765044.0,Thunderstorm Wind,31.081326504588127,-104.50548600979587,34.697119644420745,-100.58082900485525,+proj=laea +lat_0=38 +lon_0=-98 +units=m +a=6370997.0 +ellps=sphere ,192.0,192.0,384000.0,384000.0,-79.71267700195312,-25.122468948364247,0.0204081632653061
S773515,ir069/2018/SEVIR_IR069_STORMEVENTS_2018_0701_1231.h5,787,ir069,2018-07-11 00:55:00,-120:-115:-110:-105:-100:-95:-90:-85:-80:-75:-70:-65:-60:-55:-50:-45:-40:-35:-30:-25:-20:-15:-10:-5:0:5:10:15:20:25:30:35:40:45:50:55:60:65:70:75:80:85:90:95:100:105:110:115:120,126152.0,773515.0,Thunderstorm Wind,46.36040513575764,-108.2214343419905,50.12001924346843,-103.58450777606356,+proj=laea +lat_0=38 +lon_0=-98 +units=m +a=6370997.0 +ellps=sphere ,192.0,192.0,384000.0,384000.0,-77.0888671875,-17.864225387573242,0.0
S780617,ir069/2018/SEVIR_IR069_STORMEVENTS_2018_0701_1231.h5,788,ir069,2018-07-22 16:15:00,-120:-115:-110:-105:-100:-95:-90:-85:-80:-75:-70:-65:-60:-55:-50:-45:-40:-35:-30:-25:-20:-15:-10:-5:0:5:10:15:20:25:30:35:40:45:50:55:60:65:70:75:80:85:90:95:100:105:110:115:120,130346.0,780617.0,Thunderstorm Wind,28.19200455483605,-83.90274673103734,31.00616312919975,-79.36378232956011,+proj=laea +lat_0=38 +lon_0=-98 +units=m +a=6370997.0 +ellps=sphere ,192.0,192.0,384000.0,384000.0,-79.94525909423828,-16.152725219726562,0.0
S774731,ir069/2018/SEVIR_IR069_STORMEVENTS_2018_0701_1231.h5,792,ir069,2018-07-03 03:27:00,-122:-117:-112:-107:-102:-97:-92:-87:-82:-77:-72:-67:-62:-57:-52:-47:-42:-37:-32:-27:-22:-17:-12:-7:-2:3:8:13:18:23:28:33:38:43:48:53:58:63:68:73:78:83:88:93:98:103:108:113:118,129306.0,774731.0,Hail,42.95990705875453,-101.217572238766,46.45148116528753,-96.41172300770064,+proj=laea +lat_0=38 +lon_0=-98 +units=m +a=6370997.0 +ellps=sphere ,192.0,192.0,384000.0,384000.0,-75.94720458984375,-16.275213241577152,0.0
S770301,ir069/2018/SEVIR_IR069_STORMEVENTS_2018_0701_1231.h5,802,ir069,2018-08-14 22:54:00,-119:-114:-109:-104:-99:-94:-89:-84:-79:-74:-69:-64:-59:-54:-49:-44:-39:-34:-29:-24:-19:-14:-9:-4:1:6:11:16:21:26:31:36:41:46:51:56:61:66:71:76:81:86:91:96:101:106:111:116:121,128401.0,770301.0,Hail,38.39998366173817,-107.17842212998691,42.106941461386334,-103.01887167783252,+proj=laea +lat_0=38 +lon_0=-98 +units=m +a=6370997.0 +ellps=sphere ,192.0,192.0,384000.0,384000.0,-67.50790405273439,-23.655277252197266,0.0
S768252,ir069/2018/SEVIR_IR069_STORMEVENTS_2018_0701_1231.h5,814,ir069,2018-08-09 03:18:00,-118:-113:-108:-103:-98:-93:-88:-83:-78:-73:-68:-63:-58:-53:-48:-43:-38:-33:-28:-23:-18:-13:-8:-3:2:7:12:17:22:27:32:37:42:47:52:57:62:67:72:77:82:87:92:97:102:107:112:117:122,127973.0,768252.0,Thunderstorm Wind,31.41275481451489,-113.62374006069084,35.31920899315384,-110.07893223738908,+proj=laea +lat_0=38 +lon_0=-98 +units=m +a=6370997.0 +ellps=sphere ,192.0,192.0,384000.0,384000.0,-78.29265594482422,-19.36310577392578,0.0
S781438,ir069/2018/SEVIR_IR069_STORMEVENTS_2018_0701_1231.h5,822,ir069,2018-08-28 09:36:00,-121:-116:-111:-106:-101:-96:-91:-86:-81:-76:-71:-66:-61:-56:-51:-46:-41:-36:-31:-26:-21:-16:-11:-6:-1:4:9:14:19:24:29:34:39:44:49:54:59:64:69:74:79:79:79:79:99:99:109:114:119,130538.0,781438.0,Hail,41.470060291774026,-98.6718198471436,44.860452805843366,-93.84385268102533,+proj=laea +lat_0=38 +lon_0=-98 +units=m +a=6370997.0 +ellps=sphere ,192.0,192.0,384000.0,384000.0,-75.97964477539062,-19.213891983032227,0.0038641758786848
S759948,ir069/2018/SEVIR_IR069_STORMEVENTS_2018_0701_1231.h5,825,ir069,2018-07-27 03:17:00,-122:-117:-112:-107:-102:-97:-92:-87:-82:-77:-72:-67:-62:-57:-52:-47:-42:-37:-32:-27:-22:-17:-12:-7:-2:3:8:13:18:23:28:33:38:43:48:53:58:63:68:73:78:83:88:93:98:103:108:113:118,126762.0,759948.0,Thunderstorm Wind,38.00563699000782,-106.66906836137429,41.69466607228743,-102.50468799335876,+proj=laea +lat_0=38 +lon_0=-98 +units=m +a=6370997.0 +ellps=sphere ,192.0,192.0,384000.0,384000.0,-71.09654998779297,-23.135425567626957,0.0
S760284,ir069/2018/SEVIR_IR069_STORMEVENTS_2018_0701_1231.h5,835,ir069,2018-07-21 10:22:00,-122:-117:-112:-107:-102:-97:-92:-87:-82:-77:-72:-67:-62:-57:-52:-47:-42:-37:-32:-27:-22:-17:-12:-7:-2:3:8:13:18:23:28:33:38:43:48:53:58:63:68:73:78:83:88:93:98:103:108:113:118,126753.0,760284.0,Thunderstorm Wind,31.596062517421853,-92.34500767354368,34.75204271182623,-87.90721577084021,+proj=laea +lat_0=38 +lon_0=-98 +units=m +a=6370997.0 +ellps=sphere ,192.0,192.0,384000.0,384000.0,-80.1839828491211,-17.8826904296875,0.0
S787557,ir069/2018/SEVIR_IR069_STORMEVENTS_2018_0701_1231.h5,838,ir069,2018-09-12 15:29:00,-119:-114:-109:-104:-99:-94:-89:-84:-79:-74:-69:-64:-59:-54:-49:-44:-39:-34:-29:-24:-19:-14:-9:-4:1:6:11:16:21:26:31:36:41:46:51:56:61:66:71:76:81:86:91:96:101:106:111:116:121,131644.0,787557.0,Flood,25.97114533927293,-99.47243156371596,29.42204661884913,-95.5698024894568,+proj=laea +lat_0=38 +lon_0=-98 +units=m +a=6370997.0 +ellps=sphere ,192.0,192.0,384000.0,384000.0,-72.73450469970703,-11.95369815826416,0.0
S776826,ir069/2018/SEVIR_IR069_STORMEVENTS_2018_0701_1231.h5,841,ir069,2018-07-21 07:10:00,-120:-115:-110:-105:-100:-95:-90:-85:-80:-75:-70:-65:-60:-55:-50:-45:-40:-35:-30:-25:-20:-15:-10:-5:0:5:10:15:20:25:30:35:40:45:50:55:60:65:70:75:80:85:90:95:100:105:110:115:120,128299.0,776826.0,Thunderstorm Wind,33.19680310424255,-86.90506459228891,36.11258745936641,-82.15558904633316,+proj=laea +lat_0=38 +lon_0=-98 +units=m +a=6370997.0 +ellps=sphere ,192.0,192.0,384000.0,384000.0,-76.99781799316406,-11.295143127441404,0.0
S777270,ir069/2018/SEVIR_IR069_STORMEVENTS_2018_0701_1231.h5,860,ir069,2018-07-21 06:42:00,-122:-117:-112:-107:-102:-97:-92:-87:-82:-77:-72:-67:-62:-57:-52:-47:-42:-37:-32:-27:-22:-17:-12:-7:-2:3:8:13:18:23:28:33:38:43:48:53:58:63:68:73:78:83:88:93:98:103:108:113:118,129752.0,777270.0,Thunderstorm Wind,34.419212415906486,-87.8169423478128,37.36901896661274,-83.0178367347599,+proj=laea +lat_0=38 +lon_0=-98 +units=m +a=6370997.0 +ellps=sphere ,192.0,192.0,384000.0,384000.0,-76.1526107788086,-11.295143127441404,0.0
S767072,ir069/2018/SEVIR_IR069_STORMEVENTS_2018_0701_1231.h5,871,ir069,2018-07-29 17:00:00,-120:-115:-110:-105:-100:-95:-90:-85:-80:-75:-70:-65:-60:-55:-50:-45:-40:-35:-30:-25:-20:-15:-10:-5:0:5:10:15:20:25:30:35:40:45:50:55:60:65:70:75:80:85:90:95:100:105:110:115:120,127878.0,767072.0,Heavy Rain,32.51159821499079,-83.69400601347999,35.28636921413634,-78.87107532125455,+proj=laea +lat_0=38 +lon_0=-98 +units=m +a=6370997.0 +ellps=sphere ,192.0,192.0,384000.0,384000.0,-74.01849365234375,-21.0654411315918,0.0
S787598,ir069/2018/SEVIR_IR069_STORMEVENTS_2018_0701_1231.h5,875,ir069,2018-09-15 04:40:00,-120:-115:-110:-105:-100:-95:-90:-85:-80:-75:-70:-65:-60:-55:-50:-45:-40:-35:-30:-25:-20:-15:-10:-5:0:5:10:15:20:25:30:35:40:45:50:55:60:65:70:75:80:85:90:95:100:105:110:115:120,131653.0,787598.0,Flood,26.06234310827169,-99.41394894292672,29.510825319662533,-95.50567136139028,+proj=laea +lat_0=38 +lon_0=-98 +units=m +a=6370997.0 +ellps=sphere ,192.0,192.0,384000.0,384000.0,-79.2110366821289,-26.68683624267578,0.0
S785159,ir069/2018/SEVIR_IR069_STORMEVENTS_2018_0701_1231.h5,883,ir069,2018-09-24 13:28:00,-118:-113:-108:-103:-98:-93:-88:-83:-78:-73:-68:-63:-58:-53:-48:-43:-38:-33:-28:-23:-18:-13:-8:-3:2:7:12:17:22:27:32:37:42:47:52:57:62:67:72:77:82:87:92:97:102:107:112:117:122,131229.0,785159.0,Lightning,28.85306382091145,-89.03692996357587,31.884983223563854,-84.63476048588926,+proj=laea +lat_0=38 +lon_0=-98 +units=m +a=6370997.0 +ellps=sphere ,192.0,192.0,384000.0,384000.0,-71.96309661865234,-23.53615951538086,0.0
S777954,ir069/2018/SEVIR_IR069_STORMEVENTS_2018_0701_1231.h5,886,ir069,2018-08-09 21:03:00,-118:-113:-108:-103:-98:-93:-88:-83:-78:-73:-68:-63:-58:-53:-48:-43:-38:-33:-28:-23:-18:-13:-8:-3:2:7:12:17:22:27:32:37:42:47:52:57:62:67:72:77:82:87:92:97:102:107:112:117:122,129822.0,777954.0,Thunderstorm Wind,32.77410063503535,-86.83093042883014,35.688946915596844,-82.10738650353541,+proj=laea +lat_0=38 +lon_0=-98 +units=m +a=6370997.0 +ellps=sphere ,192.0,192.0,384000.0,384000.0,-77.95463562011719,-22.888301849365234,0.0
S786320,ir069/2018/SEVIR_IR069_STORMEVENTS_2018_0701_1231.h5,887,ir069,2018-08-18 23:58:00,-118:-113:-108:-103:-98:-93:-88:-83:-78:-73:-68:-63:-58:-53:-48:-43:-38:-33:-28:-23:-18:-13:-8:-3:2:7:12:17:22:27:32:37:42:47:52:57:62:67:72:77:82:87:92:97:102:107:112:117:122,131402.0,786320.0,Thunderstorm Wind,32.60865321989412,-113.6243790008988,36.51581567911134,-110.041115629206,+proj=laea +lat_0=38 +lon_0=-98 +units=m +a=6370997.0 +ellps=sphere ,192.0,192.0,384000.0,384000.0,-77.94908142089844,-16.192659378051758,0.0
R19041215417493,ir069/2019/SEVIR_IR069_RANDOMEVENTS_2019_0101_0430.h5,15,ir069,2019-04-12 15:39:00,-120:-115:-110:-105:-100:-95:-90:-85:-80:-75:-70:-65:-60:-55:-50:-45:-40:-35:-30:-25:-20:-15:-10:-5:0:5:10:15:20:25:30:35:40:45:50:55:60:65:70:75:80:85:90:95:100:105:110:115:120,,,,30.87717901716876,-83.2365355324757,33.64219012766711,-78.50783256122817,+proj=laea +lat_0=38 +lon_0=-98 +units=m +a=6370997.0 +ellps=sphere ,192.0,192.0,384000.0,384000.0,-61.23805236816406,-12.847787857055664,0.0
R19021922157789,ir069/2019/SEVIR_IR069_RANDOMEVENTS_2019_0101_0430.h5,36,ir069,2019-02-19 22:14:00,-120:-115:-110:-105:-100:-95:-90:-85:-80:-75:-70:-65:-60:-55:-50:-45:-40:-35:-30:-25:-20:-15:-10:-5:0:5:10:15:20:25:30:35:40:45:50:55:60:65:70:75:80:85:90:95:100:105:110:115:120,,,,34.97838173446194,-95.13569819199056,38.23652784578341,-90.6040237882608,+proj=laea +lat_0=38 +lon_0=-98 +units=m +a=6370997.0 +ellps=sphere ,192.0,192.0,384000.0,384000.0,-68.47132873535156,-32.200313568115234,0.0
R19041002137440,ir069/2019/SEVIR_IR069_RANDOMEVENTS_2019_0101_0430.h5,66,ir069,2019-04-10 02:09:00,-120:-115:-110:-105:-100:-95:-90:-85:-80:-75:-70:-65:-60:-55:-50:-45:-40:-35:-30:-25:-20:-15:-10:-5:0:5:10:15:20:25:30:35:40:45:50:55:60:65:70:75:80:85:90:95:100:105:110:115:120,,,,30.529772629834145,-112.44194973227198,34.40098279192588,-108.87309124914158,+proj=laea +lat_0=38 +lon_0=-98 +units=m +a=6370997.0 +ellps=sphere ,192.0,192.0,384000.0,384000.0,-54.43165588378906,-23.314453125,0.0
R19041002138140,ir069/2019/SEVIR_IR069_RANDOMEVENTS_2019_0101_0430.h5,67,ir069,2019-04-10 02:09:00,-120:-115:-110:-105:-100:-95:-90:-85:-80:-75:-70:-65:-60:-55:-50:-45:-40:-35:-30:-25:-20:-15:-10:-5:0:5:10:15:20:25:30:35:40:45:50:55:60:65:70:75:80:85:90:95:100:105:110:115:120,,,,45.86867578954929,-113.95706028752907,49.81859168366032,-109.76625806523,+proj=laea +lat_0=38 +lon_0=-98 +units=m +a=6370997.0 +ellps=sphere ,192.0,192.0,384000.0,384000.0,-55.33230209350586,-30.569541931152344,0.0
R19011717427809,ir069/2019/SEVIR_IR069_RANDOMEVENTS_2019_0101_0430.h5,82,ir069,2019-01-17 17:40:00,-120:-115:-110:-105:-100:-95:-90:-85:-80:-75:-70:-65:-60:-55:-50:-45:-40:-35:-30:-25:-20:-15:-10:-5:0:5:10:15:20:25:30:35:40:45:50:55:60:65:70:75:80:85:90:95:100:105:110:115:120,,,,45.34118132302086,-120.59798749543684,49.48124329063212,-116.92829005351078,+proj=laea +lat_0=38 +lon_0=-98 +units=m +a=6370997.0 +ellps=sphere ,192.0,192.0,384000.0,384000.0,-61.0083236694336,-31.1563663482666,0.0
R19010904277867,ir069/2019/SEVIR_IR069_RANDOMEVENTS_2019_0101_0430.h5,112,ir069,2019-01-09 04:25:00,-120:-115:-110:-105:-100:-95:-90:-85:-80:-75:-70:-65:-60:-60:-50:-45:-40:-35:-30:-25:-20:-15:-10:-5:0:5:10:15:20:25:30:35:40:45:50:55:60:65:70:75:80:85:90:95:100:105:110:115:120,,,,45.33304182717803,-119.39388854648008,49.44056538854785,-115.63433938973247,+proj=laea +lat_0=38 +lon_0=-98 +units=m +a=6370997.0 +ellps=sphere ,192.0,192.0,384000.0,384000.0,-59.69435119628906,-39.11476135253906,0.0
R19010510528266,ir069/2019/SEVIR_IR069_RANDOMEVENTS_2019_0101_0430.h5,121,ir069,2019-01-05 10:50:00,-120:-115:-110:-105:-100:-95:-90:-85:-80:-75:-70:-65:-60:-55:-50:-45:-40:-35:-30:-25:-20:-15:-10:-5:0:5:10:15:20:25:30:35:40:45:50:55:60:65:70:75:80:85:90:95:100:105:110:115:120,,,,41.442866730845054,-78.56953466664619,43.90251065409701,-72.76261716550115,+proj=laea +lat_0=38 +lon_0=-98 +units=m +a=6370997.0 +ellps=sphere ,192.0,192.0,384000.0,384000.0,-55.94469451904297,-21.818256378173828,0.0
R19030614167381,ir069/2019/SEVIR_IR069_RANDOMEVENTS_2019_0101_0430.h5,151,ir069,2019-03-06 14:15:00,-120:-115:-110:-105:-100:-95:-90:-85:-80:-75:-70:-65:-60:-55:-50:-45:-40:-35:-30:-25:-20:-15:-10:-5:0:5:10:15:20:25:30:35:40:45:50:55:60:65:70:75:80:85:90:95:100:105:110:115:120,,,,39.09174058657738,-124.921588828579,43.31235970726571,-121.76064090938569,+proj=laea +lat_0=38 +lon_0=-98 +units=m +a=6370997.0 +ellps=sphere ,192.0,192.0,384000.0,384000.0,-63.59115982055664,-32.69278335571289,0.0
R19032807587972,ir069/2019/SEVIR_IR069_RANDOMEVENTS_2019_0101_0430.h5,161,ir069,2019-03-28 07:55:00,-120:-115:-110:-105:-100:-95:-90:-85:-80:-75:-70:-65:-60:-55:-50:-45:-40:-35:-30:-25:-20:-15:-10:-5:0:5:10:15:20:25:30:35:40:45:50:55:60:65:70:75:80:85:90:95:100:105:110:115:120,,,,37.52957546733537,-89.60368896034599,40.544487473853344,-84.64623464807781,+proj=laea +lat_0=38 +lon_0=-98 +units=m +a=6370997.0 +ellps=sphere ,192.0,192.0,384000.0,384000.0,-65.63543701171875,-27.392169952392567,0.0
R19032916327660,ir069/2019/SEVIR_IR069_RANDOMEVENTS_2019_0101_0430.h5,172,ir069,2019-03-29 16:30:00,-120:-115:-110:-105:-100:-95:-90:-85:-80:-75:-70:-65:-60:-55:-50:-45:-40:-35:-30:-25:-20:-15:-10:-5:0:5:10:15:20:25:30:35:40:45:50:55:60:65:70:75:80:85:90:95:100:105:110:115:120,,,,33.427743801321746,-102.81578626232132,36.98160603584668,-98.70923611143164,+proj=laea +lat_0=38 +lon_0=-98 +units=m +a=6370997.0 +ellps=sphere ,192.0,192.0,384000.0,384000.0,-51.40912628173828,-11.592744827270508,0.0
R19042510498179,ir069/2019/SEVIR_IR069_RANDOMEVENTS_2019_0101_0430.h5,184,ir069,2019-04-25 10:49:00,-120:-115:-110:-105:-100:-95:-90:-85:-80:-75:-70:-65:-60:-55:-50:-45:-40:-35:-30:-25:-20:-15:-10:-5:0:5:10:15:20:25:30:35:40:45:50:55:60:65:70:75:80:85:90:95:100:105:110:115:120,,,,41.221975616745645,-99.9722573560278,44.664357077826416,-95.234920111964,+proj=laea +lat_0=38 +lon_0=-98 +units=m +a=6370997.0 +ellps=sphere ,192.0,192.0,384000.0,384000.0,-59.68120193481445,-20.010961532592773,0.0
R19040302367407,ir069/2019/SEVIR_IR069_RANDOMEVENTS_2019_0101_0430.h5,205,ir069,2019-04-03 02:34:00,-120:-115:-110:-105:-100:-95:-90:-85:-80:-75:-70:-65:-60:-55:-50:-45:-40:-35:-30:-25:-20:-15:-10:-5:0:5:10:15:20:25:30:35:40:45:50:55:60:65:70:75:80:85:90:95:100:105:110:115:120,,,,37.199216685182144,-122.79815618335718,41.36333424758345,-119.5552013684771,+proj=laea +lat_0=38 +lon_0=-98 +units=m +a=6370997.0 +ellps=sphere ,192.0,192.0,384000.0,384000.0,-43.484619140625,-25.16305923461914,0.0006903477536848
R19040121037496,ir069/2019/SEVIR_IR069_RANDOMEVENTS_2019_0101_0430.h5,243,ir069,2019-04-01 21:00:00,-120:-115:-110:-105:-100:-95:-95:-85:-80:-75:-70:-65:-60:-55:-50:-45:-40:-35:-30:-25:-20:-15:-10:-5:0:5:10:15:20:25:30:35:40:45:50:55:60:65:70:75:80:85:90:95:100:105:110:115:120,,,,29.528820507278517,-96.5156363570424,32.857891942398595,-92.34832875501309,+proj=laea +lat_0=38 +lon_0=-98 +units=m +a=6370997.0 +ellps=sphere ,192.0,192.0,384000.0,384000.0,-47.90808868408203,-16.743671417236328,0.0
R19040121037460,ir069/2019/SEVIR_IR069_RANDOMEVENTS_2019_0101_0430.h5,244,ir069,2019-04-01 21:00:00,-120:-115:-110:-105:-100:-95:-95:-85:-80:-75:-70:-65:-60:-55:-50:-45:-40:-35:-30:-25:-20:-15:-10:-5:0:5:10:15:20:25:30:35:40:45:50:55:60:65:70:75:80:85:90:95:100:105:110:115:120,,,,28.76402829007036,-96.05692035839851,32.07824624997194,-91.91017112452433,+proj=laea +lat_0=38 +lon_0=-98 +units=m +a=6370997.0 +ellps=sphere ,192.0,192.0,384000.0,384000.0,-43.80944442749024,-16.743671417236328,0.0
R19040121037496,ir069/2019/SEVIR_IR069_RANDOMEVENTS_2019_0101_0430.h5,246,ir069,2019-04-01 21:00:00,-120:-115:-110:-105:-100:-95:-95:-85:-80:-75:-70:-65:-60:-55:-50:-45:-40:-35:-30:-25:-20:-15:-10:-5:0:5:10:15:20:25:30:35:40:45:50:55:60:65:70:75:80:85:90:95:100:105:110:115:120,,,,29.619451400812764,-94.23284330161518,32.85943596309038,-89.97596489275259,+proj=laea +lat_0=38 +lon_0=-98 +units=m +a=6370997.0 +ellps=sphere ,192.0,192.0,384000.0,384000.0,-49.40667343139648,-17.7999210357666,0.0
R19030915417702,ir069/2019/SEVIR_IR069_RANDOMEVENTS_2019_0101_0430.h5,293,ir069,2019-03-09 15:40:00,-120:-115:-110:-105:-100:-95:-90:-85:-80:-75:-70:-65:-60:-55:-50:-45:-40:-35:-30:-25:-20:-15:-10:-5:0:5:10:15:20:25:30:35:40:45:50:55:60:65:70:75:80:85:90:95:100:105:110:115:120,,,,34.39366912183085,-103.559975068274,37.97326265860156,-99.43753919577932,+proj=laea +lat_0=38 +lon_0=-98 +units=m +a=6370997.0 +ellps=sphere ,192.0,192.0,384000.0,384000.0,-33.909149169921875,-15.508267402648926,0.0
R19043000598343,ir069/2019/SEVIR_IR069_RANDOMEVENTS_2019_0101_0430.h5,307,ir069,2019-04-30 00:59:00,-120:-115:-110:-105:-100:-95:-90:-85:-80:-75:-70:-65:-60:-55:-50:-45:-40:-35:-30:-25:-20:-15:-10:-5:0:5:10:15:20:25:30:35:40:45:50:55:60:65:70:75:80:85:90:95:100:105:110:115:120,,,,42.02037648468093,-81.06965860518906,44.604618706120654,-75.31051270377215,+proj=laea +lat_0=38 +lon_0=-98 +units=m +a=6370997.0 +ellps=sphere ,192.0,192.0,384000.0,384000.0,-60.034461975097656,-24.04600524902344,0.0
R19042609307917,ir069/2019/SEVIR_IR069_RANDOMEVENTS_2019_0101_0430.h5,326,ir069,2019-04-26 09:29:00,-120:-115:-110:-105:-100:-95:-90:-85:-80:-75:-70:-65:-60:-55:-50:-45:-40:-35:-30:-25:-20:-15:-10:-5:0:5:10:15:20:25:30:35:40:45:50:55:60:65:70:75:80:85:90:95:100:105:110:115:120,,,,37.69891190513329,-101.08098014339392,41.185501792174975,-96.65012184408164,+proj=laea +lat_0=38 +lon_0=-98 +units=m +a=6370997.0 +ellps=sphere ,192.0,192.0,384000.0,384000.0,-34.120323181152344,-21.97467041015625,0.0
R19022409417814,ir069/2019/SEVIR_IR069_RANDOMEVENTS_2019_0101_0430.h5,393,ir069,2019-02-24 09:40:00,-120:-115:-110:-105:-100:-95:-90:-85:-80:-75:-70:-65:-60:-55:-50:-45:-40:-35:-30:-25:-20:-15:-10:-5:0:5:10:15:20:25:30:35:40:45:50:55:60:65:70:75:80:85:90:95:100:105:110:115:120,,,,36.115906935915774,-80.12749457856366,38.69549040528253,-74.89290997250801,+proj=laea +lat_0=38 +lon_0=-98 +units=m +a=6370997.0 +ellps=sphere ,192.0,192.0,384000.0,384000.0,-57.8590316772461,-30.291248321533203,0.0
R19022409418394,ir069/2019/SEVIR_IR069_RANDOMEVENTS_2019_0101_0430.h5,394,ir069,2019-02-24 09:40:00,-120:-115:-110:-105:-100:-95:-90:-85:-80:-75:-70:-65:-60:-55:-50:-45:-40:-35:-30:-25:-20:-15:-10:-5:0:5:10:15:20:25:30:35:40:45:50:55:60:65:70:75:80:85:90:95:100:105:110:115:120,,,,42.721490204137545,-92.81006859976758,45.862049739405926,-87.55602509665471,+proj=laea +lat_0=38 +lon_0=-98 +units=m +a=6370997.0 +ellps=sphere ,192.0,192.0,384000.0,384000.0,-55.19615936279297,-22.449087142944336,0.0
R19042103277865,ir069/2019/SEVIR_IR069_RANDOMEVENTS_2019_0101_0430.h5,435,ir069,2019-04-21 03:24:00,-120:-115:-110:-105:-100:-95:-90:-85:-80:-75:-70:-65:-60:-55:-50:-45:-40:-35:-30:-25:-20:-15:-10:-5:0:5:10:15:20:25:30:35:40:45:50:55:60:65:70:75:80:85:90:95:100:105:110:115:120,,,,36.8169758191751,-79.84404316954553,39.37724254476824,-74.53834138714276,+proj=laea +lat_0=38 +lon_0=-98 +units=m +a=6370997.0 +ellps=sphere ,192.0,192.0,384000.0,384000.0,-51.680442810058594,-19.641525268554688,0.0
R19042904178374,ir069/2019/SEVIR_IR069_RANDOMEVENTS_2019_0101_0430.h5,441,ir069,2019-04-29 04:14:00,-120:-115:-110:-105:-100:-95:-90:-85:-80:-75:-70:-65:-60:-55:-50:-45:-40:-35:-30:-25:-20:-15:-10:-5:0:5:10:15:20:25:30:35:40:45:50:55:60:65:70:75:80:85:90:95:100:105:110:115:120,,,,44.84822167094661,-104.73257224774088,48.47675526834725,-99.98611275686773,+proj=laea +lat_0=38 +lon_0=-98 +units=m +a=6370997.0 +ellps=sphere ,192.0,192.0,384000.0,384000.0,-46.82725524902344,-24.74740791320801,0.0
R19042904177384,ir069/2019/SEVIR_IR069_RANDOMEVENTS_2019_0101_0430.h5,442,ir069,2019-04-29 04:14:00,-120:-115:-110:-105:-100:-95:-90:-85:-80:-75:-70:-65:-60:-55:-50:-45:-40:-35:-30:-25:-20:-15:-10:-5:0:5:10:15:20:25:30:35:40:45:50:55:60:65:70:75:80:85:90:95:100:105:110:115:120,,,,28.877517134648148,-83.45912124113768,31.66689041048279,-78.86441689214018,+proj=laea +lat_0=38 +lon_0=-98 +units=m +a=6370997.0 +ellps=sphere ,192.0,192.0,384000.0,384000.0,-37.21001815795898,-19.264345169067383,0.0
R19021417277480,ir069/2019/SEVIR_IR069_RANDOMEVENTS_2019_0101_0430.h5,481,ir069,2019-02-14 17:25:00,-120:-115:-110:-105:-100:-95:-90:-85:-80:-75:-70:-65:-60:-55:-50:-45:-40:-35:-30:-25:-20:-15:-10:-5:0:5:10:15:20:25:30:35:40:45:50:55:60:65:70:75:80:85:90:95:100:105:110:115:120,,,,33.77500052320477,-116.20090350790409,37.757809263511405,-112.70306537260412,+proj=laea +lat_0=38 +lon_0=-98 +units=m +a=6370997.0 +ellps=sphere ,192.0,192.0,384000.0,384000.0,-68.78106689453125,-33.870651245117195,0.0
R19042404537897,ir069/2019/SEVIR_IR069_RANDOMEVENTS_2019_0101_0430.h5,554,ir069,2019-04-24 04:49:00,-120:-115:-110:-105:-100:-95:-90:-85:-80:-75:-70:-65:-60:-55:-50:-45:-40:-35:-30:-25:-20:-15:-10:-5:0:5:10:15:20:25:30:35:40:45:50:55:60:65:70:75:80:85:90:95:100:105:110:115:120,,,,36.53732772997007,-92.84799911897252,39.69630628945694,-88.10961748541905,+proj=laea +lat_0=38 +lon_0=-98 +units=m +a=6370997.0 +ellps=sphere ,192.0,192.0,384000.0,384000.0,-52.63973999023438,-21.676589965820312,0.0
R19040818487601,ir069/2019/SEVIR_IR069_RANDOMEVENTS_2019_0101_0430.h5,570,ir069,2019-04-08 18:44:00,-120:-115:-110:-105:-100:-95:-90:-85:-80:-75:-70:-65:-60:-55:-50:-45:-40:-35:-30:-25:-20:-15:-10:-5:0:5:10:15:20:25:30:35:40:45:50:55:60:65:70:75:80:85:90:95:100:105:110:115:120,,,,31.771618463703284,-91.58176465756478,34.895360602769905,-87.10413362668542,+proj=laea +lat_0=38 +lon_0=-98 +units=m +a=6370997.0 +ellps=sphere ,192.0,192.0,384000.0,384000.0,-55.71980667114258,-12.99625301361084,0.0
R19012723028155,ir069/2019/SEVIR_IR069_RANDOMEVENTS_2019_0101_0430.h5,593,ir069,2019-01-27 23:00:00,-120:-115:-110:-105:-100:-95:-90:-85:-80:-75:-70:-65:-60:-55:-50:-45:-40:-35:-30:-25:-20:-15:-10:-5:0:5:10:15:20:25:30:35:40:45:50:55:60:65:70:75:80:85:90:95:100:105:110:115:120,,,,40.554285498482734,-97.98816648980257,43.91773566920787,-93.19655385568106,+proj=laea +lat_0=38 +lon_0=-98 +units=m +a=6370997.0 +ellps=sphere ,192.0,192.0,384000.0,384000.0,-59.43151473999024,-31.967044830322266,0.0
R19021820208362,ir069/2019/SEVIR_IR069_RANDOMEVENTS_2019_0101_0430.h5,618,ir069,2019-02-18 20:20:00,-120:-115:-110:-105:-100:-95:-90:-85:-80:-75:-70:-65:-60:-55:-50:-45:-40:-35:-30:-25:-20:-15:-10:-5:0:5:10:15:20:25:30:35:40:45:50:55:60:65:70:75:80:85:90:95:100:105:110:115:120,,,,43.40368294804609,-99.74355491155023,46.83680277886299,-94.8139277511259,+proj=laea +lat_0=38 +lon_0=-98 +units=m +a=6370997.0 +ellps=sphere ,192.0,192.0,384000.0,384000.0,-49.44577407836914,-29.993223190307607,0.0
R19043019347429,ir069/2019/SEVIR_IR069_RANDOMEVENTS_2019_0101_0430.h5,636,ir069,2019-04-30 19:34:00,-120:-115:-110:-105:-100:-95:-90:-85:-80:-75:-70:-65:-60:-55:-50:-45:-40:-35:-30:-25:-20:-15:-10:-5:0:5:10:15:20:25:30:35:40:45:50:55:60:65:70:75:80:85:90:95:100:105:110:115:120,,,,28.00904948255429,-96.96491650414282,31.360512596704112,-92.88677509831872,+proj=laea +lat_0=38 +lon_0=-98 +units=m +a=6370997.0 +ellps=sphere ,192.0,192.0,384000.0,384000.0,-57.5004768371582,-24.63838577270508,0.0
R19040421017336,ir069/2019/SEVIR_IR069_RANDOMEVENTS_2019_0101_0430.h5,645,ir069,2019-04-04 20:59:00,-120:-115:-110:-105:-100:-95:-90:-85:-80:-75:-70:-65:-60:-55:-50:-45:-40:-35:-30:-25:-20:-15:-10:-5:0:5:10:15:20:25:30:35:40:45:50:55:60:65:70:75:80:85:90:95:100:105:110:115:120,,,,25.4553225942314,-100.04960885461252,28.92862803991581,-96.1868140817065,+proj=laea +lat_0=38 +lon_0=-98 +units=m +a=6370997.0 +ellps=sphere ,192.0,192.0,384000.0,384000.0,-49.42722702026367,-18.92169570922852,0.0
R19040421017461,ir069/2019/SEVIR_IR069_RANDOMEVENTS_2019_0101_0430.h5,649,ir069,2019-04-04 20:59:00,-120:-115:-110:-105:-100:-95:-90:-85:-80:-75:-70:-65:-60:-55:-50:-45:-40:-35:-30:-25:-20:-15:-10:-5:0:5:10:15:20:25:30:35:40:45:50:55:60:65:70:75:80:85:90:95:100:105:110:115:120,,,,29.11617694635889,-91.37319364426683,32.24350430091835,-87.03911953047111,+proj=laea +lat_0=38 +lon_0=-98 +units=m +a=6370997.0 +ellps=sphere ,192.0,192.0,384000.0,384000.0,-73.6718978881836,-22.6352653503418,0.0
R19042706098064,ir069/2019/SEVIR_IR069_RANDOMEVENTS_2019_0101_0430.h5,726,ir069,2019-04-27 06:09:00,-120:-115:-110:-105:-100:-95:-90:-85:-80:-75:-70:-65:-60:-55:-50:-45:-40:-35:-30:-25:-20:-15:-10:-5:0:5:10:15:20:25:30:35:40:45:50:55:60:65:70:75:80:85:90:95:100:105:110:115:120,,,,45.46785553621131,-115.12983871114382,49.452407981316654,-111.04948930410616,+proj=laea +lat_0=38 +lon_0=-98 +units=m +a=6370997.0 +ellps=sphere ,192.0,192.0,384000.0,384000.0,-47.73481369018555,-25.240711212158203,0.0
R19042706098065,ir069/2019/SEVIR_IR069_RANDOMEVENTS_2019_0101_0430.h5,731,ir069,2019-04-27 06:09:00,-120:-115:-110:-105:-100:-95:-90:-85:-80:-75:-70:-65:-60:-55:-50:-45:-40:-35:-30:-25:-20:-15:-10:-5:0:5:10:15:20:25:30:35:40:45:50:55:60:65:70:75:80:85:90:95:100:105:110:115:120,,,,39.51617172275232,-98.94420859470694,42.91879730470552,-94.28096898691516,+proj=laea +lat_0=38 +lon_0=-98 +units=m +a=6370997.0 +ellps=sphere ,192.0,192.0,384000.0,384000.0,-69.11773681640625,-27.67287254333496,0.0
R19012121117387,ir069/2019/SEVIR_IR069_RANDOMEVENTS_2019_0101_0430.h5,802,ir069,2019-01-21 21:10:00,-120:-115:-110:-105:-100:-95:-90:-85:-80:-75:-70:-65:-60:-55:-50:-45:-40:-35:-30:-25:-20:-15:-10:-5:0:5:10:15:20:25:30:35:40:45:50:55:60:65:70:75:80:85:90:95:100:105:110:115:120,,,,33.29567545222764,-119.78838952998991,37.375047358644366,-116.4806543790007,+proj=laea +lat_0=38 +lon_0=-98 +units=m +a=6370997.0 +ellps=sphere ,192.0,192.0,384000.0,384000.0,-47.40205001831055,-13.627154350280762,0.0
R19011212047357,ir069/2019/SEVIR_IR069_RANDOMEVENTS_2019_0101_0430.h5,823,ir069,2019-01-12 12:00:00,-120:-115:-110:-105:-100:-95:-90:-85:-80:-75:-70:-65:-60:-55:-50:-45:-40:-35:-30:-25:-20:-15:-10:-5:0:5:10:15:20:25:30:35:40:45:50:55:60:65:70:75:80:85:90:95:100:105:110:115:120,,,,31.186805602763748,-118.70681587686327,35.23510602206423,-115.3978456118002,+proj=laea +lat_0=38 +lon_0=-98 +units=m +a=6370997.0 +ellps=sphere ,192.0,192.0,384000.0,384000.0,-54.89408493041992,-23.12711334228516,0.0
R19011212047357,ir069/2019/SEVIR_IR069_RANDOMEVENTS_2019_0101_0430.h5,824,ir069,2019-01-12 12:00:00,-120:-115:-110:-105:-100:-95:-90:-85:-80:-75:-70:-65:-60:-55:-50:-45:-40:-35:-30:-25:-20:-15:-10:-5:0:5:10:15:20:25:30:35:40:45:50:55:60:65:70:75:80:85:90:95:100:105:110:115:120,,,,32.25515310989739,-119.93506648943932,36.3368074108672,-116.6590068721608,+proj=laea +lat_0=38 +lon_0=-98 +units=m +a=6370997.0 +ellps=sphere ,192.0,192.0,384000.0,384000.0,-54.45068359375,-23.345199584960927,0.0
R19022713547618,ir069/2019/SEVIR_IR069_RANDOMEVENTS_2019_0101_0430.h5,922,ir069,2019-02-27 13:50:00,-120:-115:-110:-105:-100:-95:-90:-85:-80:-75:-70:-65:-60:-55:-50:-45:-40:-35:-30:-25:-20:-15:-10:-5:0:5:10:15:20:25:30:35:40:45:50:55:60:65:70:75:80:85:90:95:100:105:110:115:120,,,,38.89511696391785,-118.03738714091271,42.94027725762675,-114.46438521409962,+proj=laea +lat_0=38 +lon_0=-98 +units=m +a=6370997.0 +ellps=sphere ,192.0,192.0,384000.0,384000.0,-63.61060333251953,-22.69040489196777,0.0
R19042118288661,ir069/2019/SEVIR_IR069_RANDOMEVENTS_2019_0101_0430.h5,971,ir069,2019-04-21 18:24:00,-120:-115:-110:-105:-100:-95:-90:-85:-80:-75:-70:-65:-60:-55:-50:-45:-40:-35:-30:-25:-20:-15:-10:-5:0:5:10:15:20:25:30:35:40:45:50:55:60:65:70:75:80:85:90:95:100:105:110:115:120,,,,45.70074806870965,-95.22425781626956,48.94261873261365,-89.80512238956885,+proj=laea +lat_0=38 +lon_0=-98 +units=m +a=6370997.0 +ellps=sphere ,192.0,192.0,384000.0,384000.0,-59.21854019165039,-31.251474380493164,0.0
R19041412407696,ir069/2019/SEVIR_IR069_RANDOMEVENTS_2019_0101_0430.h5,976,ir069,2019-04-14 12:39:00,-120:-115:-110:-105:-100:-95:-90:-85:-80:-75:-70:-65:-60:-55:-50:-45:-40:-35:-30:-25:-20:-15:-10:-5:0:5:10:15:20:25:30:35:40:45:50:55:60:65:70:75:80:85:90:95:100:105:110:115:120,,,,33.42576451853789,-91.19800009538606,36.526446606771614,-86.60215178902314,+proj=laea +lat_0=38 +lon_0=-98 +units=m +a=6370997.0 +ellps=sphere ,192.0,192.0,384000.0,384000.0,-49.71564865112305,-7.668407917022705,0.0
R19041412407976,ir069/2019/SEVIR_IR069_RANDOMEVENTS_2019_0101_0430.h5,979,ir069,2019-04-14 12:39:00,-120:-115:-110:-105:-100:-95:-90:-85:-80:-75:-70:-65:-60:-55:-50:-45:-40:-35:-30:-25:-20:-15:-10:-5:0:5:10:15:20:25:30:35:40:45:50:55:60:65:70:75:80:85:90:95:100:105:110:115:120,,,,37.79398495375273,-83.81058741983306,40.54067067811476,-78.5810084780004,+proj=laea +lat_0=38 +lon_0=-98 +units=m +a=6370997.0 +ellps=sphere ,192.0,192.0,384000.0,384000.0,-60.84453964233398,-29.66011619567871,0.0
R19031708507874,ir069/2019/SEVIR_IR069_RANDOMEVENTS_2019_0101_0430.h5,992,ir069,2019-03-17 08:50:00,-120:-115:-110:-105:-100:-95:-90:-85:-80:-75:-70:-65:-60:-55:-50:-45:-40:-35:-30:-25:-20:-15:-10:-5:0:5:10:15:20:25:30:35:40:45:50:55:60:65:70:75:80:85:90:95:100:105:110:115:120,,,,36.691788875069705,-98.98691932990502,40.099117896428815,-94.51936897961583,+proj=laea +lat_0=38 +lon_0=-98 +units=m +a=6370997.0 +ellps=sphere ,192.0,192.0,384000.0,384000.0,-36.150047302246094,-23.465877532958984,0.0
R19040205597500,ir069/2019/SEVIR_IR069_RANDOMEVENTS_2019_0101_0430.h5,1037,ir069,2019-04-02 05:55:00,-120:-115:-110:-105:-100:-95:-90:-85:-80:-75:-70:-65:-60:-55:-50:-45:-40:-35:-30:-25:-20:-15:-10:-5:0:5:10:15:20:25:30:35:40:45:50:55:60:65:70:75:80:85:90:95:100:105:110:115:120,,,,43.11517949515022,-124.99370724143678,47.353761164482144,-121.73163794700542,+proj=laea +lat_0=38 +lon_0=-98 +units=m +a=6370997.0 +ellps=sphere ,192.0,192.0,384000.0,384000.0,-58.99219131469727,-38.3854866027832,0.031305360685941
R19040205597656,ir069/2019/SEVIR_IR069_RANDOMEVENTS_2019_0101_0430.h5,1038,ir069,2019-04-02 05:55:00,-120:-115:-110:-105:-100:-95:-90:-85:-80:-75:-70:-65:-60:-55:-50:-45:-40:-35:-30:-25:-20:-15:-10:-5:0:5:10:15:20:25:30:35:40:45:50:55:60:65:70:75:80:85:90:95:100:105:110:115:120,,,,32.99165436168645,-87.6993045362253,35.94366306799908,-82.99437110481719,+proj=laea +lat_0=38 +lon_0=-98 +units=m +a=6370997.0 +ellps=sphere ,192.0,192.0,384000.0,384000.0,-57.69707107543945,-21.55940818786621,0.0
R19021507058415,ir069/2019/SEVIR_IR069_RANDOMEVENTS_2019_0101_0430.h5,1082,ir069,2019-02-15 07:05:00,-120:-115:-110:-105:-100:-95:-90:-85:-80:-75:-70:-65:-60:-55:-50:-45:-40:-35:-30:-25:-20:-15:-10:-5:0:5:10:15:20:25:30:35:40:45:50:55:60:65:70:75:80:85:90:95:100:105:110:115:120,,,,47.0337264121796,-109.27677358196276,50.83271889809002,-104.65978186500222,+proj=laea +lat_0=38 +lon_0=-98 +units=m +a=6370997.0 +ellps=sphere ,192.0,192.0,384000.0,384000.0,-60.444297790527344,-30.536333084106445,0.0
R19041412407658,ir069/2019/SEVIR_IR069_RANDOMEVENTS_2019_0101_0430.h5,1097,ir069,2019-04-14 12:39:00,-120:-115:-110:-105:-100:-95:-90:-85:-80:-75:-70:-65:-60:-55:-50:-45:-40:-35:-30:-25:-20:-15:-10:-5:0:5:10:15:20:25:30:35:40:45:50:55:60:65:70:75:80:85:90:95:100:105:110:115:120,,,,33.37747698937782,-84.25636543933621,36.17244669129156,-79.39316929025713,+proj=laea +lat_0=38 +lon_0=-98 +units=m +a=6370997.0 +ellps=sphere ,192.0,192.0,384000.0,384000.0,-67.63188171386719,-22.110408782958984,0.0
R19042917578674,ir069/2019/SEVIR_IR069_RANDOMEVENTS_2019_0101_0430.h5,1102,ir069,2019-04-29 17:54:00,-120:-115:-110:-105:-100:-95:-90:-85:-80:-75:-70:-65:-60:-55:-50:-45:-40:-35:-30:-25:-20:-15:-10:-5:0:5:10:15:20:25:30:35:40:45:50:55:60:65:70:75:80:85:90:95:100:105:110:115:120,,,,45.64945081380346,-93.98029960961108,48.83632129070715,-88.49285450573808,+proj=laea +lat_0=38 +lon_0=-98 +units=m +a=6370997.0 +ellps=sphere ,192.0,192.0,384000.0,384000.0,-47.7845344543457,-25.12712287902832,0.0
R19041001227237,ir069/2019/SEVIR_IR069_RANDOMEVENTS_2019_0101_0430.h5,1148,ir069,2019-04-10 01:19:00,-120:-115:-110:-105:-100:-95:-90:-85:-80:-75:-70:-65:-60:-55:-50:-45:-40:-35:-30:-25:-20:-15:-10:-5:0:5:10:15:20:25:30:35:40:45:50:55:60:65:70:75:80:85:90:95:100:105:110:115:120,,,,25.9774216570258,-83.33059865725055,28.782804046299272,-78.89853979090208,+proj=laea +lat_0=38 +lon_0=-98 +units=m +a=6370997.0 +ellps=sphere ,192.0,192.0,384000.0,384000.0,-57.60783767700195,-26.18428421020508,0.0
R19041509407625,ir069/2019/SEVIR_IR069_RANDOMEVENTS_2019_0101_0430.h5,1159,ir069,2019-04-15 09:39:00,-120:-115:-110:-105:-100:-95:-90:-85:-80:-75:-70:-65:-60:-55:-50:-45:-40:-35:-30:-25:-20:-15:-10:-5:0:5:10:15:20:25:30:35:40:45:50:55:60:65:70:75:80:85:90:95:100:105:110:115:120,,,,32.3052060727947,-89.79253006919237,35.35127884201824,-85.21308056898063,+proj=laea +lat_0=38 +lon_0=-98 +units=m +a=6370997.0 +ellps=sphere ,192.0,192.0,384000.0,384000.0,-33.043880462646484,-10.860419273376465,0.0
R19041509408475,ir069/2019/SEVIR_IR069_RANDOMEVENTS_2019_0101_0430.h5,1163,ir069,2019-04-15 09:39:00,-120:-115:-110:-105:-100:-95:-90:-85:-80:-75:-70:-65:-60:-55:-50:-45:-40:-35:-30:-25:-20:-15:-10:-5:0:5:10:15:20:25:30:35:40:45:50:55:60:65:70:75:80:85:90:95:100:105:110:115:120,,,,43.852328510971184,-74.07327291787523,46.04803774956986,-67.79361667814008,+proj=laea +lat_0=38 +lon_0=-98 +units=m +a=6370997.0 +ellps=sphere ,192.0,192.0,384000.0,384000.0,-59.59005355834961,-21.320650100708008,0.0
R19041509408069,ir069/2019/SEVIR_IR069_RANDOMEVENTS_2019_0101_0430.h5,1166,ir069,2019-04-15 09:39:00,-120:-115:-110:-105:-100:-95:-90:-85:-80:-75:-70:-65:-60:-55:-50:-45:-40:-35:-30:-25:-20:-15:-10:-5:0:5:10:15:20:25:30:35:40:45:50:55:60:65:70:75:80:85:90:95:100:105:110:115:120,,,,39.729217521552265,-75.7353573671327,42.05438400320035,-69.99147243900083,+proj=laea +lat_0=38 +lon_0=-98 +units=m +a=6370997.0 +ellps=sphere ,192.0,192.0,384000.0,384000.0,-64.99836730957031,-14.501160621643065,0.0
R19011815117077,ir069/2019/SEVIR_IR069_RANDOMEVENTS_2019_0101_0430.h5,1186,ir069,2019-01-18 15:10:00,-120:-115:-110:-105:-100:-95:-90:-85:-80:-75:-70:-65:-60:-55:-50:-45:-40:-35:-30:-25:-20:-15:-10:-5:0:5:10:15:20:25:30:35:40:45:50:55:60:65:70:75:80:85:90:95:100:105:110:115:120,,,,22.27749515429766,-83.24606382075518,25.109055415387463,-79.00016939660776,+proj=laea +lat_0=38 +lon_0=-98 +units=m +a=6370997.0 +ellps=sphere ,192.0,192.0,384000.0,384000.0,-29.89082717895508,-16.71506690979004,0.0
R19011316597881,ir069/2019/SEVIR_IR069_RANDOMEVENTS_2019_0101_0430.h5,1194,ir069,2019-01-13 16:55:00,-120:-115:-110:-105:-100:-95:-90:-85:-80:-75:-70:-65:-60:-55:-50:-45:-40:-35:-30:-25:-20:-15:-10:-5:0:5:10:15:20:25:30:35:40:45:50:55:60:65:70:75:80:85:90:95:100:105:110:115:120,,,,37.328985161932906,-77.5591269158425,39.77012220439337,-72.11879487172956,+proj=laea +lat_0=38 +lon_0=-98 +units=m +a=6370997.0 +ellps=sphere ,192.0,192.0,384000.0,384000.0,-56.9132194519043,-24.637922286987305,0.0
R19041506128118,ir069/2019/SEVIR_IR069_RANDOMEVENTS_2019_0101_0430.h5,1202,ir069,2019-04-15 06:09:00,-120:-115:-110:-105:-100:-95:-90:-85:-80:-75:-70:-65:-60:-55:-50:-45:-40:-35:-30:-25:-20:-15:-10:-5:0:5:10:15:20:25:30:35:40:45:50:55:60:65:70:75:80:85:90:95:100:105:110:115:120,,,,39.860996377218704,-78.94746970353054,42.35261819168472,-73.32107890170106,+proj=laea +lat_0=38 +lon_0=-98 +units=m +a=6370997.0 +ellps=sphere ,192.0,192.0,384000.0,384000.0,-65.17565155029297,-15.8104248046875,0.0092690396471088
R19041506128115,ir069/2019/SEVIR_IR069_RANDOMEVENTS_2019_0101_0430.h5,1206,ir069,2019-04-15 06:09:00,-120:-115:-110:-105:-100:-95:-90:-85:-80:-75:-70:-65:-60:-55:-50:-45:-40:-35:-30:-25:-20:-15:-10:-5:0:5:10:15:20:25:30:35:40:45:50:55:60:65:70:75:80:85:90:95:100:105:110:115:120,,,,39.90409718414245,-78.31808580104118,42.3629804297054,-72.66122493874144,+proj=laea +lat_0=38 +lon_0=-98 +units=m +a=6370997.0 +ellps=sphere ,192.0,192.0,384000.0,384000.0,-65.51673126220703,-15.84418773651123,0.0110040435445011
R19041405198050,ir069/2019/SEVIR_IR069_RANDOMEVENTS_2019_0101_0430.h5,1328,ir069,2019-04-14 05:19:00,-120:-115:-110:-105:-100:-95:-90:-85:-80:-75:-70:-65:-60:-55:-50:-45:-40:-35:-30:-25:-20:-15:-10:-5:0:5:10:15:20:25:30:35:40:45:50:55:60:65:70:75:80:85:90:95:100:105:110:115:120,,,,39.43235565945052,-76.40345007554795,41.7954583026068,-70.71634956347316,+proj=laea +lat_0=38 +lon_0=-98 +units=m +a=6370997.0 +ellps=sphere ,192.0,192.0,384000.0,384000.0,-56.23953247070313,-24.720443725585927,0.057026488981009
R19041405197684,ir069/2019/SEVIR_IR069_RANDOMEVENTS_2019_0101_0430.h5,1331,ir069,2019-04-14 05:19:00,-120:-115:-110:-105:-100:-95:-90:-85:-80:-75:-70:-65:-60:-55:-50:-45:-40:-35:-30:-25:-20:-15:-10:-5:0:5:10:15:20:25:30:35:40:45:50:55:60:65:70:75:80:85:90:95:100:105:110:115:120,,,,33.20352129494909,-91.72229834384144,36.327142768148505,-87.16175572808834,+proj=laea +lat_0=38 +lon_0=-98 +units=m +a=6370997.0 +ellps=sphere ,192.0,192.0,384000.0,384000.0,-76.00460052490234,-12.430975914001465,0.0016956978103741
R19030513207361,ir069/2019/SEVIR_IR069_RANDOMEVENTS_2019_0101_0430.h5,1363,ir069,2019-03-05 13:20:00,-120:-115:-110:-105:-100:-95:-90:-85:-80:-75:-70:-65:-60:-55:-50:-45:-40:-35:-30:-25:-20:-15:-10:-5:0:5:10:15:20:25:30:35:40:45:50:55:60:65:70:75:80:85:90:95:100:105:110:115:120,,,,33.77342004658554,-121.32506057817608,37.892933612787616,-118.0831809290019,+proj=laea +lat_0=38 +lon_0=-98 +units=m +a=6370997.0 +ellps=sphere ,192.0,192.0,384000.0,384000.0,-66.15769195556639,-30.419328689575195,0.0
R19021906157524,ir069/2019/SEVIR_IR069_RANDOMEVENTS_2019_0101_0430.h5,1395,ir069,2019-02-19 06:15:00,-120:-115:-110:-105:-100:-95:-90:-85:-80:-75:-70:-65:-60:-55:-50:-45:-40:-35:-30:-25:-20:-15:-10:-5:0:5:10:15:20:25:30:35:40:45:50:55:60:65:70:75:80:85:90:95:100:105:110:115:120,,,,30.17828400267095,-94.5012216451299,33.4266941779224,-90.22490120831992,+proj=laea +lat_0=38 +lon_0=-98 +units=m +a=6370997.0 +ellps=sphere ,192.0,192.0,384000.0,384000.0,-67.89706420898439,-20.80712127685547,0.0
R19030616157461,ir069/2019/SEVIR_IR069_RANDOMEVENTS_2019_0101_0430.h5,1424,ir069,2019-03-06 16:15:00,-120:-115:-110:-105:-100:-95:-90:-85:-80:-75:-70:-65:-60:-55:-50:-45:-40:-35:-30:-25:-20:-15:-10:-5:0:5:10:15:20:25:30:35:40:45:50:55:60:65:70:75:80:85:90:95:100:105:110:115:120,,,,33.756847249466766,-117.0856010063824,37.764349409970734,-113.6318432511736,+proj=laea +lat_0=38 +lon_0=-98 +units=m +a=6370997.0 +ellps=sphere ,192.0,192.0,384000.0,384000.0,-65.02590179443361,-23.873388290405277,0.0
R19030616157359,ir069/2019/SEVIR_IR069_RANDOMEVENTS_2019_0101_0430.h5,1426,ir069,2019-03-06 16:15:00,-120:-115:-110:-105:-100:-95:-90:-85:-80:-75:-70:-65:-60:-55:-50:-45:-40:-35:-30:-25:-20:-15:-10:-5:0:5:10:15:20:25:30:35:40:45:50:55:60:65:70:75:80:85:90:95:100:105:110:115:120,,,,32.87968223722587,-120.5118566330489,36.97706371735913,-117.24955797302243,+proj=laea +lat_0=38 +lon_0=-98 +units=m +a=6370997.0 +ellps=sphere ,192.0,192.0,384000.0,384000.0,-63.409446716308594,-19.70501518249512,0.0
R19032903147880,ir069/2019/SEVIR_IR069_RANDOMEVENTS_2019_0101_0430.h5,1442,ir069,2019-03-29 03:10:00,-120:-115:-110:-105:-100:-95:-90:-85:-80:-75:-70:-65:-60:-55:-50:-45:-40:-35:-30:-25:-20:-15:-10:-5:0:5:10:15:20:25:30:35:40:45:50:55:60:65:70:75:80:85:90:95:100:105:110:115:120,,,,36.276421237904174,-92.2729015718126,39.41189291332343,-87.5278535657341,+proj=laea +lat_0=38 +lon_0=-98 +units=m +a=6370997.0 +ellps=sphere ,192.0,192.0,384000.0,384000.0,-69.96588134765625,-29.850934982299805,0.0
R19021706427665,ir069/2019/SEVIR_IR069_RANDOMEVENTS_2019_0101_0430.h5,1504,ir069,2019-02-17 06:40:00,-120:-115:-110:-105:-100:-95:-90:-85:-80:-75:-70:-65:-60:-55:-50:-45:-40:-35:-30:-25:-20:-15:-10:-5:0:5:10:15:20:25:30:35:40:45:50:55:60:65:70:75:80:85:90:95:100:105:110:115:120,,,,33.00921638295757,-89.19696134003347,36.02637249497715,-84.54899725395805,+proj=laea +lat_0=38 +lon_0=-98 +units=m +a=6370997.0 +ellps=sphere ,192.0,192.0,384000.0,384000.0,-49.97826766967773,-25.40482711791992,0.0
R19040404457949,ir069/2019/SEVIR_IR069_RANDOMEVENTS_2019_0101_0430.h5,1527,ir069,2019-04-04 04:44:00,-120:-115:-110:-105:-100:-95:-90:-85:-80:-75:-70:-65:-60:-55:-50:-45:-40:-35:-30:-25:-20:-15:-10:-5:0:5:10:15:20:25:30:35:40:45:50:55:60:65:70:75:80:85:90:95:100:105:110:115:120,,,,37.78305056592188,-98.51205678384436,41.17041665828878,-93.94961936572244,+proj=laea +lat_0=38 +lon_0=-98 +units=m +a=6370997.0 +ellps=sphere ,192.0,192.0,384000.0,384000.0,-63.37810897827149,-28.7484188079834,0.0204081632653061
R19030515397431,ir069/2019/SEVIR_IR069_RANDOMEVENTS_2019_0101_0430.h5,1543,ir069,2019-03-05 15:35:00,-120:-115:-110:-105:-100:-95:-90:-85:-80:-75:-70:-65:-60:-55:-50:-45:-40:-35:-30:-25:-20:-15:-10:-5:0:5:10:15:20:25:30:35:40:45:50:55:60:65:70:75:80:85:90:95:100:105:110:115:120,,,,30.05226090822964,-111.92468403861064,33.90797326299955,-108.34883740997364,+proj=laea +lat_0=38 +lon_0=-98 +units=m +a=6370997.0 +ellps=sphere ,192.0,192.0,384000.0,384000.0,-49.57940673828125,-21.613903045654297,0.0
R19043015108115,ir069/2019/SEVIR_IR069_RANDOMEVENTS_2019_0101_0430.h5,1548,ir069,2019-04-30 15:09:00,-120:-115:-110:-105:-100:-95:-90:-85:-80:-75:-70:-65:-60:-55:-50:-45:-40:-35:-30:-25:-20:-15:-10:-5:0:5:10:15:20:25:30:35:40:45:50:55:60:65:70:75:80:85:90:95:100:105:110:115:120,,,,39.499589556126864,-93.07878378074288,42.659849797284906,-88.12378798173245,+proj=laea +lat_0=38 +lon_0=-98 +units=m +a=6370997.0 +ellps=sphere ,192.0,192.0,384000.0,384000.0,-72.0976791381836,-31.60854911804199,0.0
R19043015108157,ir069/2019/SEVIR_IR069_RANDOMEVENTS_2019_0101_0430.h5,1549,ir069,2019-04-30 15:09:00,-120:-115:-110:-105:-100:-95:-90:-85:-80:-75:-70:-65:-60:-55:-50:-45:-40:-35:-30:-25:-20:-15:-10:-5:0:5:10:15:20:25:30:35:40:45:50:55:60:65:70:75:80:85:90:95:100:105:110:115:120,,,,39.8402346049898,-86.87149242622128,42.72049953072913,-81.59397547614583,+proj=laea +lat_0=38 +lon_0=-98 +units=m +a=6370997.0 +ellps=sphere ,192.0,192.0,384000.0,384000.0,-62.48899459838867,-29.35822677612305,0.0
R19040702367621,ir069/2019/SEVIR_IR069_RANDOMEVENTS_2019_0101_0430.h5,1555,ir069,2019-04-07 02:34:00,-120:-115:-110:-105:-100:-95:-90:-85:-80:-75:-70:-65:-60:-55:-50:-45:-40:-35:-30:-25:-20:-15:-10:-5:0:5:10:15:20:25:30:35:40:45:50:55:60:65:70:75:80:85:90:95:100:105:110:115:120,,,,32.25143962742409,-89.55204622849098,35.287507970941355,-84.96675054087142,+proj=laea +lat_0=38 +lon_0=-98 +units=m +a=6370997.0 +ellps=sphere ,192.0,192.0,384000.0,384000.0,-74.16815948486328,-27.538949966430664,0.0
R19031812277278,ir069/2019/SEVIR_IR069_RANDOMEVENTS_2019_0101_0430.h5,1585,ir069,2019-03-18 12:25:00,-120:-115:-110:-105:-100:-95:-90:-85:-80:-75:-70:-65:-60:-55:-50:-45:-40:-35:-30:-25:-20:-15:-10:-5:0:5:10:15:20:25:30:35:40:45:50:55:60:65:70:75:80:85:90:95:100:105:110:115:120,,,,23.90785314478175,-98.2343118443025,27.322172822190797,-94.37057147509104,+proj=laea +lat_0=38 +lon_0=-98 +units=m +a=6370997.0 +ellps=sphere ,192.0,192.0,384000.0,384000.0,-61.6051025390625,-27.863983154296875,0.0
R19032411157879,ir069/2019/SEVIR_IR069_RANDOMEVENTS_2019_0101_0430.h5,1593,ir069,2019-03-24 11:15:00,-120:-115:-110:-105:-100:-95:-90:-85:-80:-75:-70:-65:-60:-55:-50:-45:-40:-35:-30:-25:-20:-15:-10:-5:0:5:10:15:20:25:30:35:40:45:50:55:60:65:70:75:80:85:90:95:100:105:110:115:120,,,,36.25482403467807,-91.8495691019406,39.37234024677824,-87.08752741983206,+proj=laea +lat_0=38 +lon_0=-98 +units=m +a=6370997.0 +ellps=sphere ,192.0,192.0,384000.0,384000.0,-53.34574890136719,-28.660552978515625,0.0
R19032411157815,ir069/2019/SEVIR_IR069_RANDOMEVENTS_2019_0101_0430.h5,1595,ir069,2019-03-24 11:15:00,-120:-115:-110:-105:-100:-95:-90:-85:-80:-75:-70:-65:-60:-55:-50:-45:-40:-35:-30:-25:-20:-15:-10:-5:0:5:10:15:20:25:30:35:40:45:50:55:60:65:70:75:80:85:90:95:100:105:110:115:120,,,,35.3243454052928,-90.16346326825804,38.372881460898576,-85.3960383042172,+proj=laea +lat_0=38 +lon_0=-98 +units=m +a=6370997.0 +ellps=sphere ,192.0,192.0,384000.0,384000.0,-57.16570663452149,-29.66709327697754,0.0
R19042618207962,ir069/2019/SEVIR_IR069_RANDOMEVENTS_2019_0101_0430.h5,1639,ir069,2019-04-26 18:19:00,-120:-115:-110:-105:-100:-95:-90:-85:-80:-75:-70:-65:-60:-55:-50:-45:-40:-35:-30:-25:-20:-15:-10:-5:0:5:10:15:20:25:30:35:40:45:50:55:60:65:70:75:80:85:90:95:100:105:110:115:120,,,,37.54281967586453,-84.9992861246738,40.34728640626111,-79.84133324771494,+proj=laea +lat_0=38 +lon_0=-98 +units=m +a=6370997.0 +ellps=sphere ,192.0,192.0,384000.0,384000.0,-50.829322814941406,-14.779799461364744,0.0
R19042618208143,ir069/2019/SEVIR_IR069_RANDOMEVENTS_2019_0101_0430.h5,1640,ir069,2019-04-26 18:19:00,-120:-115:-110:-105:-100:-95:-90:-85:-80:-75:-70:-65:-60:-55:-50:-45:-40:-35:-30:-25:-20:-15:-10:-5:0:5:10:15:20:25:30:35:40:45:50:55:60:65:70:75:80:85:90:95:100:105:110:115:120,,,,40.58528980908575,-75.22169787535594,42.87516419985122,-69.36761658465724,+proj=laea +lat_0=38 +lon_0=-98 +units=m +a=6370997.0 +ellps=sphere ,192.0,192.0,384000.0,384000.0,-59.95465850830078,-22.01306533813477,0.0
R19042618207918,ir069/2019/SEVIR_IR069_RANDOMEVENTS_2019_0101_0430.h5,1641,ir069,2019-04-26 18:19:00,-120:-115:-110:-105:-100:-95:-90:-85:-80:-75:-70:-65:-60:-55:-50:-45:-40:-35:-30:-25:-20:-15:-10:-5:0:5:10:15:20:25:30:35:40:45:50:55:60:65:70:75:80:85:90:95:100:105:110:115:120,,,,37.396509900297495,-80.42076353243054,39.981020088934656,-75.08700059702176,+proj=laea +lat_0=38 +lon_0=-98 +units=m +a=6370997.0 +ellps=sphere ,192.0,192.0,384000.0,384000.0,-62.02831649780274,-15.18980884552002,0.0
R19032407368193,ir069/2019/SEVIR_IR069_RANDOMEVENTS_2019_0101_0430.h5,1658,ir069,2019-03-24 07:35:00,-120:-115:-110:-105:-100:-95:-90:-85:-80:-75:-70:-65:-60:-55:-50:-45:-40:-35:-30:-25:-20:-15:-10:-5:0:5:10:15:20:25:30:35:40:45:50:55:60:65:70:75:80:85:90:95:100:105:110:115:120,,,,40.55249242614007,-94.0459834624132,43.75174759636624,-89.05128611883283,+proj=laea +lat_0=38 +lon_0=-98 +units=m +a=6370997.0 +ellps=sphere ,192.0,192.0,384000.0,384000.0,-58.56933975219727,-26.616981506347656,0.0
R19042600597801,ir069/2019/SEVIR_IR069_RANDOMEVENTS_2019_0101_0430.h5,1672,ir069,2019-04-26 00:59:00,-120:-115:-110:-105:-100:-95:-90:-85:-80:-75:-70:-65:-60:-55:-50:-45:-40:-35:-30:-25:-20:-15:-10:-5:0:5:10:15:20:25:30:35:40:45:50:55:60:65:70:75:80:85:90:95:100:105:110:115:120,,,,35.341110020834456,-85.61655219282522,38.1867009610794,-80.6610650177579,+proj=laea +lat_0=38 +lon_0=-98 +units=m +a=6370997.0 +ellps=sphere ,192.0,192.0,384000.0,384000.0,-58.307106018066406,-26.46368789672852,0.0
R19021903197650,ir069/2019/SEVIR_IR069_RANDOMEVENTS_2019_0101_0430.h5,1702,ir069,2019-02-19 03:15:00,-120:-115:-110:-105:-100:-95:-90:-85:-80:-75:-70:-65:-60:-55:-50:-45:-40:-35:-30:-25:-20:-15:-10:-5:0:5:10:15:20:25:30:35:40:45:50:55:60:65:70:75:80:85:90:95:100:105:110:115:120,,,,33.62915427895249,-81.64363075745999,36.30037248198007,-76.66414790276119,+proj=laea +lat_0=38 +lon_0=-98 +units=m +a=6370997.0 +ellps=sphere ,192.0,192.0,384000.0,384000.0,-58.99275970458984,-22.27349281311035,0.0
R19040623217924,ir069/2019/SEVIR_IR069_RANDOMEVENTS_2019_0101_0430.h5,1728,ir069,2019-04-06 23:19:00,-120:-115:-110:-105:-100:-95:-90:-85:-80:-75:-70:-65:-60:-55:-50:-45:-40:-35:-30:-25:-20:-15:-10:-5:0:5:10:15:20:25:30:35:40:45:50:55:60:65:70:75:80:85:90:95:100:105:110:115:120,,,,37.36123782010701,-98.23760563274617,40.73836032672575,-93.6904885000029,+proj=laea +lat_0=38 +lon_0=-98 +units=m +a=6370997.0 +ellps=sphere ,192.0,192.0,384000.0,384000.0,-61.22587203979492,-23.43617820739746,0.0
R19040623218191,ir069/2019/SEVIR_IR069_RANDOMEVENTS_2019_0101_0430.h5,1729,ir069,2019-04-06 23:19:00,-120:-115:-110:-105:-100:-95:-90:-85:-80:-75:-70:-65:-60:-55:-50:-45:-40:-35:-30:-25:-20:-15:-10:-5:0:5:10:15:20:25:30:35:40:45:50:55:60:65:70:75:80:85:90:95:100:105:110:115:120,,,,46.20402216234522,-113.31064096503356,50.13484350165654,-109.05022338784777,+proj=laea +lat_0=38 +lon_0=-98 +units=m +a=6370997.0 +ellps=sphere ,192.0,192.0,384000.0,384000.0,-59.43366622924805,-29.467025756835927,0.0
R19040623217577,ir069/2019/SEVIR_IR069_RANDOMEVENTS_2019_0101_0430.h5,1731,ir069,2019-04-06 23:19:00,-120:-115:-110:-105:-100:-95:-90:-85:-80:-75:-70:-65:-60:-55:-50:-45:-40:-35:-30:-25:-20:-15:-10:-5:0:5:10:15:20:25:30:35:40:45:50:55:60:65:70:75:80:85:90:95:100:105:110:115:120,,,,31.208629769275337,-94.90281717536828,34.46915869259504,-90.58611089532816,+proj=laea +lat_0=38 +lon_0=-98 +units=m +a=6370997.0 +ellps=sphere ,192.0,192.0,384000.0,384000.0,-72.060791015625,-26.40754699707031,0.0
R19040623217483,ir069/2019/SEVIR_IR069_RANDOMEVENTS_2019_0101_0430.h5,1734,ir069,2019-04-06 23:19:00,-120:-115:-110:-105:-100:-95:-90:-85:-80:-75:-70:-65:-60:-55:-50:-45:-40:-35:-30:-25:-20:-15:-10:-5:0:5:10:15:20:25:30:35:40:45:50:55:60:65:70:75:80:85:90:95:100:105:110:115:120,,,,29.222710904901284,-98.26713750422572,32.618921496774426,-94.1803208663298,+proj=laea +lat_0=38 +lon_0=-98 +units=m +a=6370997.0 +ellps=sphere ,192.0,192.0,384000.0,384000.0,-72.96627044677734,-18.81645774841309,0.0
R19040818137722,ir069/2019/SEVIR_IR069_RANDOMEVENTS_2019_0101_0430.h5,1768,ir069,2019-04-08 18:09:00,-120:-115:-110:-105:-100:-95:-90:-85:-80:-75:-70:-65:-60:-55:-50:-45:-40:-35:-30:-25:-20:-15:-10:-5:0:5:10:15:20:25:30:35:40:45:50:55:60:65:70:75:80:85:90:95:100:105:110:115:120,,,,33.94261251133671,-89.0218378843354,36.94770965340329,-84.30428616105104,+proj=laea +lat_0=38 +lon_0=-98 +units=m +a=6370997.0 +ellps=sphere ,192.0,192.0,384000.0,384000.0,-63.15335464477539,-22.146018981933597,0.0
R19040818138514,ir069/2019/SEVIR_IR069_RANDOMEVENTS_2019_0101_0430.h5,1769,ir069,2019-04-08 18:09:00,-120:-115:-110:-105:-100:-95:-90:-85:-80:-75:-70:-65:-60:-55:-50:-45:-40:-35:-30:-25:-20:-15:-10:-5:0:5:10:15:20:25:30:35:40:45:50:55:60:65:70:75:80:85:90:95:100:105:110:115:120,,,,44.61052353613607,-70.78254932173256,46.61109829493125,-64.26867999694726,+proj=laea +lat_0=38 +lon_0=-98 +units=m +a=6370997.0 +ellps=sphere ,192.0,192.0,384000.0,384000.0,-57.00315475463867,-30.09945106506348,0.0
R19032420117565,ir069/2019/SEVIR_IR069_RANDOMEVENTS_2019_0101_0430.h5,1775,ir069,2019-03-24 20:10:00,-120:-115:-110:-105:-100:-95:-90:-85:-80:-75:-70:-65:-60:-55:-50:-45:-40:-35:-30:-25:-20:-15:-10:-5:0:5:10:15:20:25:30:35:40:45:50:55:60:65:70:75:80:85:90:95:100:105:110:115:120,,,,32.050940120478394,-106.3539609371467,35.72859698839755,-102.4660017046706,+proj=laea +lat_0=38 +lon_0=-98 +units=m +a=6370997.0 +ellps=sphere ,192.0,192.0,384000.0,384000.0,-50.97794723510742,-13.827591896057127,0.0
R19042820427565,ir069/2019/SEVIR_IR069_RANDOMEVENTS_2019_0101_0430.h5,1791,ir069,2019-04-28 20:39:00,-120:-115:-110:-105:-100:-95:-90:-85:-80:-75:-70:-65:-60:-55:-50:-45:-40:-35:-30:-25:-20:-15:-10:-5:0:5:10:15:20:25:30:35:40:45:50:55:60:65:70:75:80:85:90:95:100:105:110:115:120,,,,31.323140734265884,-102.27943934642558,34.86069832478313,-98.25198741161394,+proj=laea +lat_0=38 +lon_0=-98 +units=m +a=6370997.0 +ellps=sphere ,192.0,192.0,384000.0,384000.0,-50.84543228149414,-21.00801658630371,0.0
R19042820427732,ir069/2019/SEVIR_IR069_RANDOMEVENTS_2019_0101_0430.h5,1793,ir069,2019-04-28 20:39:00,-120:-115:-110:-105:-100:-95:-90:-85:-80:-75:-70:-65:-60:-55:-50:-45:-40:-35:-30:-25:-20:-15:-10:-5:0:5:10:15:20:25:30:35:40:45:50:55:60:65:70:75:80:85:90:95:100:105:110:115:120,,,,37.07293704670585,-110.41589307562244,40.885943419201006,-106.49607680825052,+proj=laea +lat_0=38 +lon_0=-98 +units=m +a=6370997.0 +ellps=sphere ,192.0,192.0,384000.0,384000.0,-59.81484222412109,-19.660497665405277,0.0
R19042820427815,ir069/2019/SEVIR_IR069_RANDOMEVENTS_2019_0101_0430.h5,1797,ir069,2019-04-28 20:39:00,-120:-115:-110:-105:-100:-95:-90:-85:-80:-75:-70:-65:-60:-55:-50:-45:-40:-35:-30:-25:-20:-15:-10:-5:0:5:10:15:20:25:30:35:40:45:50:55:60:65:70:75:80:85:90:95:100:105:110:115:120,,,,37.13287464151354,-106.01143910411724,40.79851410889725,-101.8614280565693,+proj=laea +lat_0=38 +lon_0=-98 +units=m +a=6370997.0 +ellps=sphere ,192.0,192.0,384000.0,384000.0,-73.46000671386719,-17.486644744873047,0.0
R19041123167525,ir069/2019/SEVIR_IR069_RANDOMEVENTS_2019_0101_0430.h5,1857,ir069,2019-04-11 23:14:00,-120:-115:-110:-105:-100:-95:-90:-85:-80:-75:-70:-65:-60:-55:-50:-45:-40:-35:-30:-25:-20:-15:-10:-5:0:5:10:15:20:25:30:35:40:45:50:55:60:65:70:75:80:85:90:95:100:105:110:115:120,,,,30.758693608613616,-104.77578687099148,34.384145220395695,-100.87607572144309,+proj=laea +lat_0=38 +lon_0=-98 +units=m +a=6370997.0 +ellps=sphere ,192.0,192.0,384000.0,384000.0,-50.32430267333984,-16.498664855957028,0.0
R19041123168697,ir069/2019/SEVIR_IR069_RANDOMEVENTS_2019_0101_0430.h5,1858,ir069,2019-04-11 23:14:00,-120:-115:-110:-105:-100:-95:-90:-85:-80:-75:-70:-65:-60:-55:-50:-45:-40:-35:-30:-25:-20:-15:-10:-5:0:5:10:15:20:25:30:35:40:45:50:55:60:65:70:75:80:85:90:95:100:105:110:115:120,,,,45.5680340693131,-91.3899953945695,48.6373616793711,-85.7616252544116,+proj=laea +lat_0=38 +lon_0=-98 +units=m +a=6370997.0 +ellps=sphere ,192.0,192.0,384000.0,384000.0,-66.17693328857422,-24.92919731140137,0.0
R19043015328091,ir069/2019/SEVIR_IR069_RANDOMEVENTS_2019_0101_0430.h5,1880,ir069,2019-04-30 15:29:00,-120:-115:-110:-105:-100:-95:-90:-85:-80:-75:-70:-65:-60:-55:-50:-45:-40:-35:-30:-25:-20:-15:-10:-5:0:5:10:15:20:25:30:35:40:45:50:55:60:65:70:75:80:85:90:95:100:105:110:115:120,,,,39.050624279891245,-87.7336133335278,41.97452938462142,-82.56586689065033,+proj=laea +lat_0=38 +lon_0=-98 +units=m +a=6370997.0 +ellps=sphere ,192.0,192.0,384000.0,384000.0,-60.92268371582031,-29.90700721740723,0.0
R19043015327914,ir069/2019/SEVIR_IR069_RANDOMEVENTS_2019_0101_0430.h5,1881,ir069,2019-04-30 15:29:00,-120:-115:-110:-105:-100:-95:-90:-85:-80:-75:-70:-65:-60:-55:-50:-45:-40:-35:-30:-25:-20:-15:-10:-5:0:5:10:15:20:25:30:35:40:45:50:55:60:65:70:75:80:85:90:95:100:105:110:115:120,,,,37.008659772403256,-96.3894801904876,40.31268319627058,-91.77911476672573,+proj=laea +lat_0=38 +lon_0=-98 +units=m +a=6370997.0 +ellps=sphere ,192.0,192.0,384000.0,384000.0,-74.06209564208984,-28.84401512145996,0.0
R19032013277317,ir069/2019/SEVIR_IR069_RANDOMEVENTS_2019_0101_0430.h5,1892,ir069,2019-03-20 13:25:00,-120:-115:-110:-105:-100:-95:-90:-85:-80:-75:-70:-65:-60:-55:-50:-45:-40:-35:-30:-25:-20:-15:-10:-5:0:5:10:15:20:25:30:35:40:45:50:55:60:65:70:75:80:85:90:95:100:105:110:115:120,,,,32.696125911557886,-122.09939260236668,36.83304466759246,-118.91902324705596,+proj=laea +lat_0=38 +lon_0=-98 +units=m +a=6370997.0 +ellps=sphere ,192.0,192.0,384000.0,384000.0,-47.49892425537109,-27.587343215942383,0.0005967881944444
R19042802327827,ir069/2019/SEVIR_IR069_RANDOMEVENTS_2019_0101_0430.h5,1902,ir069,2019-04-28 02:29:00,-120:-115:-110:-105:-100:-95:-90:-85:-80:-75:-70:-65:-60:-55:-50:-45:-40:-35:-30:-25:-20:-15:-10:-5:0:5:10:15:20:25:30:35:40:45:50:55:60:65:70:75:80:85:90:95:100:105:110:115:120,,,,35.83411719047896,-84.22233765414184,38.61218743009526,-79.17241160677328,+proj=laea +lat_0=38 +lon_0=-98 +units=m +a=6370997.0 +ellps=sphere ,192.0,192.0,384000.0,384000.0,-61.51727676391602,-22.62763786315918,0.0
R19031121407622,ir069/2019/SEVIR_IR069_RANDOMEVENTS_2019_0101_0430.h5,1903,ir069,2019-03-11 21:40:00,-120:-115:-110:-105:-100:-95:-90:-85:-80:-75:-70:-65:-60:-55:-50:-45:-40:-35:-30:-25:-20:-15:-10:-5:0:5:10:15:20:25:30:35:40:45:50:55:60:65:70:75:80:85:90:95:100:105:110:115:120,,,,32.29558151304021,-89.1844073520376,35.31568538904509,-84.58219937177418,+proj=laea +lat_0=38 +lon_0=-98 +units=m +a=6370997.0 +ellps=sphere ,192.0,192.0,384000.0,384000.0,-59.46174621582031,-21.456758499145508,0.0
R19040219207791,ir069/2019/SEVIR_IR069_RANDOMEVENTS_2019_0101_0430.h5,1917,ir069,2019-04-02 19:19:00,-120:-115:-110:-105:-100:-95:-90:-85:-80:-75:-70:-65:-60:-55:-50:-45:-40:-35:-30:-25:-20:-15:-10:-5:0:5:10:15:20:25:30:35:40:45:50:55:60:65:70:75:80:85:90:95:100:105:110:115:120,,,,35.845009653617225,-79.96337980564344,38.41857908218721,-74.74519033950386,+proj=laea +lat_0=38 +lon_0=-98 +units=m +a=6370997.0 +ellps=sphere ,192.0,192.0,384000.0,384000.0,-61.6911735534668,-24.520761489868164,0.0
R19041123168211,ir069/2019/SEVIR_IR069_RANDOMEVENTS_2019_0101_0430.h5,1944,ir069,2019-04-11 23:14:00,-120:-115:-110:-105:-100:-95:-90:-85:-80:-75:-70:-65:-60:-55:-50:-45:-40:-35:-30:-25:-20:-15:-10:-5:0:5:10:15:20:25:30:35:40:45:50:55:60:65:70:75:80:85:90:95:100:105:110:115:120,,,,40.59789421330788,-91.89545533604704,43.70355829397458,-86.78931222392667,+proj=laea +lat_0=38 +lon_0=-98 +units=m +a=6370997.0 +ellps=sphere ,192.0,192.0,384000.0,384000.0,-58.31935119628906,-17.876497268676758,0.0
R19011917457834,ir069/2019/SEVIR_IR069_RANDOMEVENTS_2019_0101_0430.h5,1982,ir069,2019-01-19 17:45:00,-120:-115:-110:-105:-100:-95:-90:-85:-80:-75:-70:-65:-60:-55:-50:-45:-40:-35:-30:-25:-20:-15:-10:-5:0:5:10:15:20:25:30:35:40:45:50:55:60:65:70:75:80:85:90:95:100:105:110:115:120,,,,35.59022580806685,-92.23445579102274,38.72642022242676,-87.53629838388143,+proj=laea +lat_0=38 +lon_0=-98 +units=m +a=6370997.0 +ellps=sphere ,192.0,192.0,384000.0,384000.0,-57.48337936401367,-20.43703842163086,0.0
R19020108147677,ir069/2019/SEVIR_IR069_RANDOMEVENTS_2019_0101_0430.h5,1990,ir069,2019-02-01 08:10:00,-120:-115:-110:-105:-100:-95:-90:-85:-80:-75:-70:-65:-60:-55:-50:-45:-40:-35:-30:-25:-20:-15:-10:-5:0:5:10:15:20:25:30:35:40:45:50:55:60:65:70:75:80:85:90:95:100:105:110:115:120,,,,33.06224782447092,-93.9780349125238,36.279346045926594,-89.5174116611542,+proj=laea +lat_0=38 +lon_0=-98 +units=m +a=6370997.0 +ellps=sphere ,192.0,192.0,384000.0,384000.0,-53.97909545898438,-15.549728393554688,0.0
R19040611407581,ir069/2019/SEVIR_IR069_RANDOMEVENTS_2019_0101_0430.h5,1997,ir069,2019-04-06 11:39:00,-120:-115:-110:-105:-100:-95:-90:-85:-80:-75:-70:-65:-60:-55:-50:-45:-40:-35:-30:-25:-20:-15:-10:-5:0:5:10:15:20:25:30:35:40:45:50:55:60:65:70:75:80:85:90:95:100:105:110:115:120,,,,45.61177952067308,-125.20550464326368,49.86766768451394,-121.87979549330636,+proj=laea +lat_0=38 +lon_0=-98 +units=m +a=6370997.0 +ellps=sphere ,192.0,192.0,384000.0,384000.0,-56.03028106689453,-31.57965660095215,0.0
R18121913497666,vis/2018/SEVIR_VIS_RANDOMEVENTS_2018_1211_1220.h5,5,vis,2018-12-19 13:45:00,-120:-115:-110:-105:-100:-95:-90:-85:-80:-75:-70:-65:-60:-55:-50:-45:-40:-35:-30:-25:-20:-15:-10:-5:0:5:10:15:20:25:30:35:40:45:50:55:60:65:70:75:80:85:90:95:100:105:110:115:120,,,,32.8947759661972,-95.74204778420746,36.18308422495335,-91.36348891029822,+proj=laea +lat_0=38 +lon_0=-98 +units=m +a=6370997.0 +ellps=sphere ,768.0,768.0,384000.0,384000.0,-0.0030496150720864,0.9097054600715636,0.0
R18121722007404,vis/2018/SEVIR_VIS_RANDOMEVENTS_2018_1211_1220.h5,155,vis,2018-12-17 22:00:00,-120:-115:-110:-105:-100:-95:-90:-85:-80:-75:-70:-65:-60:-55:-50:-45:-40:-35:-30:-25:-20:-15:-10:-5:0:5:10:15:20:25:30:35:40:45:50:55:60:65:70:75:80:85:90:95:100:105:110:115:120,,,,30.93673430279809,-115.66658057624826,34.901752188418705,-112.22673623436395,+proj=laea +lat_0=38 +lon_0=-98 +units=m +a=6370997.0 +ellps=sphere ,768.0,768.0,384000.0,384000.0,0.0109025137498974,0.8148907423019409,0.0
S836644,vis/2019/SEVIR_VIS_STORMEVENTS_2019_0601_0630.h5,21,vis,2019-06-18 19:11:00,-122:-117:-112:-107:-102:-97:-92:-87:-82:-77:-72:-67:-62:-57:-52:-47:-42:-37:-32:-27:-22:-17:-12:-7:-2:3:8:13:18:23:28:33:38:43:48:53:58:63:68:73:78:83:88:93:98:103:108:113:118,136669.0,836644.0,Thunderstorm Wind,35.62012170662646,-81.87316348817116,38.28816693802877,-76.74741464228138,+proj=laea +lat_0=38 +lon_0=-98 +units=m +a=6370997.0 +ellps=sphere ,768.0,768.0,384000.0,384000.0,0.0222447887063026,1.167360782623291,0.0
S854814,vis/2019/SEVIR_VIS_STORMEVENTS_2019_0601_0630.h5,23,vis,2019-06-24 23:00:00,-122:-117:-112:-107:-102:-97:-92:-87:-82:-77:-72:-67:-62:-57:-52:-47:-42:-37:-32:-27:-22:-17:-12:-7:-2:3:8:13:18:23:28:33:38:43:48:53:58:63:68:73:78:83:88:93:98:103:108:113:118,142205.0,854814.0,Thunderstorm Wind,24.67736062776893,-100.02522906457024,28.152585689702303,-96.19096920124716,+proj=laea +lat_0=38 +lon_0=-98 +units=m +a=6370997.0 +ellps=sphere ,768.0,768.0,384000.0,384000.0,0.0040993466973304,0.9635045528411864,0.0
